# Blender 5.0.1
# www.blender.org
mtllib Keyper.mtl
o Keyp
v 2.416130 0.889943 0.941074
v 2.416130 0.943771 0.918778
v 2.416130 0.867647 0.994902
v 2.416130 0.997599 0.941074
v 2.420800 0.894889 0.959724
v 2.426170 0.894889 0.994902
v 2.420750 0.894889 1.030410
v 2.427750 0.912241 0.963371
v 2.427750 0.912088 0.963741
v 2.427750 0.957206 0.974278
v 2.427750 0.943771 0.950311
v 2.416130 0.889943 1.048730
v 2.427750 0.912241 1.026430
v 2.427750 0.975302 0.963371
v 2.427750 0.976508 0.966283
v 2.427110 0.977996 0.965666
v 2.420760 0.998787 0.974278
v 2.416130 1.019900 0.994902
v 2.420760 1.007330 0.994902
v 2.420710 0.998787 1.015860
v 2.416130 0.997599 1.048730
v 2.427060 0.977996 1.024470
v 2.416130 0.943771 1.071030
v 2.427750 0.943771 1.039490
v 2.427750 0.957206 1.015860
v 2.427750 0.975302 1.026430
v 2.427750 0.976390 1.023810
v 2.416130 0.997599 0.941074
v 2.398560 1.009080 0.929590
v 2.398560 1.036140 0.994902
v 2.416130 1.019900 0.994902
v 2.416130 0.997599 1.048730
v 2.398560 1.009080 1.060210
v 2.416130 0.889943 1.048730
v 2.398560 0.878460 1.060210
v 2.398560 0.943771 1.087270
v 2.416130 0.997599 1.048730
v 2.398560 1.009080 1.060210
v 2.416130 0.943771 1.071030
v 0.648667 0.865854 1.072820
v 0.625474 0.943771 1.079860
v 0.625474 0.883699 1.054970
v 0.648667 0.943771 1.105090
v 0.648667 1.021690 1.072820
v 0.625474 0.858816 0.994902
v 0.648667 0.833580 0.994902
v 0.648667 0.865854 0.916985
v 0.617859 0.894888 1.030410
v 0.625474 1.003840 1.054970
v 0.648667 1.053960 0.994902
v 0.612816 0.943771 1.044350
v 0.612816 0.978734 1.029860
v 0.612816 0.908809 1.029860
v 0.612816 0.907788 1.027400
v 0.612816 0.957205 1.015860
v 0.612816 0.977996 1.024470
v 0.612816 0.981583 1.022990
v 0.617897 0.998787 1.015860
v 0.625474 1.028730 0.994902
v 0.617847 1.007330 0.994902
v 0.617847 0.998787 0.974278
v 0.625474 1.003840 0.934830
v 0.648667 1.021690 0.916985
v 0.612816 0.978734 0.959939
v 0.612816 0.981750 0.967221
v 0.612816 0.977996 0.965666
v 0.612816 0.957205 0.974278
v 0.625474 0.943771 0.909947
v 0.648667 0.943771 0.884711
v 0.612816 0.943771 0.945457
v 0.612816 0.908809 0.959939
v 0.612816 0.907662 0.962708
v 0.617810 0.894888 0.959724
v 0.625474 0.883699 0.934830
v 0.612816 0.894888 0.993546
v 0.612816 0.894327 0.994902
v 0.612816 0.894888 0.996258
v 2.416130 0.889943 0.941074
v 2.398560 0.878460 0.929590
v 2.398560 0.851407 0.994902
v 2.416130 0.867647 0.994902
v 2.416130 0.889943 1.048730
v 2.398560 0.878460 1.060210
v 2.398560 0.943771 0.902537
v 2.416130 0.889943 0.941074
v 2.398560 0.878460 0.929590
v 2.416130 0.943771 0.918778
v 2.416130 0.997599 0.941074
v 2.398560 1.009080 0.929590
v 3.755960 0.110190 0.884567
v 3.645960 -0.009810 1.103530
v 3.645960 -0.009810 0.884567
v 3.755960 0.110190 1.103530
v 3.477580 0.537554 0.901192
v 3.477580 0.015392 1.086900
v 3.477580 0.015392 0.901192
v 3.477580 0.537554 1.086900
v 3.555960 0.410190 0.884567
v 3.755960 0.110190 1.103530
v 3.755960 0.110190 0.884567
v 3.555960 0.410190 1.103530
v 3.585960 0.650190 0.884567
v 3.585960 0.650190 1.103530
v 3.535960 0.700190 0.884567
v 3.535960 0.700190 1.103530
v 3.585960 0.650190 0.884567
v 3.585960 0.650190 1.103530
v 2.550020 0.269940 1.082740
v 2.550020 0.269940 0.905357
v 2.640020 0.359940 0.905357
v 2.640020 0.359940 1.082740
v 2.686610 0.509940 0.905357
v 2.686610 0.509940 1.082740
v 2.640020 0.359940 0.905357
v 2.447170 1.026380 0.913015
v 2.447170 0.945348 0.902369
v 2.447170 0.945348 0.879449
v 2.447170 0.864314 0.913015
v 2.447170 1.010170 0.929222
v 2.447170 0.880520 0.929222
v 2.447170 1.059950 0.994048
v 2.447170 0.830748 0.994048
v 2.447170 1.037030 0.994048
v 2.447170 0.853668 0.994048
v 2.447170 1.010170 1.058880
v 2.447170 0.880520 1.058880
v 2.447170 1.026380 1.075080
v 2.447170 0.945348 1.085730
v 2.447170 0.945348 1.108650
v 2.447170 0.864314 1.075080
v 2.447170 0.945348 1.085730
v 2.447170 0.945348 1.108650
v -1.283540 0.346306 0.949099
v -1.283540 0.346306 1.039000
v -1.283540 0.210009 1.039000
v -1.283540 0.210009 0.949099
v 2.795960 0.040190 1.057280
v 2.795960 0.040190 0.930815
v 2.609700 0.438924 0.930815
v 2.609700 0.438924 1.057280
v 2.795960 0.040190 0.930815
v 2.592750 0.418320 0.907797
v 2.773430 0.048010 0.907797
v 2.795960 0.040190 1.057280
v 2.592750 0.418320 1.080300
v 2.773430 0.048010 1.080300
v 2.208740 0.568836 0.902273
v 2.208740 0.568836 1.094610
v 2.068610 0.354108 0.902273
v 2.068610 0.354108 0.902273
v 2.208740 0.568836 1.094610
v 2.068610 0.354108 1.094610
v 1.652690 1.179840 0.985349
v 1.662990 1.136100 0.975046
v 1.673330 1.136100 1.000000
v 1.658750 1.179840 1.000000
v 1.652690 1.179840 1.014650
v 1.662990 1.136100 1.024950
v 2.055060 0.385311 0.930815
v 2.055060 0.385311 1.057280
v 2.115060 0.145311 0.930815
v 2.115060 0.145311 1.057280
v 2.315060 -0.064689 1.057280
v 2.315060 -0.064689 0.930815
v 1.823110 0.143234 0.888080
v 1.975900 0.430889 0.888080
v 1.823110 0.143234 1.109210
v 1.975900 0.430889 1.109210
v 2.136350 0.185337 0.905357
v 2.095180 0.353129 0.905357
v 2.136350 0.185337 1.082740
v 2.095180 0.353129 1.082740
v 1.902360 0.914367 0.917039
v 1.902360 0.914367 1.082960
v 1.902360 0.666419 0.917039
v 1.902360 0.666419 1.082960
v 1.902360 0.914367 0.917039
v 1.902360 1.045930 1.000000
v 1.902360 0.914367 1.082960
v 1.902360 1.017460 1.068730
v 1.902360 0.948731 1.097200
v 1.902360 1.017460 0.931273
v 1.902360 0.948731 0.902804
v 2.698540 0.314116 0.901192
v 2.791030 0.454840 0.901192
v 2.698540 0.314116 1.086900
v 2.827510 0.147333 1.086900
v 2.827510 0.147333 0.901192
v 2.791030 0.454840 1.086900
v 1.293790 0.412119 1.094610
v 1.413790 0.226201 0.902273
v 1.293790 0.412119 0.902273
v 1.413790 0.226201 1.094610
v 1.333790 0.457119 0.902273
v 1.333790 0.457119 1.094610
v 1.652690 0.965288 1.241810
v 1.662990 0.975591 1.198080
v 1.673330 0.950636 1.198080
v 1.658750 0.950636 1.241810
v 1.652690 0.935985 1.241810
v 1.662990 0.925681 1.198080
v 1.652690 0.935985 0.758191
v 1.662990 0.925681 0.801926
v 1.673330 0.950636 0.801926
v 1.658750 0.950636 0.758191
v 1.652690 0.965288 0.758191
v 1.662990 0.975591 0.801926
v 2.039540 0.568836 0.902273
v 2.039540 0.568836 1.094610
v 2.009540 0.676226 0.902273
v 2.009540 0.676226 1.094610
v 1.887750 0.530889 1.109210
v 1.975900 0.430889 0.888080
v 1.887750 0.530889 0.888080
v 1.975900 0.430889 1.109210
v 1.672970 0.915705 0.937608
v 1.672970 0.915705 0.875120
v 1.687430 0.950636 0.937608
v 1.687430 0.950636 0.875120
v 1.672970 0.985567 0.937608
v 1.672970 0.985567 0.875120
v 1.672970 0.985567 1.062390
v 1.672970 0.985567 1.124880
v 1.687430 0.950636 1.062390
v 1.687430 0.950636 1.124880
v 1.672970 0.915705 1.062390
v 1.672970 0.915705 1.124880
v 1.264420 0.768940 0.902273
v 1.264420 0.768940 1.094610
v 1.304420 0.676226 1.094610
v 1.304420 0.676226 0.902273
v 2.096390 0.135038 0.907797
v 2.115060 0.145311 0.930815
v 2.055060 0.385311 0.930815
v 2.030130 0.400100 0.907797
v 2.096390 0.135038 1.080300
v 2.115060 0.145311 1.057280
v 2.055060 0.385311 1.057280
v 2.030130 0.400100 1.080300
v 1.672970 1.000420 0.965069
v 1.672970 1.062910 0.965069
v 1.687430 1.000420 1.000000
v 1.687430 1.062910 1.000000
v 1.672970 1.000420 1.034930
v 1.672970 1.062910 1.034930
v 1.687630 1.118020 0.950409
v 1.687630 1.062910 0.950409
v 1.708170 1.062910 1.000000
v 1.708170 1.118020 1.000000
v 1.687630 1.118020 1.049590
v 1.687630 1.062910 1.049590
v 0.837923 0.668939 1.094610
v 0.837923 0.668939 0.902273
v 0.746536 0.525942 1.094610
v 0.746536 0.525942 0.902273
v 1.438290 0.646225 0.902273
v 1.437710 0.585607 1.094610
v 1.437710 0.585607 0.902273
v 1.438290 0.646225 1.094610
v 1.464940 1.045930 1.000000
v 1.464940 0.914367 0.917039
v 1.464940 1.017460 0.931273
v 1.464940 0.948731 0.902804
v 1.464940 0.914367 1.082960
v 1.464940 1.017460 1.068730
v 1.464940 0.948731 1.097200
v 1.464940 0.666419 0.917039
v 1.464940 0.914367 1.082960
v 1.464940 0.666419 1.082960
v 1.464940 0.914367 0.917039
v 1.416440 0.676226 0.902273
v 1.438290 0.646225 1.094610
v 1.438290 0.646225 0.902273
v 1.416440 0.676226 1.094610
v 1.687630 0.901045 0.820006
v 1.687630 0.901045 0.875120
v 1.708170 0.950636 0.820006
v 1.708170 0.950636 0.875120
v 1.687630 1.000230 0.820006
v 1.687630 1.000230 0.875120
v 1.687630 1.000230 1.179990
v 1.687630 1.000230 1.124880
v 1.708170 0.950636 1.179990
v 1.708170 0.950636 1.124880
v 1.687630 0.901045 1.179990
v 1.687630 0.901045 1.124880
v 1.873110 0.450614 1.094610
v 1.873110 0.450614 0.902273
v 1.835800 0.501743 0.902273
v 1.835800 0.501743 1.094610
v 0.833279 0.368563 1.094610
v 0.833279 0.368563 0.902273
v 0.746536 0.525942 1.094610
v 0.746536 0.525942 0.902273
v -1.516500 0.346306 1.039000
v -1.516500 0.112558 1.039000
v -1.516500 0.346306 0.949099
v -1.516500 0.112558 0.949099
v -1.050580 0.185358 0.949099
v -1.050580 0.508706 0.949099
v -1.050580 0.508706 1.039000
v -1.050580 0.185358 1.039000
v -1.756010 0.626953 1.046760
v -1.726020 0.640129 1.059930
v -1.726020 0.667418 0.994052
v -1.756010 0.648784 0.994052
v -1.756010 0.626953 0.941347
v -1.726020 0.640129 0.928171
v -0.472682 0.629149 0.939152
v -0.444627 0.659654 0.994052
v -0.444627 0.634639 0.933662
v -0.472682 0.651890 0.994052
v -0.472682 0.629149 1.048950
v -0.444627 0.634639 1.054440
v 3.477580 0.537554 0.901192
v 3.358980 0.651357 0.901192
v 3.477580 0.537554 1.086900
v 3.358980 0.651357 1.086900
v 2.609700 0.438924 0.930815
v 2.609700 0.438924 1.057280
v 2.270030 0.438924 0.930815
v 2.270030 0.438924 1.057280
v 2.447170 1.026380 0.913015
v 2.387170 1.035380 0.904010
v 2.387170 1.072680 0.994048
v 2.447170 1.059950 0.994048
v 2.447170 1.026380 1.075080
v 2.387170 1.035380 1.084090
v 0.647166 1.041850 1.090550
v 0.717166 1.065970 1.114670
v 0.717166 1.115930 0.994048
v 0.647166 1.081820 0.994048
v 0.647166 1.041850 0.897551
v 0.717166 1.065970 0.873425
v 2.237170 1.051460 0.994048
v 2.157170 1.077980 0.994048
v 2.237170 1.020380 1.069080
v 2.237170 1.020380 0.919017
v 2.157170 1.039140 1.087840
v 2.157170 1.039140 0.900259
v 1.638030 1.179840 0.979280
v 1.617310 1.179840 1.000000
v 1.652690 1.179840 0.985349
v 1.623380 1.179840 0.985349
v 1.652690 1.179840 1.014650
v 1.658750 1.179840 1.000000
v 1.638030 1.179840 1.020720
v 1.623380 1.179840 1.014650
v 2.315060 -0.064689 1.057280
v 2.315060 -0.064689 0.930815
v 2.375060 -0.064689 1.057280
v 2.375060 -0.064689 0.930815
v 1.613080 1.136100 0.975046
v 1.588940 1.136100 1.000000
v 1.602740 1.136100 1.000000
v 1.613080 1.136100 1.024950
v 1.603320 1.136100 0.965286
v 1.603320 1.136100 1.034710
v 1.638030 1.136100 0.964709
v 1.638030 1.136100 1.035290
v 1.638030 1.136100 0.950907
v 1.638030 1.136100 1.049090
v 1.672750 1.136100 0.965286
v 1.672750 1.136100 1.034710
v 1.662990 1.136100 0.975046
v 1.662990 1.136100 1.024950
v 1.687130 1.136100 1.000000
v 1.673330 1.136100 1.000000
v 1.027170 1.045870 0.893529
v 1.077170 1.057030 0.882361
v 1.077170 1.103300 0.994048
v 1.027170 1.087500 0.994048
v 1.027170 1.045870 1.094570
v 1.077170 1.057030 1.105740
v 1.687630 1.118020 0.950409
v 1.638030 1.118020 0.929868
v 1.638030 1.136100 0.950907
v 1.672750 1.136100 0.965286
v 1.603320 1.136100 0.965286
v 1.708170 1.118020 1.000000
v 1.588440 1.118020 0.950409
v 1.687130 1.136100 1.000000
v 1.567900 1.118020 1.000000
v 1.687630 1.118020 1.049590
v 1.588940 1.136100 1.000000
v 1.672750 1.136100 1.034710
v 1.638030 1.136100 1.049090
v 1.638030 1.118020 1.070130
v 1.588440 1.118020 1.049590
v 1.603320 1.136100 1.034710
v 1.638030 1.118020 1.070130
v 1.638030 1.136100 1.049090
v 1.730660 1.014080 0.925318
v 1.730660 1.042550 0.994048
v 1.767170 1.002620 0.936772
v 1.767170 1.026350 0.994048
v 1.730660 1.042550 0.994048
v 1.767170 1.002620 1.051320
v 1.767170 1.026350 0.994048
v 1.730660 1.014080 1.062780
v 1.497170 1.002620 0.936772
v 1.533670 1.042550 0.994048
v 1.533670 1.014080 0.925318
v 1.497170 1.026350 0.994048
v 1.497170 1.002620 1.051320
v 1.533670 1.042550 0.994048
v 1.497170 1.026350 0.994048
v 1.533670 1.014080 1.062780
v 1.623380 0.965288 1.241810
v 1.613080 0.975591 1.198080
v 1.638030 0.985928 1.198080
v 1.638030 0.971357 1.241810
v 1.652690 0.965288 1.241810
v 1.662990 0.975591 1.198080
v 1.623380 0.965288 0.758191
v 1.613080 0.975591 0.801926
v 1.638030 0.985928 0.801926
v 1.638030 0.971357 0.758191
v 1.652690 0.965288 0.758191
v 1.662990 0.975591 0.801926
v 1.638030 0.985928 0.801926
v 1.638030 0.971357 0.758191
v 2.208740 0.568836 0.902273
v 2.039540 0.568836 0.902273
v 2.208740 0.568836 1.094610
v 2.039540 0.568836 1.094610
v 2.447170 0.880520 0.929222
v 2.356450 0.880520 0.929222
v 2.447170 0.853668 0.994048
v 2.356450 0.853668 0.994048
v 2.447170 0.880520 1.058880
v 2.356450 0.880520 1.058880
v 1.805170 1.017460 0.931273
v 1.902360 1.017460 0.931273
v 1.805170 1.045930 1.000000
v 1.902360 1.045930 1.000000
v 1.805170 1.017460 1.068730
v 1.902360 1.017460 1.068730
v 1.367740 1.017460 0.931273
v 1.464940 1.017460 0.931273
v 1.367740 1.045930 1.000000
v 1.464940 1.045930 1.000000
v 1.367740 1.017460 1.068730
v 1.464940 1.017460 1.068730
v 1.603100 0.985567 0.937608
v 1.638030 1.000040 0.875120
v 1.603100 0.985567 0.875120
v 1.638030 1.000040 0.937608
v 1.672970 0.985567 0.937608
v 1.672970 0.985567 0.875120
v 1.638030 1.000040 0.937608
v 1.638030 1.000040 0.875120
v 1.603100 0.985567 1.062390
v 1.603100 0.985567 1.124880
v 1.638030 1.000040 1.062390
v 1.638030 1.000040 1.124880
v 1.672970 0.985567 1.062390
v 1.672970 0.985567 1.124880
v 0.770142 0.768940 1.094610
v 1.264420 0.768940 0.902273
v 0.770142 0.768940 0.902273
v 1.264420 0.768940 1.094610
v 1.304420 0.676226 1.094610
v 1.304420 0.676226 0.902273
v 1.416440 0.676226 1.094610
v 1.416440 0.676226 0.902273
v 2.565660 0.025165 0.907797
v 2.545060 0.035311 0.930815
v 2.382070 -0.085294 0.907797
v 2.375060 -0.064689 0.930815
v 2.315060 -0.064689 0.930815
v 2.306230 -0.085294 0.907797
v 2.545060 0.035311 1.057280
v 2.565660 0.025165 1.080300
v 2.382070 -0.085294 1.080300
v 2.375060 -0.064689 1.057280
v 2.315060 -0.064689 1.057280
v 2.306230 -0.085294 1.080300
v 1.714880 0.676226 0.902273
v 1.714880 0.676226 1.094610
v 2.009540 0.676226 0.902273
v 2.009540 0.676226 1.094610
v -0.976016 0.640129 0.928171
v -1.726020 0.640129 0.928171
v -0.976016 0.667418 0.994052
v -1.726020 0.667418 0.994052
v -0.976016 0.640129 1.059930
v -1.726020 0.640129 1.059930
v 0.732404 0.634639 0.933662
v -0.444627 0.634639 0.933662
v 0.732404 0.659654 0.994052
v -0.444627 0.659654 0.994052
v 0.732404 0.634639 1.054440
v -0.444627 0.634639 1.054440
v 1.437710 0.585607 1.094610
v 1.437710 0.585607 0.902273
v 1.693610 0.585607 1.094610
v 1.693610 0.585607 0.902273
v -0.472682 0.629149 0.939152
v -0.946016 0.629149 0.939152
v -0.472682 0.651890 0.994052
v -0.946016 0.651890 0.994052
v -0.472682 0.629149 1.048950
v -0.946016 0.629149 1.048950
v 2.924460 0.651357 1.086900
v 3.358980 0.651357 1.086900
v 2.924460 0.651357 0.901192
v 3.358980 0.651357 0.901192
v 2.852040 0.609974 0.901192
v 2.852040 0.609974 1.086900
v 2.676160 0.609974 0.901192
v 2.676160 0.609974 1.086900
v 1.588440 1.000230 0.820006
v 1.638030 1.020770 0.875120
v 1.638030 1.020770 0.820006
v 1.588440 1.000230 0.875120
v 1.687630 1.000230 0.820006
v 1.687630 1.000230 0.875120
v 1.638030 1.020770 0.820006
v 1.638030 1.020770 0.875120
v 1.588440 1.000230 1.179990
v 1.588440 1.000230 1.124880
v 1.638030 1.020770 1.179990
v 1.638030 1.020770 1.124880
v 1.687630 1.000230 1.179990
v 1.687630 1.000230 1.124880
v 1.985960 0.438924 0.930815
v 2.240580 0.438924 0.930815
v 2.079970 0.418320 0.907797
v 1.992890 0.418320 0.907797
v 2.609700 0.438924 0.930815
v 2.312160 0.418320 0.907797
v 2.270030 0.438924 0.930815
v 2.592750 0.418320 0.907797
v 2.609700 0.438924 1.057280
v 2.270030 0.438924 1.057280
v 2.312160 0.418320 1.080300
v 2.592750 0.418320 1.080300
v 2.079970 0.418320 1.080300
v 1.985960 0.438924 1.057280
v 1.992890 0.418320 1.080300
v 2.240580 0.438924 1.057280
v 1.887750 0.530889 0.888080
v 1.300100 0.530889 0.888080
v 1.300100 0.530889 1.109210
v 1.887750 0.530889 1.109210
v 2.037170 1.002620 1.051320
v 1.767170 1.002620 1.051320
v 2.037170 1.026350 0.994048
v 1.767170 1.026350 0.994048
v 2.037170 1.002620 0.936772
v 1.767170 1.002620 0.936772
v 0.673039 0.540201 0.902273
v -0.438894 0.540201 0.902273
v -0.438894 0.540201 1.094610
v 0.673039 0.540201 1.094610
v 0.746536 0.525942 0.902273
v 0.746536 0.525942 1.094610
v 0.673039 0.540201 0.902273
v 0.746536 0.525942 0.902273
v 0.728579 0.526402 0.889601
v 0.673039 0.540201 1.094610
v 0.728579 0.526402 1.107280
v 0.746536 0.525942 1.094610
v 0.771613 0.868149 0.916851
v 0.647166 0.868149 0.916851
v 0.771613 0.836173 0.994048
v 0.647166 0.836173 0.994048
v 0.771613 0.868149 1.071250
v 0.647166 0.868149 1.071250
v 2.347170 1.020380 0.919017
v 2.237170 1.020380 0.919017
v 2.347170 1.051460 0.994048
v 2.237170 1.051460 0.994048
v 2.347170 1.020380 1.069080
v 2.237170 1.020380 1.069080
v 1.714730 0.439911 0.905357
v 2.085610 0.439911 1.082740
v 2.085610 0.439911 0.905357
v 1.714730 0.439911 1.082740
v 1.873110 0.450614 1.094610
v 1.873110 0.450614 0.902273
v 1.835800 0.501743 0.902273
v 1.980430 0.449108 1.094610
v 1.980430 0.449108 0.902273
v 1.835800 0.501743 1.094610
v 1.285590 0.501743 1.094610
v 1.285590 0.501743 0.902273
v 1.167820 0.368563 1.094610
v 1.167820 0.368563 0.902273
v 0.833279 0.368563 1.094610
v 0.833279 0.368563 0.902273
v 1.227170 1.002620 0.936772
v 1.497170 1.002620 0.936772
v 1.227170 1.026350 0.994048
v 1.497170 1.026350 0.994048
v 1.227170 1.002620 1.051320
v 1.497170 1.002620 1.051320
v 1.533670 1.014080 0.925318
v 1.730660 1.014080 0.925318
v 1.533670 1.042550 0.994048
v 1.730660 1.042550 0.994048
v 1.533670 1.014080 1.062780
v 1.730660 1.014080 1.062780
v 2.133160 0.509940 0.905357
v 2.686610 0.509940 1.082740
v 2.686610 0.509940 0.905357
v 2.133160 0.509940 1.082740
v 1.027170 1.045870 1.094570
v 0.777166 1.045870 1.094570
v 0.777166 1.087500 0.994048
v 1.027170 1.087500 0.994048
v 0.777166 1.045870 0.893529
v 1.027170 1.045870 0.893529
v 1.227170 1.002620 0.936772
v 1.077170 1.057030 0.882361
v 1.077170 1.103300 0.994048
v 1.227170 1.026350 0.994048
v 1.227170 1.002620 1.051320
v 1.077170 1.057030 1.105740
v 1.815960 0.310190 1.057280
v 1.815960 0.310190 0.930815
v 1.985960 0.438924 1.057280
v 1.985960 0.438924 0.930815
v 2.240580 0.438924 1.057280
v 2.240580 0.438924 0.930815
v 2.827510 0.147333 0.901192
v 3.220830 0.147333 1.086900
v 3.220830 0.147333 0.901192
v 2.827510 0.147333 1.086900
v 2.037170 1.002620 0.936772
v 2.157170 1.039140 0.900259
v 2.157170 1.077980 0.994048
v 2.037170 1.026350 0.994048
v 2.037170 1.002620 1.051320
v 2.157170 1.039140 1.087840
v 0.717166 1.065970 0.873425
v 0.777166 1.045870 0.893529
v 0.717166 1.115930 0.994048
v 0.777166 1.087500 0.994048
v 0.777166 1.045870 1.094570
v 0.717166 1.065970 1.114670
v 2.387170 1.072680 0.994048
v 2.387170 1.035380 0.904010
v 2.347170 1.020380 0.919017
v 2.347170 1.051460 0.994048
v 2.347170 1.020380 1.069080
v 2.387170 1.035380 1.084090
v 2.375060 -0.064689 0.930815
v 2.545060 0.035311 1.057280
v 2.545060 0.035311 0.930815
v 2.375060 -0.064689 1.057280
v 3.385960 0.630190 1.103530
v 3.385960 0.630190 0.884567
v 3.465960 0.700190 1.103530
v 3.465960 0.700190 0.884567
v 3.535960 0.700190 0.884567
v 3.535960 0.700190 1.103530
v -0.976016 0.667418 0.994052
v -0.946016 0.629149 1.048950
v -0.946016 0.651890 0.994052
v -0.946016 0.629149 0.939152
v -0.976016 0.640129 1.059930
v -0.976016 0.640129 0.928171
v -1.312280 0.542624 0.962430
v -1.756010 0.542624 0.962430
v -1.756010 0.529526 0.994052
v -1.312280 0.529526 0.994053
v -1.756010 0.542624 1.025680
v -1.312280 0.542624 1.025680
v -1.756010 0.574248 1.068590
v -1.726020 0.574248 1.087220
v -1.756010 0.626953 1.046760
v -1.726020 0.640129 1.059930
v -1.756010 0.521542 1.046760
v -1.726020 0.508366 1.059930
v -1.726020 0.574248 1.087220
v -1.756010 0.574248 1.068590
v -0.472682 0.629149 1.048950
v -0.444627 0.634639 1.054440
v -0.444627 0.574248 1.079460
v -0.472682 0.574248 1.071690
v -0.472682 0.519346 1.048950
v -0.444627 0.513856 1.054440
v -0.444627 0.574248 1.079460
v -0.472682 0.574248 1.071690
v -0.438894 0.412119 1.094610
v -0.425332 0.526639 1.107280
v -0.438894 0.540201 1.094610
v -0.425332 0.418029 1.107280
v 3.555960 0.410190 1.103530
v 3.562000 0.641966 1.118500
v 3.532330 0.404610 1.118500
v 3.585960 0.650190 1.103530
v 3.645960 -0.009810 1.103530
v 3.755960 0.110190 1.103530
v 3.727120 0.112415 1.118500
v 3.727120 0.112415 1.118500
v 3.636620 0.013680 1.118500
v 3.645960 -0.009810 1.103530
v 3.477580 0.537554 1.086900
v 3.456700 0.035324 1.100600
v 3.477580 0.015392 1.086900
v 3.456700 0.528651 1.100600
v -0.425332 0.418029 1.107280
v -0.238894 0.226201 1.094610
v -0.233564 0.239763 1.107280
v -0.438894 0.412119 1.094610
v 3.555960 0.410190 1.103530
v 3.727120 0.112415 1.118500
v 3.755960 0.110190 1.103530
v 3.727120 0.112415 1.118500
v 3.555960 0.410190 1.103530
v 3.532330 0.404610 1.118500
v 2.445960 -0.179810 1.057280
v 2.773430 0.048010 1.080300
v 2.438340 -0.159206 1.080300
v 2.447170 0.864314 1.075080
v 2.387170 0.855310 1.084090
v 2.387170 0.945348 1.121380
v 2.447170 0.945348 1.108650
v 2.447170 1.026380 1.075080
v 2.387170 1.035380 1.084090
v 2.387170 0.945348 1.121380
v 2.447170 0.945348 1.108650
v 3.535960 0.700190 1.103530
v 3.562000 0.641966 1.118500
v 3.585960 0.650190 1.103530
v 3.526540 0.677427 1.118500
v 0.647166 0.945348 1.130520
v 0.717166 0.945348 1.164630
v 0.647166 1.041850 1.090550
v 0.717166 1.065970 1.114670
v 0.647166 0.848850 1.090550
v 0.717166 0.824725 1.114670
v 0.717166 0.945348 1.164630
v 0.647166 0.945348 1.130520
v 3.358980 0.651357 1.086900
v 3.456700 0.528651 1.100600
v 3.477580 0.537554 1.086900
v 3.350580 0.630477 1.100600
v 2.542820 0.287322 1.096550
v 2.640020 0.359940 1.082740
v 2.624080 0.368583 1.096550
v 2.550020 0.269940 1.082740
v 2.665170 0.492558 1.096550
v 2.686610 0.509940 1.082740
v 2.795960 0.040190 1.057280
v 2.609700 0.438924 1.057280
v 2.592750 0.418320 1.080300
v 2.237170 1.020380 1.069080
v 2.157170 1.039140 1.087840
v 2.157170 0.945348 1.126690
v 2.237170 0.945348 1.100160
v 2.237170 0.870316 1.069080
v 2.157170 0.851559 1.087840
v 2.157170 0.945348 1.126690
v 2.237170 0.945348 1.100160
v 0.628423 0.540201 1.094610
v 0.778300 0.755377 1.107280
v 0.770142 0.768940 1.094610
v 0.637169 0.526165 1.107280
v 1.613080 1.136100 1.024950
v 1.623380 1.179840 1.014650
v 1.638030 1.136100 1.035290
v 1.638030 1.179840 1.020720
v 1.652690 1.179840 1.014650
v 1.662990 1.136100 1.024950
v 1.638030 1.136100 1.035290
v 1.638030 1.179840 1.020720
v 2.068610 0.354108 1.094610
v 2.208740 0.568836 1.094610
v 2.183700 0.555274 1.107280
v 2.183700 0.555274 1.107280
v 2.061270 0.367670 1.107280
v 2.068610 0.354108 1.094610
v 1.027170 0.844829 1.094570
v 1.077170 0.833660 1.105740
v 1.077170 0.945348 1.152000
v 1.027170 0.945348 1.136200
v 1.027170 1.045870 1.094570
v 1.077170 1.057030 1.105740
v 1.077170 0.945348 1.152000
v 1.027170 0.945348 1.136200
v 1.364740 0.143234 1.109210
v 1.823110 0.143234 1.109210
v 1.812360 0.161108 1.126840
v 1.375480 0.161108 1.126840
v 2.748580 0.015392 1.086900
v 3.477580 0.015392 1.086900
v 3.456700 0.035324 1.100600
v 2.760480 0.035286 1.100600
v 1.823110 0.143234 1.109210
v 1.975900 0.430889 1.109210
v 1.954310 0.428349 1.126840
v 1.823110 0.143234 1.109210
v 1.954310 0.428349 1.126840
v 1.812360 0.161108 1.126840
v 2.039540 0.568836 1.094610
v 2.009540 0.676226 1.094610
v 1.999450 0.662664 1.107280
v 1.999450 0.662664 1.107280
v 2.029450 0.555274 1.107280
v 2.039540 0.568836 1.094610
v 3.645960 -0.009810 1.103530
v 3.387690 0.031460 1.118500
v 3.365960 0.010190 1.103530
v 3.387690 0.031460 1.118500
v 3.645960 -0.009810 1.103530
v 3.636620 0.013680 1.118500
v 2.114180 0.202719 1.096550
v 2.095180 0.353129 1.082740
v 2.073020 0.370511 1.096550
v 2.136350 0.185337 1.082740
v -0.238894 0.226201 1.094610
v 1.413790 0.226201 1.094610
v 1.388890 0.239763 1.107280
v -0.233564 0.239763 1.107280
v 1.791590 0.185337 1.082740
v 2.136350 0.185337 1.082740
v 2.114180 0.202719 1.096550
v 1.793950 0.202719 1.096550
v 1.364740 0.143234 1.109210
v 1.233540 0.428349 1.126840
v 1.211950 0.430889 1.109210
v 1.375480 0.161108 1.126840
v 2.550020 0.269940 1.082740
v 2.345370 0.287322 1.096550
v 2.337970 0.269940 1.082740
v 2.542820 0.287322 1.096550
v 1.178420 0.668939 1.094610
v 1.228420 0.548170 1.094610
v 1.237490 0.561732 1.107280
v 1.237490 0.561732 1.107280
v 1.187490 0.682501 1.107280
v 1.178420 0.668939 1.094610
v 1.870430 0.354108 1.094610
v 2.068610 0.354108 1.094610
v 2.061270 0.367670 1.107280
v 1.870430 0.354108 1.094610
v 2.061270 0.367670 1.107280
v 1.877350 0.367670 1.107280
v 1.730660 0.945348 1.091250
v 1.767170 0.945348 1.075050
v 1.767170 1.002620 1.051320
v 1.730660 1.014080 1.062780
v 2.095180 0.353129 1.082740
v 2.257970 0.353129 1.082740
v 2.265370 0.370511 1.096550
v 2.073020 0.370511 1.096550
v 1.617310 0.950636 1.241810
v 1.638030 0.929916 1.241810
v 1.652690 0.935985 1.241810
v 1.623380 0.935985 1.241810
v 1.652690 0.965288 1.241810
v 1.658750 0.950636 1.241810
v 1.638030 0.971357 1.241810
v 1.623380 0.965288 1.241810
v 1.887750 0.530889 1.109210
v 1.954310 0.428349 1.126840
v 1.975900 0.430889 1.109210
v 1.879680 0.513015 1.126840
v 2.447170 1.010170 0.929222
v 2.356450 1.010170 0.929222
v 2.447170 0.945348 0.902369
v 2.356450 0.945348 0.902369
v 2.447170 0.880520 0.929222
v 2.356450 0.880520 0.929222
v 1.795800 0.457119 1.094610
v 1.327700 0.470681 1.107280
v 1.333790 0.457119 1.094610
v 1.802720 0.470681 1.107280
v 1.687130 0.950636 1.198080
v 1.672750 0.985350 1.198080
v 1.662990 0.975591 1.198080
v 1.673330 0.950636 1.198080
v 1.638030 0.985928 1.198080
v 1.662990 0.925681 1.198080
v 1.638030 0.999729 1.198080
v 1.672750 0.915922 1.198080
v 1.638030 0.901543 1.198080
v 1.638030 0.915345 1.198080
v 1.603320 0.985350 1.198080
v 1.613080 0.975591 1.198080
v 1.588940 0.950636 1.198080
v 1.602740 0.950636 1.198080
v 1.613080 0.925681 1.198080
v 1.603320 0.915922 1.198080
v 1.638030 0.901543 1.198080
v 1.638030 0.915345 1.198080
v 1.687630 1.000230 1.179990
v 1.638030 0.999729 1.198080
v 1.672750 0.985350 1.198080
v 1.638030 1.020770 1.179990
v 1.708170 0.950636 1.179990
v 1.603320 0.985350 1.198080
v 1.687130 0.950636 1.198080
v 1.588440 1.000230 1.179990
v 1.687630 0.901045 1.179990
v 1.567900 0.950636 1.179990
v 1.672750 0.915922 1.198080
v 1.638030 0.901543 1.198080
v 1.638030 0.880503 1.179990
v 1.588940 0.950636 1.198080
v 1.588440 0.901045 1.179990
v 1.603320 0.915922 1.198080
v 1.638030 0.880503 1.179990
v 1.638030 0.901543 1.198080
v 1.533670 0.945348 1.091250
v 1.497170 1.002620 1.051320
v 1.497170 0.945348 1.075050
v 1.533670 1.014080 1.062780
v 1.828900 0.488181 1.107280
v 1.873110 0.450614 1.094610
v 1.835800 0.501743 1.094610
v 1.873110 0.450614 1.094610
v 1.828900 0.488181 1.107280
v 1.866150 0.437148 1.107280
v 1.805170 1.017460 1.068730
v 1.902360 1.017460 1.068730
v 1.805170 0.948731 1.097200
v 1.902360 0.948731 1.097200
v 1.367740 1.017460 1.068730
v 1.464940 1.017460 1.068730
v 1.367740 0.948731 1.097200
v 1.464940 0.948731 1.097200
v 1.793950 0.202719 1.096550
v 1.732110 0.273160 1.096550
v 1.714730 0.259940 1.082740
v 1.791590 0.185337 1.082740
v 1.255240 0.755377 1.107280
v 0.770142 0.768940 1.094610
v 0.778300 0.755377 1.107280
v 0.770142 0.768940 1.094610
v 1.255240 0.755377 1.107280
v 1.264420 0.768940 1.094610
v 1.233540 0.428349 1.126840
v 1.308170 0.513015 1.126840
v 1.300100 0.530889 1.109210
v 1.211950 0.430889 1.109210
v 1.890430 0.548170 1.094610
v 1.237490 0.561732 1.107280
v 1.228420 0.548170 1.094610
v 1.896440 0.561732 1.107280
v 1.233540 0.428349 1.126840
v 1.375480 0.161108 1.126840
v 1.308170 0.513015 1.126840
v 1.812360 0.161108 1.126840
v 1.879680 0.513015 1.126840
v 1.954310 0.428349 1.126840
v 1.167820 0.368563 1.094610
v 1.297040 0.488181 1.107280
v 1.285590 0.501743 1.094610
v 1.182540 0.355001 1.107280
v 3.405070 0.616659 1.118500
v 3.562000 0.641966 1.118500
v 3.474520 0.677427 1.118500
v 3.526540 0.677427 1.118500
v 3.532330 0.404610 1.118500
v 3.310530 0.380314 1.118500
v 3.378500 0.215237 1.118500
v 3.727120 0.112415 1.118500
v 3.636620 0.013680 1.118500
v 3.387690 0.031460 1.118500
v 3.526540 0.677427 1.118500
v 3.465960 0.700190 1.103530
v 3.474520 0.677427 1.118500
v 3.535960 0.700190 1.103530
v 0.778300 0.755377 1.107280
v 0.728579 0.526402 1.107280
v 0.829822 0.682501 1.107280
v 0.637169 0.526165 1.107280
v 2.011480 0.435109 1.107280
v 1.866150 0.437148 1.107280
v 1.877350 0.367670 1.107280
v 1.802720 0.470681 1.107280
v 1.828900 0.488181 1.107280
v 1.327700 0.470681 1.107280
v 2.061270 0.367670 1.107280
v 2.183700 0.555274 1.107280
v 2.029450 0.555274 1.107280
v 1.896440 0.561732 1.107280
v 1.999450 0.662664 1.107280
v 1.721420 0.662664 1.107280
v 1.707330 0.572045 1.107280
v 1.237490 0.561732 1.107280
v 1.424000 0.572045 1.107280
v 0.778300 0.755377 1.107280
v 1.187490 0.682501 1.107280
v 1.255240 0.755377 1.107280
v 1.295240 0.662664 1.107280
v 1.237490 0.561732 1.107280
v 1.424000 0.572045 1.107280
v 1.409900 0.662664 1.107280
v 1.424670 0.641554 1.107280
v 0.819941 0.355001 1.107280
v 1.388890 0.239763 1.107280
v 1.182540 0.355001 1.107280
v 1.276800 0.413425 1.107280
v 1.297040 0.488181 1.107280
v 1.327700 0.470681 1.107280
v 1.828900 0.488181 1.107280
v -0.233564 0.239763 1.107280
v 0.680545 0.526639 1.107280
v 0.728579 0.526402 1.107280
v -0.425332 0.526639 1.107280
v -0.425332 0.418029 1.107280
v 1.187490 0.682501 1.107280
v 0.778300 0.755377 1.107280
v 0.829822 0.682501 1.107280
v 1.707330 0.572045 1.107280
v 1.721420 0.662664 1.107280
v 1.706660 0.641554 1.107280
v 3.118450 0.495520 1.100600
v 2.931920 0.630477 1.100600
v 2.906670 0.495478 1.100600
v 3.350580 0.630477 1.100600
v 2.861480 0.590184 1.100600
v 3.186720 0.430015 1.100600
v 2.872170 0.475720 1.100600
v 3.456700 0.528651 1.100600
v 2.779760 0.475720 1.100600
v 3.250710 0.250837 1.100600
v 2.688120 0.590142 1.100600
v 3.456700 0.035324 1.100600
v 2.672450 0.312439 1.100600
v 3.240060 0.127302 1.100600
v 2.518920 0.332699 1.100600
v 2.760480 0.035286 1.100600
v 2.815550 0.127336 1.100600
v 2.133190 0.492558 1.096550
v 2.265370 0.370511 1.096550
v 2.665170 0.492558 1.096550
v 2.624080 0.368583 1.096550
v 2.542820 0.287322 1.096550
v 2.345370 0.287322 1.096550
v 2.087620 0.422529 1.096550
v 2.073020 0.370511 1.096550
v 1.732110 0.422529 1.096550
v 1.793950 0.202719 1.096550
v 1.732110 0.273160 1.096550
v 2.114180 0.202719 1.096550
v 2.815550 0.127336 1.100600
v 3.240060 0.127302 1.100600
v 3.220830 0.147333 1.086900
v 3.250710 0.250837 1.100600
v 2.827510 0.147333 1.086900
v 3.229510 0.248098 1.086900
v 2.698540 0.314116 1.086900
v 3.168710 0.418356 1.086900
v 2.672450 0.312439 1.100600
v 3.186720 0.430015 1.100600
v 2.779760 0.475720 1.100600
v 3.108960 0.475688 1.086900
v 2.791030 0.454840 1.086900
v 3.118450 0.495520 1.100600
v 2.872170 0.475720 1.100600
v 2.906670 0.495478 1.100600
v 2.879630 0.454840 1.086900
v 2.916110 0.475688 1.086900
v 1.999450 0.662664 1.107280
v 1.714880 0.676226 1.094610
v 1.721420 0.662664 1.107280
v 1.714880 0.676226 1.094610
v 1.999450 0.662664 1.107280
v 2.009540 0.676226 1.094610
v 1.409900 0.662664 1.107280
v 1.304420 0.676226 1.094610
v 1.295240 0.662664 1.107280
v 1.304420 0.676226 1.094610
v 1.409900 0.662664 1.107280
v 1.416440 0.676226 1.094610
v 2.096390 0.135038 1.080300
v 2.245440 -0.159206 1.080300
v 2.306230 -0.085294 1.080300
v 1.845850 0.306979 1.080300
v 2.438340 -0.159206 1.080300
v 2.030130 0.400100 1.080300
v 1.992890 0.418320 1.080300
v 2.079970 0.418320 1.080300
v 2.382070 -0.085294 1.080300
v 2.565660 0.025165 1.080300
v 2.773430 0.048010 1.080300
v 2.565660 0.092380 1.080300
v 2.592750 0.418320 1.080300
v 2.312160 0.418320 1.080300
v 1.805170 0.914367 1.082960
v 1.902360 0.914367 1.082960
v 1.902360 0.948731 1.097200
v 1.805170 0.948731 1.097200
v 1.805170 0.914367 1.082960
v 1.902360 0.666419 1.082960
v 1.805170 0.666419 1.082960
v 1.367740 0.914367 1.082960
v 1.464940 0.914367 1.082960
v 1.464940 0.948731 1.097200
v 1.367740 0.948731 1.097200
v 1.367740 0.666419 1.082960
v 1.464940 0.666419 1.082960
v 3.350580 0.630477 1.100600
v 2.924460 0.651357 1.086900
v 2.931920 0.630477 1.100600
v 2.924460 0.651357 1.086900
v 3.350580 0.630477 1.100600
v 3.358980 0.651357 1.086900
v 1.327700 0.470681 1.107280
v 1.276800 0.413425 1.107280
v 1.293790 0.412119 1.094610
v 1.327700 0.470681 1.107280
v 1.293790 0.412119 1.094610
v 1.333790 0.457119 1.094610
v 0.829822 0.682501 1.107280
v 1.178420 0.668939 1.094610
v 1.187490 0.682501 1.107280
v 0.837923 0.668939 1.094610
v 1.767170 0.888072 1.051320
v 1.730660 0.945348 1.091250
v 1.730660 0.876617 1.062780
v 1.767170 0.945348 1.075050
v 2.688120 0.590142 1.100600
v 2.861480 0.590184 1.100600
v 2.852040 0.609974 1.086900
v 2.688120 0.590142 1.100600
v 2.852040 0.609974 1.086900
v 2.676160 0.609974 1.086900
v -1.167060 0.346306 1.039000
v -1.050580 0.185358 1.039000
v -1.050580 0.508706 1.039000
v -1.167060 0.185358 1.039000
v -1.225300 0.375546 1.039000
v -1.458260 0.375546 1.039000
v -1.283540 0.346306 1.039000
v -1.632980 0.508705 1.039000
v -1.400020 0.346306 1.039000
v -1.283540 0.210009 1.039000
v -1.400020 0.210009 1.039000
v -1.516500 0.346306 1.039000
v -1.632980 0.112558 1.039000
v -1.516500 0.112558 1.039000
v 1.845850 0.306979 1.080300
v 2.235960 -0.179810 1.057280
v 2.245440 -0.159206 1.080300
v 1.815960 0.310190 1.057280
v 1.693610 0.585607 1.094610
v 1.424000 0.572045 1.107280
v 1.707330 0.572045 1.107280
v 1.424000 0.572045 1.107280
v 1.693610 0.585607 1.094610
v 1.437710 0.585607 1.094610
v 2.312160 0.418320 1.080300
v 2.545060 0.085311 1.057280
v 2.565660 0.092380 1.080300
v 2.270030 0.438924 1.057280
v 2.545060 0.035311 1.057280
v 2.382070 -0.085294 1.080300
v 2.375060 -0.064689 1.057280
v 2.315060 -0.064689 1.057280
v 2.306230 -0.085294 1.080300
v 2.096390 0.135038 1.080300
v 2.115060 0.145311 1.057280
v 2.055060 0.385311 1.057280
v 2.030130 0.400100 1.080300
v 2.079970 0.418320 1.080300
v 2.240580 0.438924 1.057280
v 1.438290 0.646225 1.094610
v 1.409900 0.662664 1.107280
v 1.424670 0.641554 1.107280
v 1.438290 0.646225 1.094610
v 1.416440 0.676226 1.094610
v 1.409900 0.662664 1.107280
v 2.183700 0.555274 1.107280
v 2.039540 0.568836 1.094610
v 2.029450 0.555274 1.107280
v 2.208740 0.568836 1.094610
v 1.437710 0.585607 1.094610
v 1.438290 0.646225 1.094610
v 1.424670 0.641554 1.107280
v 1.424000 0.572045 1.107280
v 1.638030 1.000420 1.049400
v 1.638030 1.062910 1.049400
v 1.603100 1.000420 1.034930
v 1.603100 1.062910 1.034930
v 1.672970 1.000420 1.034930
v 1.672970 1.062910 1.034930
v 1.638030 1.000420 1.049400
v 1.638030 1.062910 1.049400
v 1.877350 0.367670 1.107280
v 1.802720 0.470681 1.107280
v 1.795800 0.457119 1.094610
v 1.870430 0.354108 1.094610
v -0.976016 0.508366 1.059930
v -1.726020 0.508366 1.059930
v -1.726020 0.574248 1.087220
v -0.976016 0.574248 1.087220
v -0.976016 0.640129 1.059930
v -1.726020 0.640129 1.059930
v -0.976016 0.574248 1.087220
v -1.726020 0.574248 1.087220
v 1.588440 1.062910 1.049590
v 1.638030 1.062910 1.070130
v 1.588440 1.118020 1.049590
v 1.638030 1.118020 1.070130
v 1.687630 1.118020 1.049590
v 1.687630 1.062910 1.049590
v 1.638030 1.118020 1.070130
v 1.638030 1.062910 1.070130
v 1.887750 0.530889 1.109210
v 1.300100 0.530889 1.109210
v 1.308170 0.513015 1.126840
v 1.879680 0.513015 1.126840
v -0.425332 0.526639 1.107280
v 0.680545 0.526639 1.107280
v 0.673039 0.540201 1.094610
v -0.438894 0.540201 1.094610
v 2.665170 0.492558 1.096550
v 2.133160 0.509940 1.082740
v 2.133190 0.492558 1.096550
v 2.686610 0.509940 1.082740
v 1.497170 0.888072 1.051320
v 1.533670 0.876617 1.062780
v 1.533670 0.945348 1.091250
v 1.497170 0.945348 1.075050
v 1.693040 0.646225 1.094610
v 1.721420 0.662664 1.107280
v 1.714880 0.676226 1.094610
v 1.706660 0.641554 1.107280
v 1.297040 0.488181 1.107280
v 1.828900 0.488181 1.107280
v 1.835800 0.501743 1.094610
v 1.285590 0.501743 1.094610
v -0.444627 0.513856 1.054440
v 0.732404 0.513856 1.054440
v -0.444627 0.574248 1.079460
v 0.732404 0.574248 1.079460
v 0.732404 0.634639 1.054440
v -0.444627 0.634639 1.054440
v 0.732404 0.574248 1.079460
v -0.444627 0.574248 1.079460
v 1.693610 0.585607 1.094610
v 1.706660 0.641554 1.107280
v 1.693040 0.646225 1.094610
v 1.707330 0.572045 1.107280
v 1.714730 0.259940 1.082740
v 1.732110 0.422529 1.096550
v 1.714730 0.439911 1.082740
v 1.732110 0.273160 1.096550
v 1.304420 0.676226 1.094610
v 1.264420 0.768940 1.094610
v 1.255240 0.755377 1.107280
v 1.255240 0.755377 1.107280
v 1.295240 0.662664 1.107280
v 1.304420 0.676226 1.094610
v 1.866150 0.437148 1.107280
v 2.011480 0.435109 1.107280
v 1.980430 0.449108 1.094610
v 1.866150 0.437148 1.107280
v 1.980430 0.449108 1.094610
v 1.873110 0.450614 1.094610
v 1.896440 0.561732 1.107280
v 1.980430 0.449108 1.094610
v 2.011480 0.435109 1.107280
v 1.980430 0.449108 1.094610
v 1.896440 0.561732 1.107280
v 1.890430 0.548170 1.094610
v 1.732110 0.422529 1.096550
v 2.087620 0.422529 1.096550
v 2.085610 0.439911 1.082740
v 1.714730 0.439911 1.082740
v -0.946016 0.519346 1.048950
v -0.472682 0.519346 1.048950
v -0.946016 0.574248 1.071690
v -0.472682 0.574248 1.071690
v -0.472682 0.629149 1.048950
v -0.946016 0.629149 1.048950
v -0.472682 0.574248 1.071690
v -0.946016 0.574248 1.071690
v 1.687630 0.901045 0.875120
v 1.687430 0.950636 0.875120
v 1.672970 0.915705 0.875120
v 1.708170 0.950636 0.875120
v 1.638030 0.880503 0.875120
v 1.672970 0.985567 0.875120
v 1.638030 0.901237 0.875120
v 1.687630 1.000230 0.875120
v 1.603100 0.915705 0.875120
v 1.638030 1.000040 0.875120
v 1.588440 0.901045 0.875120
v 1.638030 1.020770 0.875120
v 1.588630 0.950636 0.875120
v 1.603100 0.985567 0.875120
v 1.567900 0.950636 0.875120
v 1.588440 1.000230 0.875120
v 0.819941 0.355001 1.107280
v 1.182540 0.355001 1.107280
v 1.167820 0.368563 1.094610
v 0.833279 0.368563 1.094610
v 1.767170 0.945348 1.075050
v 2.037170 0.945348 1.075050
v 2.037170 1.002620 1.051320
v 1.767170 1.002620 1.051320
v 2.037170 0.888072 1.051320
v 1.767170 0.888072 1.051320
v 2.037170 0.945348 1.075050
v 1.767170 0.945348 1.075050
v 2.345370 0.287322 1.096550
v 2.265370 0.370511 1.096550
v 2.257970 0.353129 1.082740
v 2.337970 0.269940 1.082740
v 0.673039 0.540201 1.094610
v 0.728579 0.526402 1.107280
v 0.680545 0.526639 1.107280
v 1.293790 0.412119 1.094610
v 1.388890 0.239763 1.107280
v 1.413790 0.226201 1.094610
v 1.276800 0.413425 1.107280
v 0.771613 1.022550 0.916851
v 0.647166 1.022550 0.916851
v 0.771613 0.945348 0.884874
v 0.647166 0.945348 0.884874
v 0.771613 0.868149 0.916851
v 0.647166 0.868149 0.916851
v 2.237170 0.870316 1.069080
v 2.347170 0.870316 1.069080
v 2.237170 0.945348 1.100160
v 2.347170 0.945348 1.100160
v 2.347170 1.020380 1.069080
v 2.237170 1.020380 1.069080
v 2.347170 0.945348 1.100160
v 2.237170 0.945348 1.100160
v 2.748580 0.015392 1.086900
v 2.518920 0.332699 1.100600
v 2.492580 0.330639 1.086900
v 2.760480 0.035286 1.100600
v 1.227170 0.888072 1.051320
v 1.497170 0.888072 1.051320
v 1.497170 0.945348 1.075050
v 1.227170 0.945348 1.075050
v 1.227170 1.002620 1.051320
v 1.497170 1.002620 1.051320
v 1.227170 0.945348 1.075050
v 1.497170 0.945348 1.075050
v 1.533670 0.876617 1.062780
v 1.730660 0.876617 1.062780
v 1.730660 0.945348 1.091250
v 1.533670 0.945348 1.091250
v 1.533670 1.014080 1.062780
v 1.730660 1.014080 1.062780
v 1.533670 0.945348 1.091250
v 1.730660 0.945348 1.091250
v 2.931920 0.630477 1.100600
v 2.852040 0.609974 1.086900
v 2.861480 0.590184 1.100600
v 2.852040 0.609974 1.086900
v 2.931920 0.630477 1.100600
v 2.924460 0.651357 1.086900
v 1.027170 1.045870 1.094570
v 0.777166 1.045870 1.094570
v 1.027170 0.945348 1.136200
v 0.777166 0.945348 1.136200
v 0.777166 0.844829 1.094570
v 1.027170 0.844829 1.094570
v 0.777166 0.945348 1.136200
v 1.027170 0.945348 1.136200
v 1.845850 0.306979 1.080300
v 1.992890 0.418320 1.080300
v 1.985960 0.438924 1.057280
v 1.815960 0.310190 1.057280
v 0.829822 0.682501 1.107280
v 0.728579 0.526402 1.107280
v 0.746536 0.525942 1.094610
v 0.829822 0.682501 1.107280
v 0.746536 0.525942 1.094610
v 0.837923 0.668939 1.094610
v 0.819941 0.355001 1.107280
v 0.746536 0.525942 1.094610
v 0.728579 0.526402 1.107280
v 0.833279 0.368563 1.094610
v 1.227170 0.888072 1.051320
v 1.077170 0.833660 1.105740
v 1.077170 0.945348 1.152000
v 1.227170 0.945348 1.075050
v 1.227170 1.002620 1.051320
v 1.077170 1.057030 1.105740
v 1.077170 0.945348 1.152000
v 1.227170 0.945348 1.075050
v 2.676160 0.609974 1.086900
v 2.492580 0.330639 1.086900
v 2.518920 0.332699 1.100600
v 2.688120 0.590142 1.100600
v 2.037170 0.888072 1.051320
v 2.037170 1.002620 1.051320
v 2.157170 0.851559 1.087840
v 2.157170 0.945348 1.126690
v 2.037170 0.945348 1.075050
v 2.157170 1.039140 1.087840
v 2.157170 0.945348 1.126690
v 2.037170 0.945348 1.075050
v 3.385960 0.630190 1.103530
v 3.474520 0.677427 1.118500
v 3.465960 0.700190 1.103530
v 3.405070 0.616659 1.118500
v 3.355960 0.210190 1.103530
v 3.310530 0.380314 1.118500
v 3.285960 0.380190 1.103530
v 3.378500 0.215237 1.118500
v 0.777166 1.045870 1.094570
v 0.717166 1.065970 1.114670
v 0.717166 0.945348 1.164630
v 0.777166 0.945348 1.136200
v 0.777166 0.844829 1.094570
v 0.717166 0.824725 1.114670
v 0.717166 0.945348 1.164630
v 0.777166 0.945348 1.136200
v 2.347170 1.020380 1.069080
v 2.387170 1.035380 1.084090
v 2.387170 0.945348 1.121380
v 2.347170 0.945348 1.100160
v 2.347170 0.870316 1.069080
v 2.387170 0.855310 1.084090
v 2.387170 0.945348 1.121380
v 2.347170 0.945348 1.100160
v 3.385960 0.630190 1.103530
v 3.285960 0.380190 1.103530
v 3.310530 0.380314 1.118500
v 3.405070 0.616659 1.118500
v 3.355960 0.210190 1.103530
v 3.365960 0.010190 1.103530
v 3.387690 0.031460 1.118500
v 3.387690 0.031460 1.118500
v 3.378500 0.215237 1.118500
v 3.355960 0.210190 1.103530
v -0.946016 0.629149 1.048950
v -0.976016 0.640129 1.059930
v -0.976016 0.574248 1.087220
v -0.946016 0.574248 1.071690
v -0.946016 0.519346 1.048950
v -0.976016 0.508366 1.059930
v -0.976016 0.574248 1.087220
v -0.946016 0.574248 1.071690
v -1.312280 0.605871 0.962430
v -1.756010 0.605871 0.962430
v -1.312280 0.574248 0.949332
v -1.756010 0.574248 0.949331
v -1.312280 0.542624 0.962430
v -1.756010 0.542624 0.962430
v -1.756010 0.499711 0.994052
v -1.756010 0.542624 0.962430
v -1.756010 0.521542 0.941347
v -1.756010 0.574248 0.919517
v -1.756010 0.529526 0.994052
v -1.756010 0.574248 0.949331
v -1.756010 0.542624 1.025680
v -1.756010 0.626953 0.941347
v -1.756010 0.521542 1.046760
v -1.756010 0.574248 1.038770
v -1.756010 0.574248 1.068590
v -1.756010 0.605871 0.962430
v -1.756010 0.648784 0.994052
v -1.756010 0.618969 0.994052
v -1.756010 0.605871 1.025680
v -1.756010 0.626953 1.046760
v -1.756010 0.574248 1.038770
v -1.756010 0.574248 1.068590
v -1.632980 0.508705 0.949099
v -1.632980 0.112558 0.949099
v -1.632980 0.112558 1.039000
v -1.632980 0.508705 1.039000
v -1.312280 0.574248 0.949332
v -1.312280 0.529526 0.994053
v -1.312280 0.618969 0.994053
v -1.312280 0.542624 0.962430
v -1.312280 0.605871 0.962430
v -1.312280 0.574248 1.038780
v -1.312280 0.542624 1.025680
v -1.312280 0.605871 1.025680
v -0.438894 0.540201 0.902273
v -0.438894 0.412119 0.902273
v -0.438894 0.540201 1.094610
v -0.438894 0.412119 1.094610
v -1.167060 0.346306 1.039000
v -1.167060 0.346306 0.949099
v -1.167060 0.185358 0.949099
v -1.167060 0.185358 1.039000
v 0.647166 0.868149 1.071250
v 0.647166 0.808879 0.994048
v 0.647166 0.848850 1.090550
v 0.647166 0.836173 0.994048
v 0.647166 0.945348 1.103220
v 0.647166 0.868149 0.916851
v 0.647166 0.945348 1.130520
v 0.647166 0.848850 0.897551
v 0.647166 1.041850 1.090550
v 0.647166 0.945348 0.884874
v 0.647166 1.022550 1.071250
v 0.647166 0.945348 0.857579
v 0.647166 1.054520 0.994048
v 0.647166 1.041850 0.897551
v 0.647166 1.081820 0.994048
v 0.647166 1.022550 0.916851
v 0.771613 0.868149 0.916851
v 0.771613 1.022550 0.916851
v 0.771613 0.945348 0.884874
v 0.771613 0.836173 0.994048
v 0.771613 1.022550 1.071250
v 0.771613 1.054520 0.994048
v 0.771613 0.868149 1.071250
v 0.771613 0.945348 1.103220
v 0.628423 0.540201 1.094610
v 0.770142 0.768940 0.902273
v 0.628423 0.540201 0.902273
v 0.770142 0.768940 1.094610
v 1.613080 1.136100 1.024950
v 1.623380 1.179840 1.014650
v 1.602740 1.136100 1.000000
v 1.617310 1.179840 1.000000
v 1.623380 1.179840 0.985349
v 1.613080 1.136100 0.975046
v 1.364740 0.143234 0.888080
v 1.211950 0.430889 1.109210
v 1.211950 0.430889 0.888080
v 1.364740 0.143234 1.109210
v 3.168710 0.418356 1.086900
v 3.168710 0.418356 0.901192
v 3.229510 0.248098 1.086900
v 3.229510 0.248098 0.901192
v 3.220830 0.147333 0.901192
v 3.220830 0.147333 1.086900
v 1.795800 0.457119 0.902273
v 1.795800 0.457119 1.094610
v 1.870430 0.354108 0.902273
v 1.870430 0.354108 1.094610
v 1.623380 0.935985 1.241810
v 1.602740 0.950636 1.198080
v 1.613080 0.925681 1.198080
v 1.617310 0.950636 1.241810
v 1.623380 0.965288 1.241810
v 1.613080 0.975591 1.198080
v 1.617310 0.950636 0.758191
v 1.602740 0.950636 0.801926
v 1.623380 0.965288 0.758191
v 1.623380 0.935985 0.758191
v 1.613080 0.975591 0.801926
v 1.613080 0.925681 0.801926
v 1.714730 0.439911 0.905357
v 1.714730 0.259940 0.905357
v 1.714730 0.259940 1.082740
v 1.714730 0.439911 1.082740
v 1.367740 1.045930 1.000000
v 1.367740 0.914367 1.082960
v 1.367740 1.017460 1.068730
v 1.367740 0.948731 1.097200
v 1.367740 0.914367 0.917039
v 1.367740 1.017460 0.931273
v 1.367740 0.948731 0.902804
v 1.367740 0.666419 1.082960
v 1.367740 0.666419 0.917039
v 1.603100 0.985567 0.937608
v 1.603100 0.985567 0.875120
v 1.588630 0.950636 0.937608
v 1.588630 0.950636 0.875120
v 1.603100 0.915705 0.937608
v 1.603100 0.915705 0.875120
v 1.603100 0.915705 1.062390
v 1.603100 0.915705 1.124880
v 1.588630 0.950636 1.062390
v 1.588630 0.950636 1.124880
v 1.603100 0.985567 1.062390
v 1.603100 0.985567 1.124880
v 1.890430 0.548170 0.902273
v 1.890430 0.548170 1.094610
v 1.980430 0.449108 0.902273
v 1.980430 0.449108 1.094610
v 1.211950 0.430889 0.888080
v 1.211950 0.430889 1.109210
v 1.300100 0.530889 0.888080
v 1.300100 0.530889 1.109210
v 2.565660 0.092380 0.907797
v 2.565660 0.025165 0.907797
v 2.545060 0.035311 0.930815
v 2.545060 0.085311 0.930815
v 2.545060 0.085311 1.057280
v 2.565660 0.092380 1.080300
v 2.545060 0.035311 1.057280
v 2.565660 0.025165 1.080300
v 1.603100 1.000420 1.034930
v 1.603100 1.062910 1.034930
v 1.588630 1.000420 1.000000
v 1.588630 1.062910 1.000000
v 1.603100 1.062910 0.965069
v 1.603100 1.000420 0.965069
v 1.588440 1.062910 1.049590
v 1.588440 1.118020 1.049590
v 1.567900 1.118020 1.000000
v 1.567900 1.062910 1.000000
v 1.588440 1.118020 0.950409
v 1.588440 1.062910 0.950409
v 1.178420 0.668939 0.902273
v 1.228420 0.548170 0.902273
v 1.178420 0.668939 1.094610
v 1.228420 0.548170 1.094610
v 1.693610 0.585607 1.094610
v 1.693610 0.585607 0.902273
v 1.693040 0.646225 1.094610
v 1.693040 0.646225 0.902273
v 1.588440 1.000230 0.820006
v 1.588440 1.000230 0.875120
v 1.567900 0.950636 0.820006
v 1.567900 0.950636 0.875120
v 1.588440 0.901045 0.820006
v 1.588440 0.901045 0.875120
v 1.588440 0.901045 1.124880
v 1.588440 0.901045 1.179990
v 1.567900 0.950636 1.179990
v 1.567900 0.950636 1.124880
v 1.588440 1.000230 1.179990
v 1.588440 1.000230 1.124880
v 1.693040 0.646225 0.902273
v 1.714880 0.676226 1.094610
v 1.714880 0.676226 0.902273
v 1.693040 0.646225 1.094610
v 1.285590 0.501743 1.094610
v 1.285590 0.501743 0.902273
v 1.167820 0.368563 1.094610
v 1.167820 0.368563 0.902273
v 2.133160 0.509940 1.082740
v 2.085610 0.439911 0.905357
v 2.085610 0.439911 1.082740
v 2.133160 0.509940 0.905357
v 1.805170 0.914367 0.917039
v 1.805170 0.666419 0.917039
v 1.805170 0.666419 1.082960
v 1.805170 0.914367 1.082960
v 1.805170 1.017460 0.931273
v 1.805170 0.948731 0.902804
v 1.805170 1.045930 1.000000
v 1.805170 1.017460 1.068730
v 1.805170 0.948731 1.097200
v 2.257970 0.353129 1.082740
v 2.257970 0.353129 0.905357
v 2.337970 0.269940 0.905357
v 2.337970 0.269940 1.082740
v 2.133190 0.492558 0.891551
v 2.087620 0.422529 0.891551
v 2.085610 0.439911 0.905357
v 2.133160 0.509940 0.905357
v 2.085610 0.439911 1.082740
v 2.133190 0.492558 1.096550
v 2.133160 0.509940 1.082740
v 2.087620 0.422529 1.096550
v 2.235960 -0.179810 1.057280
v 1.815960 0.310190 1.057280
v 2.235960 -0.179810 0.930815
v 1.815960 0.310190 0.930815
v 2.270030 0.438924 0.930815
v 2.545060 0.085311 0.930815
v 2.545060 0.085311 1.057280
v 2.270030 0.438924 1.057280
v 2.545060 0.035311 1.057280
v 2.545060 0.035311 0.930815
v 2.492580 0.330639 0.901192
v 2.748580 0.015392 0.901192
v 2.492580 0.330639 1.086900
v 2.748580 0.015392 1.086900
v 2.676160 0.609974 0.901192
v 2.492580 0.330639 0.901192
v 2.676160 0.609974 1.086900
v 2.492580 0.330639 1.086900
v -1.400020 0.346306 1.039000
v -1.400020 0.346306 0.949099
v -1.400020 0.210009 0.949099
v -1.400020 0.210009 1.039000
v 3.355960 0.210190 0.884567
v 3.285960 0.380190 1.103530
v 3.285960 0.380190 0.884567
v 3.385960 0.630190 1.103530
v 3.355960 0.210190 1.103530
v 3.365960 0.010190 0.884567
v 3.365960 0.010190 1.103530
v 3.385960 0.630190 0.884567
v -1.756010 0.521542 0.941347
v -1.726020 0.508366 0.928171
v -1.726020 0.481077 0.994052
v -1.756010 0.499711 0.994052
v -1.756010 0.521542 1.046760
v -1.726020 0.508366 1.059930
v -0.472682 0.519346 0.939152
v -0.444627 0.513856 0.933662
v -0.444627 0.488841 0.994052
v -0.472682 0.496605 0.994052
v -0.472682 0.519346 1.048950
v -0.444627 0.513856 1.054440
v -0.438894 0.412119 0.902273
v -0.238894 0.226201 0.902273
v -0.238894 0.226201 1.094610
v -0.438894 0.412119 1.094610
v 2.445960 -0.179810 0.930815
v 2.773430 0.048010 0.907797
v 2.795960 0.040190 0.930815
v 2.445960 -0.179810 1.057280
v 2.795960 0.040190 1.057280
v 2.773430 0.048010 1.080300
v -1.283540 0.346306 0.949099
v -1.225300 0.375546 0.949099
v -1.225300 0.375546 1.039000
v -1.283540 0.346306 1.039000
v -1.167060 0.346306 1.039000
v -1.167060 0.346306 0.949099
v 2.795960 0.040190 1.057280
v 2.445960 -0.179810 1.057280
v 2.795960 0.040190 0.930815
v 2.445960 -0.179810 0.930815
v 2.387170 0.818015 0.994048
v 2.447170 0.864314 1.075080
v 2.387170 0.855310 1.084090
v 2.447170 0.830748 0.994048
v 2.447170 0.864314 0.913015
v 2.387170 0.855310 0.904010
v 0.647166 0.848850 0.897551
v 0.717166 0.824725 0.873425
v 0.717166 0.774762 0.994048
v 0.647166 0.808879 0.994048
v 0.647166 0.848850 1.090550
v 0.717166 0.824725 1.114670
v 2.235960 -0.179810 0.930815
v 2.445960 -0.179810 0.930815
v 2.235960 -0.179810 1.057280
v 2.445960 -0.179810 1.057280
v 2.237170 0.870316 0.919017
v 2.157170 0.851559 0.900259
v 2.157170 0.812710 0.994048
v 2.237170 0.839237 0.994048
v 2.237170 0.870316 1.069080
v 2.157170 0.851559 1.087840
v 2.445960 -0.179810 0.930815
v 2.235960 -0.179810 0.930815
v 2.245440 -0.159206 0.907797
v 2.438340 -0.159206 0.907797
v 2.445960 -0.179810 1.057280
v 2.245440 -0.159206 1.080300
v 2.235960 -0.179810 1.057280
v 2.438340 -0.159206 1.080300
v 2.748580 0.015392 0.901192
v 3.477580 0.015392 0.901192
v 3.477580 0.015392 1.086900
v 2.748580 0.015392 1.086900
v -1.632980 0.112558 0.949099
v -1.516500 0.112558 0.949099
v -1.516500 0.112558 1.039000
v -1.632980 0.112558 1.039000
v 3.645960 -0.009810 0.884567
v 3.365960 0.010190 1.103530
v 3.365960 0.010190 0.884567
v 3.645960 -0.009810 1.103530
v 1.364740 0.143234 0.888080
v 1.823110 0.143234 0.888080
v 1.823110 0.143234 1.109210
v 1.364740 0.143234 1.109210
v 2.055060 0.385311 0.930815
v 2.240580 0.438924 0.930815
v 2.240580 0.438924 1.057280
v 2.055060 0.385311 1.057280
v 1.027170 0.844829 1.094570
v 1.027170 0.803193 0.994048
v 1.077170 0.787398 0.994048
v 1.027170 0.844829 0.893529
v 1.077170 0.833660 1.105740
v 1.077170 0.833660 0.882361
v -1.167060 0.185358 0.949099
v -1.050580 0.185358 0.949099
v -1.050580 0.185358 1.039000
v -1.167060 0.185358 1.039000
v -1.400020 0.210009 0.949099
v -1.283540 0.210009 0.949099
v -1.283540 0.210009 1.039000
v -1.400020 0.210009 1.039000
v -0.238894 0.226201 0.902273
v 1.413790 0.226201 0.902273
v 1.413790 0.226201 1.094610
v -0.238894 0.226201 1.094610
v 2.337970 0.269940 0.905357
v 2.550020 0.269940 0.905357
v 2.337970 0.269940 1.082740
v 2.550020 0.269940 1.082740
v 2.095180 0.353129 0.905357
v 2.257970 0.353129 0.905357
v 2.095180 0.353129 1.082740
v 2.257970 0.353129 1.082740
v 2.791030 0.454840 0.901192
v 2.791030 0.454840 1.086900
v 2.879630 0.454840 1.086900
v 2.879630 0.454840 0.901192
v 2.916110 0.475688 1.086900
v 2.916110 0.475688 0.901192
v 3.108960 0.475688 1.086900
v 3.108960 0.475688 0.901192
v 3.168710 0.418356 1.086900
v 3.168710 0.418356 0.901192
v 1.333790 0.457119 0.902273
v 1.333790 0.457119 1.094610
v 1.795800 0.457119 0.902273
v 1.795800 0.457119 1.094610
v 1.870430 0.354108 0.902273
v 1.870430 0.354108 1.094610
v 2.068610 0.354108 0.902273
v 2.068610 0.354108 1.094610
v 1.623380 0.935985 1.241810
v 1.613080 0.925681 1.198080
v 1.638030 0.915345 1.198080
v 1.638030 0.929916 1.241810
v 1.652690 0.935985 1.241810
v 1.662990 0.925681 1.198080
v 1.638030 0.915345 1.198080
v 1.638030 0.929916 1.241810
v 1.623380 0.935985 0.758191
v 1.613080 0.925681 0.801926
v 1.638030 0.915345 0.801926
v 1.638030 0.929916 0.758191
v 1.652690 0.935985 0.758191
v 1.662990 0.925681 0.801926
v 2.356450 1.037030 0.994048
v 2.447170 1.037030 0.994048
v 2.356450 1.010170 1.058880
v 2.447170 1.010170 1.058880
v 2.447170 1.010170 0.929222
v 2.356450 1.010170 0.929222
v 1.714730 0.259940 0.905357
v 1.714730 0.259940 1.082740
v 1.791590 0.185337 0.905357
v 1.791590 0.185337 1.082740
v 2.136350 0.185337 1.082740
v 2.136350 0.185337 0.905357
v 1.603100 0.915705 0.937608
v 1.603100 0.915705 0.875120
v 1.638030 0.901237 0.937608
v 1.638030 0.901237 0.875120
v 1.672970 0.915705 0.937608
v 1.672970 0.915705 0.875120
v 1.638030 0.901237 1.062390
v 1.638030 0.901237 1.124880
v 1.603100 0.915705 1.062390
v 1.603100 0.915705 1.124880
v 1.672970 0.915705 1.062390
v 1.672970 0.915705 1.124880
v 1.638030 0.901237 1.062390
v 1.638030 0.901237 1.124880
v 1.228420 0.548170 0.902273
v 1.890430 0.548170 0.902273
v 1.890430 0.548170 1.094610
v 1.228420 0.548170 1.094610
v -0.976016 0.508366 1.059930
v -1.726020 0.508366 1.059930
v -0.976016 0.481077 0.994052
v -1.726020 0.481077 0.994052
v -0.976016 0.508366 0.928171
v -1.726020 0.508366 0.928171
v 1.178420 0.668939 0.902273
v 1.178420 0.668939 1.094610
v 0.837923 0.668939 1.094610
v 0.837923 0.668939 0.902273
v 0.732404 0.513856 0.933662
v -0.444627 0.513856 0.933662
v -0.444627 0.488841 0.994052
v 0.732404 0.488841 0.994052
v -0.444627 0.513856 1.054440
v 0.732404 0.513856 1.054440
v -0.472682 0.519346 0.939152
v -0.946016 0.519346 0.939152
v -0.946016 0.496605 0.994052
v -0.472682 0.496605 0.994052
v -0.946016 0.519346 1.048950
v -0.472682 0.519346 1.048950
v 1.767170 0.888072 0.936772
v 1.730660 0.848148 0.994048
v 1.730660 0.876617 0.925318
v 1.767170 0.864348 0.994048
v 1.730660 0.848148 0.994048
v 1.767170 0.864348 0.994048
v 1.767170 0.888072 1.051320
v 1.730660 0.876617 1.062780
v 1.588440 0.901045 0.820006
v 1.588440 0.901045 0.875120
v 1.638030 0.880503 0.820006
v 1.638030 0.880503 0.875120
v 1.687630 0.901045 0.820006
v 1.687630 0.901045 0.875120
v 1.588440 0.901045 1.124880
v 1.638030 0.880503 1.124880
v 1.588440 0.901045 1.179990
v 1.638030 0.880503 1.179990
v 1.687630 0.901045 1.179990
v 1.687630 0.901045 1.124880
v 1.638030 0.880503 1.179990
v 1.638030 0.880503 1.124880
v 2.037170 0.888072 0.936772
v 1.767170 0.888072 0.936772
v 2.037170 0.864348 0.994048
v 1.767170 0.864348 0.994048
v 2.037170 0.888072 1.051320
v 1.767170 0.888072 1.051320
v 1.497170 0.888072 0.936772
v 1.533670 0.876617 0.925318
v 1.533670 0.848148 0.994048
v 1.497170 0.864348 0.994048
v 1.533670 0.848148 0.994048
v 1.497170 0.888072 1.051320
v 1.497170 0.864348 0.994048
v 1.533670 0.876617 1.062780
v 0.771613 1.054520 0.994048
v 0.647166 1.022550 1.071250
v 0.647166 1.054520 0.994048
v 0.771613 1.022550 1.071250
v 0.771613 1.022550 0.916851
v 0.647166 1.022550 0.916851
v 2.237170 0.870316 0.919017
v 2.347170 0.870316 0.919017
v 2.237170 0.839237 0.994048
v 2.347170 0.839237 0.994048
v 2.237170 0.870316 1.069080
v 2.347170 0.870316 1.069080
v 1.227170 0.888072 1.051320
v 1.497170 0.888072 1.051320
v 1.227170 0.864348 0.994048
v 1.497170 0.864348 0.994048
v 1.227170 0.888072 0.936772
v 1.497170 0.888072 0.936772
v 1.533670 0.876617 1.062780
v 1.730660 0.876617 1.062780
v 1.533670 0.848148 0.994048
v 1.730660 0.848148 0.994048
v 1.533670 0.876617 0.925318
v 1.730660 0.876617 0.925318
v 0.777166 0.844829 0.893529
v 1.027170 0.844829 0.893529
v 0.777166 0.803193 0.994048
v 1.027170 0.803193 0.994048
v 0.777166 0.844829 1.094570
v 1.027170 0.844829 1.094570
v 1.227170 0.888072 0.936772
v 1.077170 0.833660 0.882361
v 1.077170 0.787398 0.994048
v 1.227170 0.864348 0.994048
v 1.227170 0.888072 1.051320
v 1.077170 0.833660 1.105740
v 1.638030 1.062910 1.070130
v 1.603100 1.062910 1.034930
v 1.638030 1.062910 1.049400
v 1.672970 1.062910 1.034930
v 1.588440 1.062910 1.049590
v 1.687630 1.062910 1.049590
v 1.588630 1.062910 1.000000
v 1.687430 1.062910 1.000000
v 1.567900 1.062910 1.000000
v 1.708170 1.062910 1.000000
v 1.603100 1.062910 0.965069
v 1.672970 1.062910 0.965069
v 1.588440 1.062910 0.950409
v 1.687630 1.062910 0.950409
v 1.638030 1.062910 0.929868
v 1.638030 1.062910 0.950601
v 2.037170 0.888072 0.936772
v 2.157170 0.851559 0.900259
v 2.157170 0.812710 0.994048
v 2.037170 0.864348 0.994048
v 2.037170 0.888072 1.051320
v 2.157170 0.851559 1.087840
v 0.777166 0.844829 0.893529
v 0.717166 0.824725 0.873425
v 0.717166 0.774762 0.994048
v 0.777166 0.803193 0.994048
v 0.777166 0.844829 1.094570
v 0.717166 0.824725 1.114670
v 2.347170 0.870316 0.919017
v 2.387170 0.855310 0.904010
v 2.387170 0.818015 0.994048
v 2.347170 0.839237 0.994048
v 2.347170 0.870316 1.069080
v 2.387170 0.855310 1.084090
v -1.516500 0.346306 1.039000
v -1.516500 0.346306 0.949099
v -1.458260 0.375546 1.039000
v -1.458260 0.375546 0.949099
v -1.400020 0.346306 1.039000
v -1.400020 0.346306 0.949099
v -0.946016 0.519346 0.939152
v -0.976016 0.508366 0.928171
v -0.976016 0.481077 0.994052
v -0.946016 0.496605 0.994052
v -0.946016 0.519346 1.048950
v -0.976016 0.508366 1.059930
v -1.312280 0.618969 0.994053
v -1.756010 0.605871 1.025680
v -1.756010 0.618969 0.994052
v -1.312280 0.605871 1.025680
v -1.312280 0.605871 0.962430
v -1.756010 0.605871 0.962430
v -1.756010 0.626953 0.941347
v -1.726020 0.640129 0.928171
v -1.726020 0.574248 0.900882
v -1.756010 0.574248 0.919517
v -1.756010 0.521542 0.941347
v -1.726020 0.508366 0.928171
v -0.472682 0.629149 0.939152
v -0.444627 0.634639 0.933662
v -0.444627 0.574248 0.908647
v -0.472682 0.574248 0.916411
v -0.472682 0.519346 0.939152
v -0.444627 0.513856 0.933662
v -0.438894 0.412119 0.902273
v -0.438894 0.540201 0.902273
v -0.425332 0.526639 0.889601
v -0.425332 0.418029 0.889601
v 3.555960 0.410190 0.884567
v 3.562000 0.641966 0.869596
v 3.585960 0.650190 0.884567
v 3.562000 0.641966 0.869596
v 3.555960 0.410190 0.884567
v 3.532330 0.404610 0.869596
v 3.645960 -0.009810 0.884567
v 3.727120 0.112415 0.869596
v 3.755960 0.110190 0.884567
v 3.636620 0.013680 0.869596
v 3.477580 0.537554 0.901192
v 3.456700 0.035324 0.887496
v 3.456700 0.528651 0.887496
v 3.477580 0.015392 0.901192
v -0.238894 0.226201 0.902273
v -0.438894 0.412119 0.902273
v -0.425332 0.418029 0.889601
v -0.233564 0.239763 0.889601
v 3.555960 0.410190 0.884567
v 3.755960 0.110190 0.884567
v 3.727120 0.112415 0.869596
v 3.727120 0.112415 0.869596
v 3.532330 0.404610 0.869596
v 3.555960 0.410190 0.884567
v 2.445960 -0.179810 0.930815
v 2.773430 0.048010 0.907797
v 2.438340 -0.159206 0.907797
v 3.535960 0.700190 0.884567
v 3.585960 0.650190 0.884567
v 3.562000 0.641966 0.869596
v 3.526540 0.677427 0.869596
v 2.447170 0.864314 0.913015
v 2.387170 0.855310 0.904010
v 2.387170 0.945348 0.866717
v 2.447170 0.945348 0.879449
v 2.447170 1.026380 0.913015
v 2.387170 1.035380 0.904010
v 0.647166 1.041850 0.897551
v 0.717166 1.065970 0.873425
v 0.717166 0.945348 0.823462
v 0.647166 0.945348 0.857579
v 0.647166 0.848850 0.897551
v 0.717166 0.824725 0.873425
v 2.640020 0.359940 0.905357
v 2.665170 0.492558 0.891551
v 2.686610 0.509940 0.905357
v 2.624080 0.368583 0.891551
v 3.358980 0.651357 0.901192
v 3.456700 0.528651 0.887496
v 3.350580 0.630477 0.887496
v 3.477580 0.537554 0.901192
v 2.795960 0.040190 0.930815
v 2.592750 0.418320 0.907797
v 2.609700 0.438924 0.930815
v 2.542820 0.287322 0.891551
v 2.640020 0.359940 0.905357
v 2.550020 0.269940 0.905357
v 2.624080 0.368583 0.891551
v 2.237170 1.020380 0.919017
v 2.157170 1.039140 0.900259
v 2.157170 0.945348 0.861410
v 2.237170 0.945348 0.887938
v 2.237170 0.870316 0.919017
v 2.157170 0.851559 0.900259
v 0.778300 0.755377 0.889601
v 0.628423 0.540201 0.902273
v 0.770142 0.768940 0.902273
v 0.628423 0.540201 0.902273
v 0.778300 0.755377 0.889601
v 0.637169 0.526165 0.889601
v 1.623380 1.179840 0.985349
v 1.613080 1.136100 0.975046
v 1.638030 1.136100 0.964709
v 1.638030 1.179840 0.979280
v 1.652690 1.179840 0.985349
v 1.662990 1.136100 0.975046
v 2.068610 0.354108 0.902273
v 2.183700 0.555274 0.889601
v 2.208740 0.568836 0.902273
v 2.183700 0.555274 0.889601
v 2.068610 0.354108 0.902273
v 2.061270 0.367670 0.889601
v 1.027170 0.844829 0.893529
v 1.077170 0.833660 0.882361
v 1.077170 0.945348 0.836098
v 1.027170 0.945348 0.851893
v 1.027170 1.045870 0.893529
v 1.077170 1.057030 0.882361
v 2.748580 0.015392 0.901192
v 3.456700 0.035324 0.887496
v 3.477580 0.015392 0.901192
v 2.760480 0.035286 0.887496
v 1.823110 0.143234 0.888080
v 1.364740 0.143234 0.888080
v 1.375480 0.161108 0.870454
v 1.812360 0.161108 0.870454
v 1.823110 0.143234 0.888080
v 1.954310 0.428349 0.870454
v 1.975900 0.430889 0.888080
v 1.812360 0.161108 0.870454
v 1.999450 0.662664 0.889601
v 2.039540 0.568836 0.902273
v 2.029450 0.555274 0.889601
v 2.039540 0.568836 0.902273
v 1.999450 0.662664 0.889601
v 2.009540 0.676226 0.902273
v 3.645960 -0.009810 0.884567
v 3.387690 0.031460 0.869596
v 3.636620 0.013680 0.869596
v 3.387690 0.031460 0.869596
v 3.645960 -0.009810 0.884567
v 3.365960 0.010190 0.884567
v 2.114180 0.202719 0.891551
v 2.073020 0.370511 0.891551
v 2.095180 0.353129 0.905357
v 2.136350 0.185337 0.905357
v 2.114180 0.202719 0.891551
v 1.791590 0.185337 0.905357
v 1.793950 0.202719 0.891551
v 2.136350 0.185337 0.905357
v -0.238894 0.226201 0.902273
v 1.388890 0.239763 0.889601
v 1.413790 0.226201 0.902273
v -0.233564 0.239763 0.889601
v 1.233540 0.428349 0.870454
v 1.364740 0.143234 0.888080
v 1.211950 0.430889 0.888080
v 1.364740 0.143234 0.888080
v 1.233540 0.428349 0.870454
v 1.375480 0.161108 0.870454
v 2.550020 0.269940 0.905357
v 2.337970 0.269940 0.905357
v 2.345370 0.287322 0.891551
v 2.542820 0.287322 0.891551
v 1.178420 0.668939 0.902273
v 1.237490 0.561732 0.889601
v 1.228420 0.548170 0.902273
v 1.237490 0.561732 0.889601
v 1.178420 0.668939 0.902273
v 1.187490 0.682501 0.889601
v 2.061270 0.367670 0.889601
v 1.870430 0.354108 0.902273
v 1.877350 0.367670 0.889601
v 2.068610 0.354108 0.902273
v 1.767170 1.002620 0.936772
v 1.730660 0.945348 0.896848
v 1.730660 1.014080 0.925318
v 1.767170 0.945348 0.913049
v 2.265370 0.370511 0.891551
v 2.095180 0.353129 0.905357
v 2.073020 0.370511 0.891551
v 2.257970 0.353129 0.905357
v 1.617310 0.950636 0.758191
v 1.638030 0.971357 0.758191
v 1.652690 0.965288 0.758191
v 1.623380 0.965288 0.758191
v 1.652690 0.935985 0.758191
v 1.658750 0.950636 0.758191
v 1.638030 0.929916 0.758191
v 1.623380 0.935985 0.758191
v 1.887750 0.530889 0.888080
v 1.975900 0.430889 0.888080
v 1.954310 0.428349 0.870454
v 1.879680 0.513015 0.870454
v 2.356450 1.010170 1.058880
v 2.447170 1.010170 1.058880
v 2.356450 0.945348 1.085730
v 2.447170 0.945348 1.085730
v 2.447170 0.880520 1.058880
v 2.356450 0.880520 1.058880
v 2.447170 0.945348 1.085730
v 2.356450 0.945348 1.085730
v 1.795800 0.457119 0.902273
v 1.327700 0.470681 0.889601
v 1.802720 0.470681 0.889601
v 1.327700 0.470681 0.889601
v 1.795800 0.457119 0.902273
v 1.333790 0.457119 0.902273
v 1.588940 0.950636 0.801926
v 1.613080 0.925681 0.801926
v 1.603320 0.915922 0.801926
v 1.638030 0.901543 0.801926
v 1.602740 0.950636 0.801926
v 1.638030 0.915345 0.801926
v 1.613080 0.975591 0.801926
v 1.662990 0.925681 0.801926
v 1.603320 0.985350 0.801926
v 1.672750 0.915922 0.801926
v 1.638030 0.985928 0.801926
v 1.687130 0.950636 0.801926
v 1.638030 0.999729 0.801926
v 1.673330 0.950636 0.801926
v 1.672750 0.985350 0.801926
v 1.662990 0.975591 0.801926
v 1.497170 1.002620 0.936772
v 1.533670 1.014080 0.925318
v 1.533670 0.945348 0.896848
v 1.497170 0.945348 0.913049
v 1.603320 0.915922 0.801926
v 1.638030 0.901543 0.801926
v 1.638030 0.880503 0.820006
v 1.588440 0.901045 0.820006
v 1.687630 0.901045 0.820006
v 1.588940 0.950636 0.801926
v 1.672750 0.915922 0.801926
v 1.567900 0.950636 0.820006
v 1.687130 0.950636 0.801926
v 1.603320 0.985350 0.801926
v 1.708170 0.950636 0.820006
v 1.588440 1.000230 0.820006
v 1.638030 1.020770 0.820006
v 1.638030 0.999729 0.801926
v 1.672750 0.985350 0.801926
v 1.687630 1.000230 0.820006
v 1.638030 0.999729 0.801926
v 1.638030 1.020770 0.820006
v 1.828900 0.488181 0.889601
v 1.873110 0.450614 0.902273
v 1.866150 0.437148 0.889601
v 1.805170 0.948731 0.902804
v 1.902360 0.948731 0.902804
v 1.902360 0.914367 0.917039
v 1.805170 0.914367 0.917039
v 1.805170 1.017460 0.931273
v 1.902360 1.017460 0.931273
v 1.902360 0.666419 0.917039
v 1.805170 0.914367 0.917039
v 1.805170 0.666419 0.917039
v 1.367740 0.948731 0.902804
v 1.464940 0.948731 0.902804
v 1.464940 0.914367 0.917039
v 1.367740 1.017460 0.931273
v 1.367740 0.914367 0.917039
v 1.464940 0.666419 0.917039
v 1.367740 0.666419 0.917039
v 1.464940 1.017460 0.931273
v 1.793950 0.202719 0.891551
v 1.714730 0.259940 0.905357
v 1.732110 0.273160 0.891551
v 1.791590 0.185337 0.905357
v 0.770142 0.768940 0.902273
v 1.264420 0.768940 0.902273
v 1.255240 0.755377 0.889601
v 0.778300 0.755377 0.889601
v 1.233540 0.428349 0.870454
v 1.300100 0.530889 0.888080
v 1.308170 0.513015 0.870454
v 1.211950 0.430889 0.888080
v 1.237490 0.561732 0.889601
v 1.896440 0.561732 0.889601
v 1.890430 0.548170 0.902273
v 1.228420 0.548170 0.902273
v 3.405070 0.616659 0.869596
v 3.562000 0.641966 0.869596
v 3.532330 0.404610 0.869596
v 3.474520 0.677427 0.869596
v 3.526540 0.677427 0.869596
v 3.310530 0.380314 0.869596
v 3.378500 0.215237 0.869596
v 3.727120 0.112415 0.869596
v 3.636620 0.013680 0.869596
v 3.387690 0.031460 0.869596
v 1.308170 0.513015 0.870454
v 1.812360 0.161108 0.870454
v 1.375480 0.161108 0.870454
v 1.233540 0.428349 0.870454
v 1.879680 0.513015 0.870454
v 1.954310 0.428349 0.870454
v 1.167820 0.368563 0.902273
v 1.297040 0.488181 0.889601
v 1.182540 0.355001 0.889601
v 1.285590 0.501743 0.902273
v 3.465960 0.700190 0.884567
v 3.535960 0.700190 0.884567
v 3.526540 0.677427 0.869596
v 3.474520 0.677427 0.869596
v 2.861480 0.590184 0.887496
v 2.779760 0.475720 0.887496
v 2.688120 0.590142 0.887496
v 2.872170 0.475720 0.887496
v 2.672450 0.312439 0.887496
v 2.906670 0.495478 0.887496
v 2.518920 0.332699 0.887496
v 2.931920 0.630477 0.887496
v 2.760480 0.035286 0.887496
v 3.118450 0.495520 0.887496
v 2.815550 0.127336 0.887496
v 3.350580 0.630477 0.887496
v 3.240060 0.127302 0.887496
v 3.186720 0.430015 0.887496
v 3.456700 0.035324 0.887496
v 3.456700 0.528651 0.887496
v 3.250710 0.250837 0.887496
v 0.778300 0.755377 0.889601
v 1.187490 0.682501 0.889601
v 0.829822 0.682501 0.889601
v 1.187490 0.682501 0.889601
v 0.778300 0.755377 0.889601
v 1.255240 0.755377 0.889601
v 1.182540 0.355001 0.889601
v 1.297040 0.488181 0.889601
v 1.276800 0.413425 0.889601
v 1.327700 0.470681 0.889601
v 1.828900 0.488181 0.889601
v 1.388890 0.239763 0.889601
v 0.819941 0.355001 0.889601
v -0.233564 0.239763 0.889601
v 0.680545 0.526639 0.889601
v 0.728579 0.526402 0.889601
v -0.425332 0.526639 0.889601
v -0.425332 0.418029 0.889601
v 1.896440 0.561732 0.889601
v 1.999450 0.662664 0.889601
v 2.029450 0.555274 0.889601
v 1.721420 0.662664 0.889601
v 1.707330 0.572045 0.889601
v 1.237490 0.561732 0.889601
v 1.424000 0.572045 0.889601
v 2.011480 0.435109 0.889601
v 2.183700 0.555274 0.889601
v 2.061270 0.367670 0.889601
v 1.877350 0.367670 0.889601
v 1.866150 0.437148 0.889601
v 1.802720 0.470681 0.889601
v 1.828900 0.488181 0.889601
v 1.327700 0.470681 0.889601
v 1.295240 0.662664 0.889601
v 1.187490 0.682501 0.889601
v 1.255240 0.755377 0.889601
v 1.237490 0.561732 0.889601
v 1.424000 0.572045 0.889601
v 1.409900 0.662664 0.889601
v 1.424670 0.641554 0.889601
v 1.721420 0.662664 0.889601
v 1.707330 0.572045 0.889601
v 1.706660 0.641554 0.889601
v 0.637169 0.526165 0.889601
v 0.778300 0.755377 0.889601
v 0.728579 0.526402 0.889601
v 0.829822 0.682501 0.889601
v 2.542820 0.287322 0.891551
v 2.265370 0.370511 0.891551
v 2.624080 0.368583 0.891551
v 2.345370 0.287322 0.891551
v 2.665170 0.492558 0.891551
v 2.133190 0.492558 0.891551
v 2.087620 0.422529 0.891551
v 2.073020 0.370511 0.891551
v 1.732110 0.422529 0.891551
v 1.793950 0.202719 0.891551
v 1.732110 0.273160 0.891551
v 2.114180 0.202719 0.891551
v 2.872170 0.475720 0.887496
v 2.791030 0.454840 0.901192
v 2.779760 0.475720 0.887496
v 2.879630 0.454840 0.901192
v 2.698540 0.314116 0.901192
v 2.916110 0.475688 0.901192
v 2.672450 0.312439 0.887496
v 2.906670 0.495478 0.887496
v 2.815550 0.127336 0.887496
v 3.108960 0.475688 0.901192
v 2.827510 0.147333 0.901192
v 3.118450 0.495520 0.887496
v 3.220830 0.147333 0.901192
v 3.186720 0.430015 0.887496
v 3.240060 0.127302 0.887496
v 3.168710 0.418356 0.901192
v 3.250710 0.250837 0.887496
v 3.229510 0.248098 0.901192
v 2.438340 -0.159206 0.907797
v 2.565660 0.025165 0.907797
v 2.773430 0.048010 0.907797
v 2.565660 0.092380 0.907797
v 2.592750 0.418320 0.907797
v 2.312160 0.418320 0.907797
v 2.382070 -0.085294 0.907797
v 2.306230 -0.085294 0.907797
v 2.245440 -0.159206 0.907797
v 2.096390 0.135038 0.907797
v 1.845850 0.306979 0.907797
v 2.030130 0.400100 0.907797
v 1.992890 0.418320 0.907797
v 2.079970 0.418320 0.907797
v 1.304420 0.676226 0.902273
v 1.416440 0.676226 0.902273
v 1.409900 0.662664 0.889601
v 1.295240 0.662664 0.889601
v 1.714880 0.676226 0.902273
v 2.009540 0.676226 0.902273
v 1.999450 0.662664 0.889601
v 1.714880 0.676226 0.902273
v 1.999450 0.662664 0.889601
v 1.721420 0.662664 0.889601
v 3.350580 0.630477 0.887496
v 2.924460 0.651357 0.901192
v 3.358980 0.651357 0.901192
v 2.924460 0.651357 0.901192
v 3.350580 0.630477 0.887496
v 2.931920 0.630477 0.887496
v 1.730660 0.945348 0.896848
v 1.767170 0.945348 0.913049
v 1.767170 0.888072 0.936772
v 1.730660 0.876617 0.925318
v 1.327700 0.470681 0.889601
v 1.293790 0.412119 0.902273
v 1.276800 0.413425 0.889601
v 1.293790 0.412119 0.902273
v 1.327700 0.470681 0.889601
v 1.333790 0.457119 0.902273
v 0.829822 0.682501 0.889601
v 1.187490 0.682501 0.889601
v 1.178420 0.668939 0.902273
v 0.837923 0.668939 0.902273
v 2.852040 0.609974 0.901192
v 2.688120 0.590142 0.887496
v 2.676160 0.609974 0.901192
v 2.688120 0.590142 0.887496
v 2.852040 0.609974 0.901192
v 2.861480 0.590184 0.887496
v -1.167060 0.346306 0.949099
v -1.050580 0.185358 0.949099
v -1.167060 0.185358 0.949099
v -1.050580 0.508706 0.949099
v -1.225300 0.375546 0.949099
v -1.458260 0.375546 0.949099
v -1.632980 0.508705 0.949099
v -1.283540 0.346306 0.949099
v -1.516500 0.346306 0.949099
v -1.632980 0.112558 0.949099
v -1.516500 0.112558 0.949099
v -1.400020 0.346306 0.949099
v -1.400020 0.210009 0.949099
v -1.283540 0.210009 0.949099
v 1.845850 0.306979 0.907797
v 2.245440 -0.159206 0.907797
v 2.235960 -0.179810 0.930815
v 1.815960 0.310190 0.930815
v 2.565660 0.092380 0.907797
v 2.545060 0.035311 0.930815
v 2.382070 -0.085294 0.907797
v 2.545060 0.085311 0.930815
v 2.312160 0.418320 0.907797
v 2.270030 0.438924 0.930815
v 2.375060 -0.064689 0.930815
v 2.315060 -0.064689 0.930815
v 2.306230 -0.085294 0.907797
v 2.096390 0.135038 0.907797
v 2.115060 0.145311 0.930815
v 2.055060 0.385311 0.930815
v 2.030130 0.400100 0.907797
v 2.079970 0.418320 0.907797
v 2.240580 0.438924 0.930815
v 1.707330 0.572045 0.889601
v 1.424000 0.572045 0.889601
v 1.437710 0.585607 0.902273
v 1.707330 0.572045 0.889601
v 1.437710 0.585607 0.902273
v 1.693610 0.585607 0.902273
v 1.409900 0.662664 0.889601
v 1.438290 0.646225 0.902273
v 1.424670 0.641554 0.889601
v 1.416440 0.676226 0.902273
v 2.039540 0.568836 0.902273
v 2.208740 0.568836 0.902273
v 2.183700 0.555274 0.889601
v 2.029450 0.555274 0.889601
v 1.424670 0.641554 0.889601
v 1.437710 0.585607 0.902273
v 1.424000 0.572045 0.889601
v 1.438290 0.646225 0.902273
v 1.603100 1.062910 0.965069
v 1.603100 1.000420 0.965069
v 1.638030 1.000420 0.950601
v 1.638030 1.062910 0.950601
v 1.672970 1.000420 0.965069
v 1.672970 1.062910 0.965069
v -0.976016 0.508366 0.928171
v -1.726020 0.508366 0.928171
v -0.976016 0.574248 0.900882
v -1.726020 0.574248 0.900882
v -0.976016 0.640129 0.928171
v -1.726020 0.640129 0.928171
v 1.795800 0.457119 0.902273
v 1.877350 0.367670 0.889601
v 1.870430 0.354108 0.902273
v 1.802720 0.470681 0.889601
v 1.588440 1.118020 0.950409
v 1.588440 1.062910 0.950409
v 1.638030 1.118020 0.929868
v 1.638030 1.062910 0.929868
v 1.687630 1.118020 0.950409
v 1.687630 1.062910 0.950409
v 1.887750 0.530889 0.888080
v 1.308170 0.513015 0.870454
v 1.300100 0.530889 0.888080
v 1.879680 0.513015 0.870454
v 0.673039 0.540201 0.902273
v -0.425332 0.526639 0.889601
v -0.438894 0.540201 0.902273
v 0.680545 0.526639 0.889601
v 1.873110 0.450614 0.902273
v 1.828900 0.488181 0.889601
v 1.835800 0.501743 0.902273
v 1.980430 0.449108 0.902273
v 1.866150 0.437148 0.889601
v 2.011480 0.435109 0.889601
v 2.133160 0.509940 0.905357
v 2.686610 0.509940 0.905357
v 2.665170 0.492558 0.891551
v 2.133190 0.492558 0.891551
v 1.533670 0.945348 0.896848
v 1.497170 0.888072 0.936772
v 1.497170 0.945348 0.913049
v 1.533670 0.876617 0.925318
v 1.693040 0.646225 0.902273
v 1.721420 0.662664 0.889601
v 1.706660 0.641554 0.889601
v 1.714880 0.676226 0.902273
v 0.732404 0.513856 0.933662
v -0.444627 0.513856 0.933662
v 0.732404 0.574248 0.908647
v -0.444627 0.574248 0.908647
v 0.732404 0.634639 0.933662
v -0.444627 0.634639 0.933662
v 1.835800 0.501743 0.902273
v 1.297040 0.488181 0.889601
v 1.285590 0.501743 0.902273
v 1.828900 0.488181 0.889601
v 1.693610 0.585607 0.902273
v 1.693040 0.646225 0.902273
v 1.706660 0.641554 0.889601
v 1.706660 0.641554 0.889601
v 1.707330 0.572045 0.889601
v 1.693610 0.585607 0.902273
v 1.714730 0.259940 0.905357
v 1.714730 0.439911 0.905357
v 1.732110 0.422529 0.891551
v 1.732110 0.273160 0.891551
v 2.085610 0.439911 0.905357
v 1.732110 0.422529 0.891551
v 1.714730 0.439911 0.905357
v 2.087620 0.422529 0.891551
v 1.255240 0.755377 0.889601
v 1.304420 0.676226 0.902273
v 1.295240 0.662664 0.889601
v 1.264420 0.768940 0.902273
v 1.896440 0.561732 0.889601
v 2.011480 0.435109 0.889601
v 1.980430 0.449108 0.902273
v 1.896440 0.561732 0.889601
v 1.980430 0.449108 0.902273
v 1.890430 0.548170 0.902273
v -0.472682 0.519346 0.939152
v -0.946016 0.519346 0.939152
v -0.472682 0.574248 0.916411
v -0.946016 0.574248 0.916411
v -0.472682 0.629149 0.939152
v -0.946016 0.629149 0.939152
v 2.345370 0.287322 0.891551
v 2.257970 0.353129 0.905357
v 2.265370 0.370511 0.891551
v 2.337970 0.269940 0.905357
v 0.819941 0.355001 0.889601
v 1.167820 0.368563 0.902273
v 1.182540 0.355001 0.889601
v 0.833279 0.368563 0.902273
v 2.037170 1.002620 0.936772
v 1.767170 1.002620 0.936772
v 2.037170 0.945348 0.913049
v 1.767170 0.945348 0.913049
v 2.037170 0.888072 0.936772
v 1.767170 0.888072 0.936772
v 1.687630 1.000230 1.124880
v 1.638030 1.000040 1.124880
v 1.638030 1.020770 1.124880
v 1.672970 0.985567 1.124880
v 1.603100 0.985567 1.124880
v 1.708170 0.950636 1.124880
v 1.588440 1.000230 1.124880
v 1.687430 0.950636 1.124880
v 1.567900 0.950636 1.124880
v 1.687630 0.901045 1.124880
v 1.588630 0.950636 1.124880
v 1.672970 0.915705 1.124880
v 1.638030 0.880503 1.124880
v 1.638030 0.901237 1.124880
v 1.588440 0.901045 1.124880
v 1.603100 0.915705 1.124880
v 1.638030 0.880503 1.124880
v 1.638030 0.901237 1.124880
v 0.673039 0.540201 0.902273
v 0.728579 0.526402 0.889601
v 0.680545 0.526639 0.889601
v 1.293790 0.412119 0.902273
v 1.413790 0.226201 0.902273
v 1.388890 0.239763 0.889601
v 1.276800 0.413425 0.889601
v 0.647166 1.022550 1.071250
v 0.771613 1.022550 1.071250
v 0.647166 0.945348 1.103220
v 0.771613 0.945348 1.103220
v 0.771613 0.868149 1.071250
v 0.647166 0.868149 1.071250
v 0.771613 0.945348 1.103220
v 0.647166 0.945348 1.103220
v 2.347170 0.945348 0.887938
v 2.237170 0.870316 0.919017
v 2.237170 0.945348 0.887938
v 2.347170 0.870316 0.919017
v 2.347170 1.020380 0.919017
v 2.237170 1.020380 0.919017
v 2.518920 0.332699 0.887496
v 2.760480 0.035286 0.887496
v 2.748580 0.015392 0.901192
v 2.492580 0.330639 0.901192
v 1.227170 0.888072 0.936772
v 1.497170 0.888072 0.936772
v 1.227170 0.945348 0.913049
v 1.497170 0.945348 0.913049
v 1.227170 1.002620 0.936772
v 1.497170 1.002620 0.936772
v 1.533670 0.876617 0.925318
v 1.730660 0.876617 0.925318
v 1.533670 0.945348 0.896848
v 1.730660 0.945348 0.896848
v 1.533670 1.014080 0.925318
v 1.730660 1.014080 0.925318
v 2.931920 0.630477 0.887496
v 2.861480 0.590184 0.887496
v 2.852040 0.609974 0.901192
v 2.852040 0.609974 0.901192
v 2.924460 0.651357 0.901192
v 2.931920 0.630477 0.887496
v 1.845850 0.306979 0.907797
v 1.985960 0.438924 0.930815
v 1.992890 0.418320 0.907797
v 1.815960 0.310190 0.930815
v 0.777166 1.045870 0.893529
v 1.027170 1.045870 0.893529
v 0.777166 0.945348 0.851893
v 1.027170 0.945348 0.851893
v 0.777166 0.844829 0.893529
v 1.027170 0.844829 0.893529
v 0.829822 0.682501 0.889601
v 0.746536 0.525942 0.902273
v 0.728579 0.526402 0.889601
v 0.837923 0.668939 0.902273
v 0.746536 0.525942 0.902273
v 0.819941 0.355001 0.889601
v 0.728579 0.526402 0.889601
v 0.833279 0.368563 0.902273
v 1.077170 0.945348 0.836098
v 1.227170 0.888072 0.936772
v 1.077170 0.833660 0.882361
v 1.227170 0.945348 0.913049
v 1.227170 1.002620 0.936772
v 1.077170 1.057030 0.882361
v 2.518920 0.332699 0.887496
v 2.676160 0.609974 0.901192
v 2.688120 0.590142 0.887496
v 2.492580 0.330639 0.901192
v 2.157170 0.945348 0.861410
v 2.037170 0.888072 0.936772
v 2.037170 0.945348 0.913049
v 2.037170 1.002620 0.936772
v 2.157170 0.851559 0.900259
v 2.157170 1.039140 0.900259
v 3.385960 0.630190 0.884567
v 3.474520 0.677427 0.869596
v 3.405070 0.616659 0.869596
v 3.465960 0.700190 0.884567
v 3.355960 0.210190 0.884567
v 3.285960 0.380190 0.884567
v 3.310530 0.380314 0.869596
v 3.310530 0.380314 0.869596
v 3.378500 0.215237 0.869596
v 3.355960 0.210190 0.884567
v 0.717166 0.945348 0.823462
v 0.717166 1.065970 0.873425
v 0.777166 1.045870 0.893529
v 0.777166 0.945348 0.851893
v 0.777166 0.844829 0.893529
v 0.717166 0.824725 0.873425
v 2.387170 1.035380 0.904010
v 2.347170 1.020380 0.919017
v 2.387170 0.945348 0.866717
v 2.347170 0.945348 0.887938
v 2.347170 0.870316 0.919017
v 2.387170 0.855310 0.904010
v 3.385960 0.630190 0.884567
v 3.310530 0.380314 0.869596
v 3.285960 0.380190 0.884567
v 3.405070 0.616659 0.869596
v 3.355960 0.210190 0.884567
v 3.387690 0.031460 0.869596
v 3.365960 0.010190 0.884567
v 3.378500 0.215237 0.869596
v -0.946016 0.629149 0.939152
v -0.976016 0.640129 0.928171
v -0.976016 0.574248 0.900882
v -0.946016 0.574248 0.916411
v -0.946016 0.519346 0.939152
v -0.976016 0.508366 0.928171
v -1.756010 0.605871 1.025680
v -1.312280 0.605871 1.025680
v -1.756010 0.574248 1.038770
v -1.312280 0.574248 1.038780
v -1.756010 0.542624 1.025680
v -1.312280 0.542624 1.025680
v -1.312280 0.574248 1.038780
v -1.756010 0.574248 1.038770
vn 0.9301 -0.3389 -0.1419
vn 0.8084 -0.5886 -0.0000
vn 0.8032 -0.4173 -0.4252
vn 0.9379 -0.3468 -0.0000
vn 0.9301 -0.3389 0.1419
vn 0.9761 -0.1574 -0.1496
vn 0.7953 -0.0000 -0.6062
vn 0.9802 -0.1818 -0.0790
vn 1.0000 -0.0000 -0.0000
vn 0.9737 -0.0000 -0.2277
vn 0.8032 -0.4173 0.4252
vn 0.9619 -0.1498 0.2287
vn 0.9761 0.1574 -0.1496
vn 0.9837 0.1653 -0.0708
vn 0.9300 0.3389 -0.1419
vn 0.8032 0.4173 -0.4252
vn 0.8084 0.5886 -0.0000
vn 0.9379 0.3468 -0.0000
vn 0.9300 0.3389 0.1419
vn 0.8032 0.4173 0.4252
vn 0.7953 -0.0000 0.6062
vn 0.9737 -0.0000 0.2277
vn 0.9761 0.1574 0.1496
vn 0.9837 0.1653 0.0708
vn 0.6788 0.7344 -0.0000
vn 0.8031 0.4174 -0.4252
vn 0.6772 0.4961 -0.5433
vn 0.8084 0.5887 -0.0000
vn 0.8031 0.4174 0.4252
vn 0.6772 0.4961 0.5433
vn 0.8031 -0.4173 0.4253
vn 0.6788 -0.0000 0.7344
vn 0.6772 -0.4961 0.5434
vn 0.8031 0.4173 0.4252
vn 0.6772 0.4961 0.5434
vn 0.7952 -0.0000 0.6063
vn -0.7356 -0.4588 0.4983
vn -0.8284 -0.0000 0.5601
vn -0.8319 -0.3924 0.3924
vn -0.7378 -0.0000 0.6750
vn -0.7356 0.4588 0.4983
vn -0.8381 -0.5455 -0.0000
vn -0.7378 -0.6750 -0.0000
vn -0.7356 -0.4588 -0.4983
vn -0.9335 -0.3323 0.1345
vn -0.8319 0.3924 0.3924
vn -0.7378 0.6750 -0.0000
vn -0.9754 -0.0000 0.2203
vn -0.9774 0.1496 0.1496
vn -0.9773 -0.1497 0.1497
vn -0.9810 -0.1805 0.0707
vn -1.0000 -0.0000 -0.0000
vn -0.9622 0.2524 0.1026
vn -0.9335 0.3323 0.1345
vn -0.8381 0.5456 -0.0000
vn -0.9414 0.3373 -0.0000
vn -0.9335 0.3323 -0.1345
vn -0.8319 0.3924 -0.3924
vn -0.7356 0.4588 -0.4983
vn -0.9773 0.1497 -0.1497
vn -0.9622 0.2524 -0.1026
vn -0.8284 -0.0000 -0.5601
vn -0.7378 -0.0000 -0.6750
vn -0.9754 -0.0000 -0.2203
vn -0.9773 -0.1498 -0.1498
vn -0.9810 -0.1805 -0.0707
vn -0.9335 -0.3323 -0.1345
vn -0.8319 -0.3924 -0.3924
vn -0.9457 -0.2995 -0.1261
vn -0.9787 -0.2052 -0.0000
vn -0.9457 -0.2995 0.1261
vn 0.6788 -0.7344 -0.0000
vn 0.6772 -0.4962 -0.5433
vn 0.8084 -0.5887 -0.0000
vn 0.8031 -0.4174 0.4252
vn 0.6788 -0.0000 -0.7343
vn 0.8031 -0.4173 -0.4252
vn 0.6772 -0.4961 -0.5434
vn 0.7952 -0.0000 -0.6063
vn 0.6772 0.4961 -0.5434
vn 0.7378 -0.6750 -0.0000
vn 0.9196 0.3929 -0.0000
vn 0.7071 -0.7071 -0.0000
vn 0.9737 0.2278 -0.0000
vn 0.8345 0.5511 -0.0000
vn 0.9463 0.3233 -0.0000
vn 0.3863 0.9224 -0.0000
vn 0.8554 -0.5180 -0.0000
vn 0.9541 -0.2996 -0.0000
vn 0.8554 -0.5179 -0.0000
vn 0.8498 -0.5272 -0.0000
vn 0.9591 -0.2831 -0.0000
vn 0.5363 0.8440 -0.0000
vn 0.3476 0.5924 -0.7268
vn 0.6144 -0.1970 -0.7640
vn 0.6219 -0.1732 -0.7637
vn 0.6144 -0.1969 0.7641
vn 0.3476 0.5925 0.7267
vn 0.6219 -0.1732 0.7637
vn 0.8381 -0.5455 -0.0000
vn 0.8381 -0.5456 -0.0000
vn 0.6710 0.3157 -0.6709
vn 0.9486 0.3164 -0.0000
vn 0.9487 0.3162 -0.0000
vn 0.6710 0.3157 0.6709
vn 0.8763 0.4818 -0.0000
vn 0.8677 -0.4970 -0.0000
vn 0.3930 0.9195 -0.0000
vn 0.8815 -0.4722 -0.0000
vn 0.9715 0.2369 -0.0000
vn 0.9992 0.0393 -0.0000
vn 0.4722 -0.8815 -0.0000
vn 0.9992 0.0392 -0.0000
vn 0.4409 0.8975 -0.0000
vn 0.9969 -0.0785 -0.0000
vn 0.8404 0.5419 -0.0000
vn 0.8402 0.5423 -0.0000
vn 0.4091 -0.9125 -0.0000
vn 0.6710 0.6709 0.3157
vn 0.9487 -0.0000 0.3161
vn 0.9487 -0.0000 0.3163
vn 0.6710 -0.6709 0.3157
vn 0.9487 -0.0000 -0.3161
vn 0.6710 -0.6709 -0.3157
vn 0.9487 -0.0000 -0.3163
vn 0.6710 0.6709 -0.3158
vn 0.6710 0.6709 -0.3157
vn 0.9633 0.2686 -0.0000
vn 0.6063 0.7953 -0.0000
vn 0.9633 0.2685 -0.0000
vn 0.7491 0.6624 -0.0000
vn 0.7071 0.7071 -0.0001
vn 0.7071 0.7071 -0.0000
vn 0.5511 0.8345 -0.0000
vn 0.6454 0.3541 -0.6768
vn 0.5334 -0.2745 -0.8001
vn 0.5197 -0.2914 -0.8031
vn 0.5334 -0.2745 0.8001
vn 0.6454 0.3541 0.6768
vn 0.5197 -0.2913 0.8032
vn 0.7071 -0.0000 -0.7071
vn 0.7071 -0.0000 0.7071
vn 0.4816 -0.8764 -0.0000
vn 0.8440 -0.5364 -0.0000
vn 1.0000 -0.0079 -0.0000
vn 0.7110 0.7032 -0.0000
vn 1.0000 -0.0078 -0.0000
vn 0.8083 0.5887 -0.0000
vn 0.7071 -0.7071 0.0001
vn 0.4567 0.8896 -0.0000
vn 0.4567 0.8896 -0.0002
vn 0.5122 0.8589 -0.0000
vn 0.8764 0.4816 -0.0000
vn -0.5272 0.8497 -0.0000
vn -0.5290 0.6001 0.6000
vn -0.5272 0.8498 -0.0000
vn -0.5290 0.6001 -0.6000
vn -0.2663 0.6816 -0.6815
vn -0.2684 0.9633 -0.0000
vn -0.2664 0.6816 -0.6815
vn -0.2663 0.6816 0.6815
vn -0.2664 0.6816 0.6815
vn 0.9195 0.3930 -0.0000
vn 0.6913 0.7226 -0.0000
vn 0.6912 0.7226 -0.0000
vn -0.0000 1.0000 -0.0000
vn 0.5364 0.8440 -0.0000
vn 0.2052 0.9787 -0.0000
vn 0.2045 0.6922 -0.6921
vn 0.2045 0.6922 0.6921
vn -0.4409 0.8976 -0.0000
vn -0.4392 0.6353 0.6352
vn -0.4409 0.8975 -0.0000
vn -0.4392 0.6353 -0.6352
vn 0.3140 0.9494 -0.0000
vn 0.3139 0.9495 -0.0000
vn 0.3157 0.6710 0.6709
vn 0.3157 0.6710 -0.6709
vn -0.2591 0.9659 -0.0000
vn 0.3929 0.9196 -0.0000
vn -0.2982 0.6750 -0.6749
vn -0.2997 0.9540 -0.0000
vn -0.2982 0.6749 -0.6749
vn -0.2996 0.9541 -0.0000
vn -0.2982 0.6750 0.6749
vn -0.2982 0.6749 0.6749
vn 0.4638 0.7548 -0.4638
vn -0.0000 0.7565 -0.6540
vn 0.4639 0.7548 -0.4639
vn -0.4639 0.7548 -0.4639
vn 0.6540 0.7565 -0.0000
vn -0.6540 0.7565 -0.0000
vn 0.4639 0.7548 0.4639
vn 0.4638 0.7548 0.4638
vn 0.0001 0.7565 0.6540
vn -0.4639 0.7548 0.4639
vn -0.0000 0.7565 0.6540
vn 0.4091 0.6452 -0.6452
vn 0.4091 0.9125 -0.0000
vn 0.4090 0.9125 -0.0001
vn 0.4091 0.6452 0.6452
vn 0.4090 0.9125 -0.0000
vn 0.4092 0.6452 0.6452
vn -0.4091 0.6452 -0.6452
vn -0.4090 0.9125 -0.0001
vn -0.4090 0.9125 -0.0000
vn -0.4091 0.6452 0.6452
vn -0.4091 0.9125 -0.0000
vn -0.4092 0.6452 0.6452
vn -0.6709 0.6710 0.3157
vn -0.0001 0.9487 0.3161
vn -0.6709 0.6709 0.3157
vn 0.6709 0.6710 0.3157
vn -0.0000 0.9487 -0.3162
vn -0.6709 0.6710 -0.3157
vn 0.0001 0.9487 -0.3162
vn 0.6709 0.6710 -0.3158
vn 0.6709 0.6709 -0.3157
vn 0.6063 0.7952 -0.0000
vn -0.0000 0.7071 0.7071
vn -0.0000 0.7071 -0.7071
vn -0.0001 0.7071 0.7071
vn -0.7071 0.7071 -0.0000
vn -0.0001 1.0000 0.0001
vn -0.0001 1.0000 -0.0000
vn 0.7071 0.7071 0.0001
vn -0.2045 0.7077 -0.6762
vn -0.6043 0.3532 -0.7142
vn -0.6126 0.3377 -0.7147
vn -0.2044 0.7077 -0.6762
vn 0.2822 0.6585 -0.6977
vn -0.1893 0.7099 -0.6784
vn -0.2045 0.7077 0.6762
vn -0.6125 0.3377 0.7147
vn -0.6043 0.3532 0.7142
vn 0.2822 0.6585 0.6977
vn -0.2044 0.7077 0.6763
vn -0.1893 0.7099 0.6784
vn 0.0001 0.7071 -0.7071
vn -0.7111 0.7031 -0.0000
vn 0.7111 0.7031 -0.0000
vn -0.0002 0.7071 0.7071
vn -0.2592 0.9658 -0.0000
vn -0.2591 0.9658 -0.0000
vn -0.2281 0.6924 -0.6845
vn 0.1491 0.0156 -0.9887
vn 0.1422 0.0710 -0.9873
vn 0.3934 0.5666 -0.7240
vn -0.0000 0.7451 -0.6670
vn 0.3476 0.5925 -0.7267
vn 0.3935 0.5666 0.7240
vn -0.0000 0.7451 0.6669
vn 0.3475 0.5925 0.7268
vn 0.1422 0.0710 0.9873
vn -0.2281 0.6924 0.6845
vn 0.1491 0.0156 0.9887
vn 0.0948 0.9955 -0.0000
vn 0.1886 0.9821 -0.0000
vn 0.0394 0.7559 -0.6535
vn 0.1024 0.8666 -0.4884
vn 0.0394 0.7559 0.6535
vn 0.1024 0.8666 0.4884
vn -0.6286 0.5500 0.5500
vn -0.6285 0.7778 -0.0000
vn -0.6286 0.5499 -0.5500
vn -0.4661 0.8847 -0.0000
vn 0.4566 0.8897 -0.0000
vn -0.9125 0.4091 -0.0000
vn 0.4565 0.8897 -0.0000
vn 0.4562 0.6292 -0.6292
vn 0.4562 0.6293 -0.6292
vn 0.4564 0.8898 -0.0000
vn 0.4562 0.6293 0.6292
vn -0.3162 0.9487 -0.0000
vn -0.9939 0.1104 -0.0000
vn -0.9939 0.1104 -0.0003
vn 0.9900 0.1414 -0.0000
vn 0.4409 0.8976 -0.0000
vn -0.6750 0.7378 -0.0000
vn -0.3959 0.6493 -0.6493
vn -0.3959 0.6494 -0.6493
vn -0.3930 0.9195 -0.0000
vn -0.3959 0.6493 0.6493
vn 0.4251 0.9052 -0.0000
vn 0.4264 0.6396 -0.6396
vn 0.4264 0.6396 0.6396
vn 0.4264 0.6397 0.6396
vn -0.4722 0.8815 -0.0000
vn -0.4731 0.6230 -0.6229
vn -0.4731 0.6230 -0.6230
vn -0.4731 0.6230 0.6229
vn -0.8678 0.4970 -0.0000
vn -0.3537 0.9354 -0.0000
vn -0.8185 0.5746 -0.0000
vn -0.8185 0.5745 -0.0000
vn 0.4566 0.8896 -0.0000
vn -0.6286 0.5499 0.5500
vn -0.6286 0.7778 -0.0000
vn -0.5272 0.0001 0.8498
vn -0.5271 -0.0000 0.8498
vn -0.5290 0.6001 0.6001
vn -0.5272 -0.0001 0.8498
vn -0.5290 -0.6000 0.6001
vn -0.5271 -0.0001 0.8498
vn -0.2684 0.0001 0.9633
vn -0.2663 0.6815 0.6816
vn -0.2684 -0.0000 0.9633
vn -0.2685 -0.0000 0.9633
vn -0.2663 -0.6815 0.6816
vn -0.2664 -0.6815 0.6816
vn -0.6832 -0.0000 0.7303
vn -0.6830 -0.0000 0.7304
vn 0.5121 0.1181 0.8508
vn 0.4816 0.1657 0.8606
vn 0.4026 -0.3710 0.8368
vn 0.4027 -0.3710 0.8368
vn 0.4721 0.2045 0.8575
vn 0.2987 -0.3065 0.9038
vn 0.3065 -0.2986 0.9038
vn -0.4632 -0.5024 0.7301
vn 0.5121 0.1182 0.8508
vn 0.4568 0.3071 0.8349
vn 0.5120 0.1182 0.8508
vn 0.4025 -0.6393 0.6551
vn 0.2045 -0.6922 0.6922
vn 0.2052 -0.0001 0.9787
vn 0.2045 -0.6921 0.6922
vn 0.2052 -0.0000 0.9787
vn 0.2045 0.6921 0.6922
vn 0.2045 0.6922 0.6922
vn 0.1963 0.4789 0.8557
vn 0.4816 0.1658 0.8606
vn -0.4409 -0.0000 0.8976
vn -0.4409 -0.0000 0.8975
vn -0.4392 0.6352 0.6353
vn -0.4392 -0.6352 0.6353
vn 0.3790 0.3948 0.8369
vn 0.4720 0.2046 0.8575
vn 0.3790 0.3948 0.8370
vn 0.2293 -0.5454 0.8062
vn 0.5372 -0.3160 0.7820
vn 0.5269 -0.3224 0.7864
vn 0.6144 -0.1969 0.7640
vn 0.3935 0.5665 0.7240
vn 0.3139 0.0001 0.9495
vn 0.3157 0.6709 0.6710
vn 0.3139 -0.0000 0.9495
vn 0.3157 -0.6709 0.6710
vn 0.3158 -0.6709 0.6710
vn -0.5613 0.3478 0.7510
vn -0.0000 0.3162 0.9487
vn -0.6709 0.3157 0.6710
vn -0.6709 0.3157 0.6709
vn 0.6709 0.3157 0.6710
vn 0.0001 0.3162 0.9487
vn 0.5738 -0.3694 0.7310
vn -0.2996 -0.0000 0.9541
vn -0.2982 -0.6749 0.6749
vn -0.0000 -0.7031 0.7111
vn -0.0000 -0.7032 0.7110
vn -0.0000 -0.5655 0.8247
vn 0.3065 -0.2987 0.9038
vn 0.2986 -0.3065 0.9038
vn -0.0000 -0.5656 0.8247
vn 0.6225 -0.3309 0.7092
vn 0.6225 -0.3310 0.7092
vn 0.3623 0.4726 0.8034
vn 0.6621 0.1891 0.7252
vn 0.6621 0.1892 0.7251
vn 0.3609 0.4786 0.8004
vn -0.0393 -0.5506 0.8338
vn 0.6070 0.1498 0.7805
vn 0.6070 0.1498 0.7804
vn -0.0000 -0.6831 0.7303
vn -0.0000 -0.6830 0.7304
vn -0.0000 -0.6832 0.7303
vn -0.1968 -0.5511 0.8109
vn -0.0000 -0.6237 0.7816
vn -0.0000 -0.6237 0.7817
vn -0.2520 -0.5277 0.8112
vn -0.6225 -0.3310 0.7092
vn 0.2292 -0.5454 0.8062
vn -0.3392 -0.5127 0.7887
vn -0.6298 -0.2598 0.7321
vn -0.6298 -0.2598 0.7320
vn -0.2911 -0.5665 0.7710
vn 0.4091 -0.0000 0.9125
vn 0.4090 -0.0000 0.9125
vn -0.0000 -0.0000 1.0000
vn 0.5285 0.4654 0.7100
vn -0.0000 -0.7071 0.7071
vn 0.2672 -0.5895 0.7623
vn 0.4639 0.4639 0.7548
vn -0.0000 0.6540 0.7565
vn 0.6540 -0.0000 0.7565
vn -0.4639 0.4639 0.7548
vn -0.4638 0.4638 0.7548
vn 0.4639 -0.4639 0.7548
vn -0.6540 -0.0000 0.7565
vn 0.4638 -0.4638 0.7548
vn 0.0001 -0.6540 0.7565
vn 0.0001 -0.6541 0.7565
vn -0.4639 -0.4639 0.7548
vn -0.0000 -0.6540 0.7565
vn -0.4091 -0.0000 0.9125
vn -0.4090 0.0001 0.9125
vn 0.2911 0.5664 0.7710
vn 0.2929 0.5699 0.7677
vn 0.2929 0.5699 0.7678
vn -0.0000 0.0001 1.0000
vn -0.5609 -0.1897 0.8059
vn -0.5333 -0.2510 0.8078
vn -0.1969 -0.5511 0.8109
vn 0.3321 0.5141 0.7908
vn -0.0000 0.6831 0.7304
vn -0.0000 0.6831 0.7303
vn 0.3391 0.5127 0.7888
vn -0.5285 0.4654 0.7100
vn -0.2598 -0.5907 0.7639
vn -0.1804 0.5724 0.7999
vn -0.1973 0.5601 0.8046
vn -0.2599 0.5118 0.8189
vn -0.2755 0.5038 0.8187
vn 0.1962 0.4789 0.8557
vn -0.1816 0.4896 0.8528
vn 0.2295 0.4510 0.8625
vn -0.2993 0.3229 0.8978
vn -0.2913 0.3307 0.8976
vn -0.5350 -0.0708 0.8419
vn 0.2128 0.4651 0.8593
vn 0.4660 0.0079 0.8847
vn -0.4497 -0.2919 0.8442
vn 0.4659 0.0237 0.8845
vn -0.4497 -0.2919 0.8441
vn 0.2362 -0.4408 0.8660
vn -0.1885 -0.4949 0.8482
vn 0.2362 -0.4409 0.8660
vn -0.2044 -0.4874 0.8489
vn 0.1260 -0.5116 0.8500
vn 0.1500 -0.5133 0.8450
vn 0.1419 -0.5047 0.8516
vn 0.1180 -0.5270 0.8416
vn -0.0000 0.6830 0.7304
vn -0.0000 0.6832 0.7303
vn -0.0000 -0.1962 0.9806
vn -0.0000 -0.1961 0.9806
vn -0.0000 0.5511 0.8345
vn -0.1419 0.5047 0.8516
vn -0.1259 0.5116 0.8500
vn 0.2673 -0.5894 0.7623
vn 0.5968 -0.0471 0.8010
vn 0.5968 -0.0472 0.8010
vn 0.2985 -0.5421 0.7855
vn -0.3391 -0.5127 0.7887
vn 0.2828 -0.5501 0.7858
vn 0.4091 -0.6452 0.6452
vn -0.0001 0.5691 0.8222
vn -0.1500 0.5133 0.8450
vn -0.1180 0.5270 0.8416
vn -0.0000 0.5692 0.8222
vn -0.6051 0.0629 0.7937
vn -0.5647 -0.4864 0.6667
vn -0.3936 0.3857 0.8344
vn 0.3936 0.3857 0.8344
vn 0.3936 0.3857 0.8345
vn -0.3936 0.3857 0.8345
vn -0.5890 -0.4555 0.6675
vn -0.6870 -0.2369 0.6870
vn -0.2045 0.7077 0.6763
vn 0.6453 0.3542 0.6768
vn 0.2823 0.6585 0.6977
vn 0.1422 0.0711 0.9873
vn 0.5197 -0.2913 0.8031
vn 0.1491 0.0157 0.9887
vn 0.5563 0.3996 0.7286
vn 0.3609 0.4787 0.8004
vn 0.6831 -0.0079 0.7302
vn -0.7071 -0.0000 0.7071
vn -0.2911 -0.5664 0.7710
vn -0.0000 0.7031 0.7111
vn -0.0000 0.7032 0.7110
vn 0.0630 0.8040 0.5913
vn 0.0394 0.7559 0.6536
vn -0.0000 0.6238 0.7816
vn -0.2525 0.5919 0.7655
vn -0.4167 0.5504 0.7234
vn -0.0000 0.6237 0.7816
vn -0.4091 -0.6452 0.6452
vn -0.4091 -0.0001 0.9125
vn -0.4090 -0.0000 0.9125
vn -0.5563 0.3996 0.7286
vn -0.1972 0.5601 0.8046
vn 0.2911 0.5665 0.7710
vn -0.2598 0.5118 0.8189
vn 0.0001 -0.0000 1.0000
vn 0.0001 0.7071 0.7071
vn -0.6831 -0.0079 0.7302
vn -0.5334 -0.2509 0.8078
vn -0.3458 0.3458 0.8723
vn -0.5610 -0.1896 0.8058
vn 0.3322 0.5141 0.7908
vn 0.3392 0.5127 0.7887
vn 0.3322 0.5140 0.7908
vn 0.3392 0.5126 0.7888
vn 0.2928 0.5699 0.7678
vn -0.3154 0.1419 0.9383
vn -0.2599 -0.5907 0.7639
vn -0.3154 0.1420 0.9383
vn -0.2600 -0.5906 0.7639
vn -0.3457 0.3458 0.8723
vn -0.2672 0.5895 0.7623
vn -0.4036 0.5540 0.7281
vn 0.3219 0.4790 0.8167
vn -0.1803 0.5725 0.7999
vn 0.2509 0.5334 0.8078
vn 0.0002 0.7071 0.7071
vn -0.4496 -0.4338 0.7808
vn -0.4496 -0.4338 0.7809
vn 0.1024 0.8665 0.4885
vn 0.0631 0.8040 0.5912
vn 0.5738 0.3694 0.7310
vn -0.6285 -0.0000 0.7778
vn -0.6286 -0.5499 0.5500
vn -0.6286 0.5500 0.5499
vn -0.4176 -0.3388 0.8431
vn -0.1260 0.5115 0.8500
vn -0.1501 0.5133 0.8450
vn -0.1260 0.5116 0.8500
vn -0.1420 0.5046 0.8516
vn -0.6051 0.0628 0.7937
vn -0.2282 0.6924 0.6845
vn 0.2986 -0.5420 0.7855
vn 0.5510 -0.3542 0.7556
vn 0.2829 -0.5500 0.7858
vn 0.3220 0.4789 0.8167
vn 0.5266 0.2830 0.8016
vn 0.5266 0.2829 0.8017
vn 0.2510 0.5333 0.8078
vn 0.4562 -0.6292 0.6293
vn 0.4566 -0.0000 0.8897
vn 0.4567 -0.0001 0.8896
vn 0.4567 0.0001 0.8896
vn 0.4562 0.6292 0.6293
vn -0.4579 0.3000 0.8369
vn -0.4579 0.3000 0.8368
vn -0.3930 -0.0000 0.9195
vn -0.3959 -0.6493 0.6494
vn -0.3930 -0.0000 0.9196
vn -0.3959 0.6493 0.6494
vn -0.3929 -0.0000 0.9196
vn -0.4402 0.3144 0.8411
vn -0.1817 0.4896 0.8528
vn -0.5270 -0.1180 0.8416
vn -0.5215 -0.0001 0.8533
vn 0.4251 -0.0000 0.9052
vn 0.4264 0.6396 0.6397
vn 0.4250 -0.0000 0.9052
vn 0.4264 -0.6396 0.6396
vn -0.4722 -0.0000 0.8815
vn -0.4731 0.6229 0.6230
vn -0.4731 -0.6230 0.6230
vn -0.5214 -0.0000 0.8533
vn -0.5215 -0.0000 0.8533
vn -0.5509 -0.0236 0.8342
vn 0.4566 -0.0001 0.8897
vn 0.4562 -0.6292 0.6292
vn 0.4567 -0.0000 0.8896
vn -0.6286 -0.5500 0.5499
vn -0.6285 0.7778 0.0001
vn -0.6285 -0.7778 -0.0000
vn -0.6285 0.5500 0.5500
vn -0.6285 -0.5500 0.5500
vn -0.6285 -0.0000 -0.7778
vn -0.6285 0.5500 -0.5500
vn -0.6285 -0.5499 -0.5500
vn -0.8498 -0.5272 -0.0000
vn -0.6285 -0.5500 -0.5500
vn -0.6285 0.0001 -0.7778
vn -0.8498 0.5272 -0.0000
vn -0.8498 0.5271 -0.0000
vn -0.6710 0.3157 0.6709
vn -0.9487 0.3163 -0.0000
vn -0.9486 0.3163 -0.0000
vn -0.6710 0.3157 -0.6709
vn -0.8815 -0.4722 -0.0000
vn -0.8404 -0.5419 -0.0000
vn -0.9920 -0.1260 -0.0000
vn -0.4566 -0.8896 -0.0000
vn -0.6710 -0.6709 0.3157
vn -0.9487 -0.0000 0.3161
vn -0.6709 0.6709 0.3158
vn -0.6710 0.6709 0.3157
vn -0.9487 -0.0000 -0.3161
vn -0.6710 0.6709 -0.3157
vn -0.6710 -0.6709 -0.3157
vn -0.9224 -0.3863 -0.0000
vn -0.7071 -0.7071 -0.0001
vn -0.7071 -0.7071 -0.0000
vn -0.4025 -0.9154 -0.0000
vn -0.9125 0.4090 -0.0000
vn -0.7491 0.6624 -0.0000
vn -0.7492 0.6624 -0.0000
vn -0.6870 -0.2369 -0.6870
vn -0.6126 0.3377 -0.7146
vn -0.6126 0.3377 0.7146
vn -0.7071 -0.0000 -0.7071
vn -0.5565 -0.8309 -0.0000
vn -1.0000 -0.0079 -0.0000
vn -0.7110 0.7032 -0.0000
vn -0.8085 0.5885 -0.0000
vn -0.7226 -0.6912 -0.0000
vn -0.7226 -0.6913 -0.0000
vn -0.4168 0.5504 -0.7234
vn -0.2672 0.5894 -0.7623
vn -0.4037 0.5540 -0.7281
vn -0.2525 0.5919 -0.7655
vn -0.4037 0.5540 0.7281
vn -0.4168 0.5504 0.7234
vn -0.2525 0.5918 0.7655
vn -0.2672 0.5894 0.7624
vn -0.7565 -0.6540 -0.0000
vn -0.9939 0.1105 -0.0000
vn -0.7885 -0.6150 -0.0000
vn -0.9463 -0.3233 -0.0000
vn -0.9463 -0.3234 -0.0000
vn -0.7886 -0.6150 -0.0000
vn -0.7778 -0.6285 -0.0000
vn -0.8344 0.5511 -0.0000
vn -0.8345 0.5511 -0.0000
vn -0.9754 -0.2202 -0.0000
vn -1.0000 -0.0078 -0.0000
vn -0.9989 -0.0472 -0.0000
vn -0.8185 0.5745 0.0001
vn -0.5272 -0.8497 -0.0000
vn -0.5290 -0.6001 -0.6000
vn -0.5273 -0.8497 -0.0000
vn -0.5290 -0.6001 0.6000
vn -0.2685 -0.9633 -0.0000
vn -0.2663 -0.6816 -0.6815
vn -0.2664 -0.6816 -0.6815
vn -0.2684 -0.9633 -0.0000
vn -0.2663 -0.6816 0.6815
vn -0.2664 -0.6816 0.6815
vn -0.6790 -0.7342 -0.0000
vn -0.6789 -0.7342 -0.0000
vn 0.4026 -0.6394 -0.6551
vn 0.6220 -0.1732 -0.7636
vn 0.6144 -0.1969 -0.7640
vn 0.4026 -0.6394 0.6551
vn 0.6220 -0.1732 0.7637
vn -0.0000 -1.0000 -0.0000
vn 0.9591 -0.2830 -0.0000
vn 0.5327 -0.8463 -0.0000
vn 0.5329 -0.8462 -0.0000
vn 0.2052 -0.9787 -0.0000
vn 0.2045 -0.6922 0.6921
vn 0.2045 -0.6922 -0.6921
vn -0.4409 -0.8976 -0.0000
vn -0.4392 -0.6353 -0.6352
vn -0.4392 -0.6353 -0.6353
vn -0.4392 -0.6353 0.6352
vn 0.3157 -0.6710 -0.6709
vn 0.3139 -0.9495 -0.0000
vn 0.3139 -0.9494 -0.0000
vn 0.3157 -0.6709 0.6709
vn -0.0000 -0.7451 -0.6670
vn -0.0000 -0.7451 0.6669
vn -0.0709 -0.9975 -0.0000
vn -0.0708 -0.9975 -0.0000
vn 0.8678 -0.4969 -0.0000
vn 0.9899 0.1414 -0.0000
vn -0.2996 -0.9541 -0.0000
vn -0.2982 -0.6750 -0.6749
vn -0.2983 -0.6749 0.6749
vn 0.2591 -0.9658 -0.0000
vn -0.3701 -0.9290 -0.0000
vn -0.3700 -0.9290 -0.0000
vn -0.8404 -0.5420 -0.0000
vn -0.4566 -0.8897 -0.0000
vn 0.4090 -0.9125 -0.0000
vn -0.0000 -0.9487 0.3162
vn -0.6709 -0.6710 0.3157
vn 0.6709 -0.6710 0.3157
vn -0.0001 -0.9487 -0.3161
vn -0.6709 -0.6710 -0.3157
vn 0.6709 -0.6710 -0.3158
vn 0.6709 -0.6710 -0.3157
vn -0.0000 -0.7071 -0.7071
vn -0.3768 -0.9263 -0.0000
vn -0.0000 -1.0000 -0.0001
vn -0.4024 -0.9154 -0.0000
vn -0.5565 -0.8308 -0.0000
vn 0.4092 -0.6452 -0.6452
vn 0.7071 -0.7071 -0.0001
vn -0.0001 -1.0000 -0.0000
vn -0.4092 -0.6452 -0.6452
vn -0.4091 -0.6453 -0.6452
vn -0.4091 -0.9125 -0.0000
vn -0.4090 -0.9125 -0.0000
vn -0.4090 -0.9125 0.0001
vn -0.4091 -0.6453 0.6452
vn -0.4092 -0.6452 0.6452
vn -0.6286 -0.7778 -0.0000
vn -0.6286 -0.5499 -0.5500
vn 0.4562 -0.6293 -0.6292
vn 0.4564 -0.8898 -0.0000
vn 0.4562 -0.6293 0.6292
vn -0.3930 -0.9195 -0.0000
vn -0.3959 -0.6494 -0.6493
vn -0.3959 -0.6494 0.6493
vn 0.4251 -0.9052 -0.0000
vn 0.4264 -0.6396 -0.6396
vn 0.4250 -0.9052 -0.0000
vn -0.4722 -0.8815 -0.0000
vn -0.4731 -0.6230 -0.6229
vn -0.4731 -0.6230 0.6229
vn 0.4567 -0.8896 -0.0000
vn 0.4562 -0.6292 -0.6292
vn 0.4566 -0.8896 -0.0000
vn -0.6286 -0.5499 -0.5499
vn -0.5272 -0.0000 -0.8498
vn -0.5290 0.6000 -0.6001
vn -0.5290 -0.6000 -0.6001
vn -0.2684 -0.0000 -0.9633
vn -0.2663 0.6815 -0.6816
vn -0.2664 0.6815 -0.6816
vn -0.2663 -0.6816 -0.6816
vn -0.2664 -0.6816 -0.6816
vn -0.6830 -0.0000 -0.7304
vn -0.6831 -0.0000 -0.7303
vn 0.5121 0.1181 -0.8508
vn 0.4816 0.1658 -0.8606
vn 0.4816 0.1658 -0.8605
vn 0.4026 -0.3710 -0.8368
vn 0.4721 0.2045 -0.8575
vn 0.2987 -0.3065 -0.9038
vn 0.3065 -0.2986 -0.9038
vn -0.4632 -0.5024 -0.7301
vn 0.5120 0.1182 -0.8508
vn 0.4568 0.3071 -0.8349
vn 0.5121 0.1182 -0.8508
vn 0.6220 -0.1732 -0.7637
vn 0.4025 -0.6393 -0.6551
vn 0.1963 0.4788 -0.8557
vn 0.4816 0.1659 -0.8606
vn 0.2052 -0.0000 -0.9787
vn 0.2045 -0.6921 -0.6922
vn 0.2045 0.6921 -0.6922
vn -0.4409 -0.0000 -0.8976
vn -0.4392 0.6352 -0.6353
vn -0.4392 -0.6352 -0.6353
vn 0.5372 -0.3159 -0.7821
vn 0.6144 -0.1969 -0.7641
vn 0.5269 -0.3224 -0.7864
vn 0.3790 0.3948 -0.8369
vn 0.4720 0.2046 -0.8575
vn 0.3790 0.3947 -0.8370
vn 0.3476 0.5925 -0.7268
vn 0.3935 0.5666 -0.7240
vn 0.2293 -0.5454 -0.8062
vn 0.5371 -0.3160 -0.7821
vn 0.5269 -0.3225 -0.7864
vn 0.3157 0.6709 -0.6709
vn 0.3138 -0.0000 -0.9495
vn 0.3158 0.6709 -0.6709
vn 0.3139 -0.0000 -0.9495
vn 0.3157 -0.6709 -0.6710
vn -0.5613 0.3478 -0.7510
vn -0.0001 0.3160 -0.9487
vn -0.6709 0.3157 -0.6709
vn -0.6709 0.3157 -0.6710
vn -0.0001 0.3161 -0.9487
vn 0.6709 0.3157 -0.6710
vn 0.5738 -0.3694 -0.7310
vn -0.2997 -0.0000 -0.9540
vn -0.2982 -0.6749 -0.6750
vn -0.2996 -0.0000 -0.9541
vn -0.2982 0.6749 -0.6750
vn -0.0000 -0.5655 -0.8247
vn 0.2986 -0.3065 -0.9038
vn 0.3065 -0.2987 -0.9038
vn -0.0000 -0.7031 -0.7111
vn 0.6225 -0.3310 -0.7092
vn 0.6225 -0.3309 -0.7092
vn 0.6621 0.1892 -0.7252
vn 0.3623 0.4726 -0.8034
vn 0.3610 0.4787 -0.8004
vn -0.0393 -0.5506 -0.8338
vn 0.6070 0.1498 -0.7805
vn 0.6070 0.1498 -0.7804
vn -0.0000 -0.6237 -0.7816
vn -0.1968 -0.5511 -0.8109
vn -0.2520 -0.5277 -0.8112
vn -0.0000 -0.6238 -0.7816
vn -0.0000 -0.6831 -0.7303
vn -0.6225 -0.3309 -0.7092
vn 0.2292 -0.5454 -0.8062
vn -0.0000 -0.6237 -0.7817
vn -0.3392 -0.5127 -0.7888
vn -0.6298 -0.2598 -0.7321
vn -0.6298 -0.2598 -0.7320
vn -0.3392 -0.5127 -0.7887
vn -0.2910 -0.5665 -0.7710
vn -0.0000 -0.6830 -0.7304
vn 0.4090 -0.0000 -0.9125
vn 0.4092 0.6452 -0.6452
vn 0.4091 -0.0000 -0.9125
vn -0.0000 -0.0000 -1.0000
vn 0.5285 0.4654 -0.7100
vn 0.2672 -0.5895 -0.7623
vn -0.4091 0.6452 -0.6453
vn -0.4092 0.6452 -0.6452
vn -0.4090 0.0001 -0.9125
vn -0.4091 0.0001 -0.9125
vn -0.4639 -0.4639 -0.7548
vn -0.0000 -0.6540 -0.7565
vn 0.4639 -0.4639 -0.7548
vn -0.6540 -0.0000 -0.7565
vn 0.4638 -0.4638 -0.7548
vn 0.6540 -0.0000 -0.7565
vn -0.4639 0.4639 -0.7548
vn -0.4638 0.4638 -0.7548
vn -0.0000 0.6540 -0.7565
vn -0.0001 0.6540 -0.7565
vn 0.4639 0.4639 -0.7548
vn 0.0001 0.6540 -0.7565
vn 0.2911 0.5664 -0.7710
vn 0.2929 0.5699 -0.7678
vn -0.0000 -0.1961 -0.9806
vn -0.2521 -0.5277 -0.8112
vn -0.5333 -0.2510 -0.8078
vn -0.5609 -0.1897 -0.8059
vn -0.1969 -0.5511 -0.8109
vn -0.0000 0.6831 -0.7303
vn 0.3391 0.5127 -0.7887
vn 0.3321 0.5141 -0.7908
vn -0.0000 0.6830 -0.7304
vn -0.5285 0.4654 -0.7100
vn -0.0000 -0.6832 -0.7302
vn -0.2599 -0.5907 -0.7639
vn -0.1791 0.5713 -0.8010
vn -0.1973 0.5601 -0.8046
vn -0.2755 0.5038 -0.8187
vn -0.2599 0.5118 -0.8189
vn -0.1816 0.4896 -0.8528
vn 0.1962 0.4789 -0.8557
vn 0.1259 -0.5116 -0.8500
vn 0.2362 -0.4408 -0.8660
vn 0.1419 -0.5046 -0.8516
vn 0.4660 0.0079 -0.8847
vn 0.1180 -0.5270 -0.8416
vn 0.4659 0.0237 -0.8845
vn 0.1500 -0.5133 -0.8450
vn 0.2295 0.4511 -0.8625
vn -0.1885 -0.4949 -0.8483
vn 0.2128 0.4651 -0.8593
vn -0.2044 -0.4874 -0.8489
vn -0.2914 0.3307 -0.8976
vn -0.4497 -0.2919 -0.8441
vn -0.2993 0.3229 -0.8978
vn -0.4497 -0.2919 -0.8442
vn -0.5350 -0.0708 -0.8419
vn -0.0000 0.5510 -0.8345
vn -0.1419 0.5047 -0.8516
vn -0.1259 0.5116 -0.8500
vn 0.4090 -0.0001 -0.9125
vn 0.4091 -0.6452 -0.6452
vn 0.2672 -0.5894 -0.7623
vn 0.5968 -0.0472 -0.8010
vn 0.5968 -0.0471 -0.8010
vn 0.2673 -0.5894 -0.7623
vn 0.2985 -0.5420 -0.7855
vn -0.3391 -0.5127 -0.7888
vn -0.3391 -0.5127 -0.7887
vn 0.2829 -0.5501 -0.7858
vn -0.1180 0.5270 -0.8416
vn -0.0000 0.5692 -0.8222
vn -0.0001 0.5690 -0.8223
vn -0.1500 0.5133 -0.8450
vn -0.6051 0.0629 -0.7937
vn -0.5647 -0.4864 -0.6667
vn -0.6050 0.0629 -0.7937
vn -0.5890 -0.4555 -0.6675
vn -0.2045 0.7077 -0.6763
vn 0.6453 0.3542 -0.6768
vn 0.2823 0.6585 -0.6977
vn 0.1421 0.0711 -0.9873
vn 0.5197 -0.2913 -0.8032
vn 0.1491 0.0157 -0.9887
vn -0.3936 0.3857 -0.8345
vn 0.3936 0.3858 -0.8344
vn 0.3936 0.3857 -0.8344
vn -0.3936 0.3857 -0.8344
vn -0.3936 0.3858 -0.8344
vn 0.5563 0.3996 -0.7286
vn 0.3609 0.4787 -0.8004
vn 0.6831 -0.0079 -0.7302
vn 0.6831 -0.0078 -0.7303
vn -0.0001 -0.0000 -1.0000
vn -0.2911 -0.5664 -0.7710
vn -0.0000 0.7031 -0.7111
vn 0.0630 0.8040 -0.5912
vn 0.2929 0.5699 -0.7677
vn -0.3154 0.1419 -0.9383
vn 0.2928 0.5699 -0.7678
vn -0.0000 0.6237 -0.7816
vn -0.4168 0.5505 -0.7234
vn -0.4091 -0.0000 -0.9125
vn -0.4091 -0.6452 -0.6453
vn -0.4091 -0.6452 -0.6452
vn -0.5563 0.3996 -0.7286
vn 0.2910 0.5665 -0.7710
vn -0.1972 0.5601 -0.8046
vn -0.2598 0.5118 -0.8189
vn -0.6831 -0.0078 -0.7303
vn -0.6831 -0.0079 -0.7302
vn -0.5334 -0.2509 -0.8078
vn -0.3458 0.3457 -0.8723
vn -0.3458 0.3458 -0.8723
vn -0.5609 -0.1896 -0.8059
vn -0.4036 0.5540 -0.7281
vn 0.3322 0.5140 -0.7908
vn 0.3392 0.5127 -0.7887
vn -0.3154 0.1420 -0.9383
vn -0.2599 -0.5906 -0.7639
vn -0.4496 -0.4338 -0.7809
vn -0.4496 -0.4338 -0.7808
vn 0.3219 0.4790 -0.8167
vn -0.1803 0.5725 -0.7999
vn -0.2755 0.5039 -0.8187
vn 0.2509 0.5334 -0.8078
vn 0.1024 0.8665 -0.4885
vn 0.0631 0.8040 -0.5913
vn 0.0394 0.7559 -0.6536
vn 0.5738 0.3694 -0.7310
vn -0.6286 -0.5500 -0.5499
vn -0.6286 0.5500 -0.5499
vn -0.4176 -0.3388 -0.8431
vn -0.1260 0.5115 -0.8500
vn -0.1501 0.5133 -0.8450
vn -0.1419 0.5046 -0.8516
vn -0.1259 0.5115 -0.8500
vn -0.2282 0.6923 -0.6845
vn -0.2282 0.6924 -0.6845
vn 0.2986 -0.5420 -0.7855
vn 0.5510 -0.3542 -0.7556
vn 0.2829 -0.5500 -0.7858
vn 0.5266 0.2829 -0.8017
vn 0.3220 0.4790 -0.8166
vn 0.5266 0.2829 -0.8016
vn 0.2510 0.5333 -0.8078
vn 0.4564 -0.0000 -0.8898
vn 0.4562 -0.6292 -0.6293
vn 0.4562 0.6292 -0.6293
vn -0.4579 0.3000 -0.8369
vn -0.4579 0.3001 -0.8368
vn -0.3930 -0.0000 -0.9195
vn -0.3959 -0.6493 -0.6493
vn -0.3959 0.6493 -0.6494
vn -0.3959 -0.6493 -0.6494
vn -0.4402 0.3144 -0.8411
vn -0.5270 -0.1180 -0.8416
vn -0.5214 -0.0000 -0.8533
vn -0.5215 -0.0000 -0.8533
vn 0.4250 -0.0000 -0.9052
vn 0.4251 -0.0000 -0.9052
vn -0.4722 -0.0000 -0.8815
vn -0.4731 0.6229 -0.6230
vn -0.4731 -0.6229 -0.6230
vn -0.5509 -0.0236 -0.8342
vn 0.4566 -0.0000 -0.8897
vn 0.4567 -0.0000 -0.8896
vn -0.6285 -0.5500 -0.5499
vn -0.0000 -0.0001 -1.0000
vn -0.6286 -0.0000 -0.7778
vt 0.004397 -9.006110
vt 0.000000 -9.009520
vt 0.006729 -9.006730
vt 0.000000 -9.006110
vt -0.004439 -9.006110
vt 0.003941 -9.003940
vt 0.009515 -9.000000
vt 0.003895 -9.003960
vt 0.002578 -8.998320
vt 0.005574 -9.000000
vt -0.006729 -9.006730
vt -0.003941 -9.003940
vt 0.003941 -8.996060
vt 0.003577 -8.995910
vt 0.003655 -8.995720
vt 0.006729 -8.993270
vt 0.002578 -8.993120
vt 0.000000 -8.990480
vt 0.000000 -8.992050
vt -0.002620 -8.993120
vt -0.006729 -8.993270
vt -0.003696 -8.995720
vt -0.009515 -9.000000
vt -0.005574 -9.000000
vt -0.002620 -8.998320
vt -0.003941 -8.996060
vt -0.003613 -8.995920
vt -0.109784 -9.000000
vt -0.111981 -9.006730
vt -0.109784 -9.008160
vt -0.111981 -9.000000
vt -0.111981 -8.993270
vt -0.109784 -8.991840
vt 0.111981 -9.006730
vt 0.109784 -9.000000
vt 0.109784 -9.008160
vt 0.111981 -8.993270
vt 0.109784 -8.991840
vt 0.111981 -9.000000
vt 0.009740 -9.009740
vt 0.010619 -9.000000
vt 0.007509 -9.007510
vt 0.013774 -9.000000
vt 0.009740 -8.990260
vt -0.000000 -9.010620
vt -0.000000 -9.013770
vt -0.009740 -9.009740
vt 0.004439 -9.006110
vt 0.007509 -8.992490
vt -0.000000 -8.986230
vt 0.006181 -9.000000
vt 0.004370 -8.995630
vt 0.004370 -9.004370
vt 0.004062 -9.004500
vt 0.002620 -8.998320
vt 0.003696 -8.995720
vt 0.003511 -8.995270
vt 0.002620 -8.993120
vt -0.000000 -8.989380
vt -0.000000 -8.992050
vt -0.002578 -8.993120
vt -0.007509 -8.992490
vt -0.009740 -8.990260
vt -0.004370 -8.995630
vt -0.003460 -8.995250
vt -0.003655 -8.995720
vt -0.002578 -8.998320
vt -0.010619 -9.000000
vt -0.013774 -9.000000
vt -0.006181 -9.000000
vt -0.004370 -9.004370
vt -0.004024 -9.004510
vt -0.004397 -9.006110
vt -0.007509 -9.007510
vt -0.000169 -9.006110
vt -0.000000 -9.006180
vt 0.000169 -9.006110
vt 30.014400 -23.048700
vt 29.987101 -23.063700
vt 30.014400 -23.063700
vt 29.987101 -23.048700
vt 30.012400 -22.995300
vt 29.989100 -23.060600
vt 30.012400 -23.060600
vt 29.989100 -22.995300
vt 30.014400 -23.011200
vt 29.987101 -23.011200
vt 30.014400 -22.981199
vt 29.987101 -22.981199
vt 30.014400 -22.975000
vt 29.987101 -22.975000
vt 29.989700 -23.028799
vt 30.011801 -23.028799
vt 30.011801 -23.017500
vt 29.989700 -23.017500
vt 30.011801 -22.998800
vt 29.989700 -22.998800
vt 30.010900 -22.934200
vt 30.012199 -22.944300
vt 30.015100 -22.944300
vt 30.010900 -22.954500
vt 30.008801 -22.936199
vt 30.008801 -22.952400
vt 30.000700 -22.930000
vt 30.000700 -22.958700
vt 30.000700 -22.932899
vt 30.000700 -22.955799
vt 29.992599 -22.936199
vt 29.992599 -22.952400
vt 29.990601 -22.934200
vt 29.989300 -22.944300
vt 29.986401 -22.944300
vt 29.990601 -22.954500
vt 30.006399 -23.019199
vt 29.995100 -23.019199
vt 29.995100 -23.036301
vt 30.006399 -23.036301
vt 30.008600 -23.057501
vt 30.008600 -23.007601
vt 29.992800 -23.057501
vt 29.992800 -23.007601
vt 30.011499 -23.010201
vt 30.011499 -23.056499
vt 29.990000 -23.010201
vt 29.990000 -23.056499
vt 30.012199 -22.991400
vt 29.988199 -22.991400
vt 30.012199 -23.018200
vt 29.988199 -23.018200
vt 30.001801 -22.915001
vt 30.000000 -22.920500
vt 30.003099 -22.920500
vt 30.000000 -22.915001
vt 29.998199 -22.915001
vt 29.996901 -22.920500
vt 30.008600 -23.044300
vt 30.008600 -23.014299
vt 29.992800 -23.014299
vt 29.992800 -23.044300
vt 29.992800 -23.070601
vt 30.008600 -23.070601
vt 30.014000 -23.044600
vt 30.014000 -23.008600
vt 29.986300 -23.044600
vt 29.986300 -23.008600
vt 30.011801 -23.039301
vt 30.011801 -23.018400
vt 29.989700 -23.039301
vt 29.989700 -23.018400
vt 30.010401 -22.948200
vt 29.989599 -22.948200
vt 30.010401 -22.979200
vt 29.989599 -22.979200
vt 30.000000 -22.931801
vt 29.991400 -22.935301
vt 29.987900 -22.943899
vt 30.008600 -22.935301
vt 30.012100 -22.943899
vt 30.012400 -23.023199
vt 30.012400 -23.005600
vt 29.989100 -23.023199
vt 29.989100 -23.044100
vt 30.012400 -23.044100
vt 29.989100 -23.005600
vt 29.988199 -23.011000
vt 30.012199 -23.034201
vt 30.012199 -23.011000
vt 29.988199 -23.034201
vt 30.012199 -23.005400
vt 29.988199 -23.005400
vt 29.969801 -22.941799
vt 29.975201 -22.943701
vt 29.975201 -22.940599
vt 29.969801 -22.943701
vt 29.969801 -22.945499
vt 29.975201 -22.946800
vt 30.024799 -22.943701
vt 30.024799 -22.946800
vt 30.030199 -22.945499
vt 30.030199 -22.943701
vt 30.030199 -22.941799
vt 30.024799 -22.940599
vt 30.012199 -22.978001
vt 29.988199 -22.978001
vt 29.986300 -22.996099
vt 30.014000 -22.996099
vt 30.015600 -22.948000
vt 30.007799 -22.943701
vt 30.007799 -22.948000
vt 30.015600 -22.943701
vt 30.007799 -22.939301
vt 30.015600 -22.939301
vt 29.992201 -22.939301
vt 29.984400 -22.939301
vt 29.992201 -22.943701
vt 29.984400 -22.943701
vt 29.992201 -22.948000
vt 29.984400 -22.948000
vt 30.012199 -22.966400
vt 29.988199 -22.966400
vt 30.011499 -23.045601
vt 30.011499 -23.012501
vt 29.990000 -23.045601
vt 29.990000 -23.012501
vt 30.004400 -22.937401
vt 30.004400 -22.929600
vt 30.000000 -22.937401
vt 30.000000 -22.929600
vt 29.995600 -22.937401
vt 29.995600 -22.929600
vt 30.006201 -22.922701
vt 30.006201 -22.929600
vt 30.000000 -22.922701
vt 29.993799 -22.922701
vt 29.993799 -22.929600
vt 30.012199 -22.978901
vt 29.988199 -22.978901
vt 29.988199 -22.996799
vt 30.012199 -22.996799
vt 30.012199 -22.981701
vt 29.988199 -22.989300
vt 30.012199 -22.989300
vt 29.988199 -22.981701
vt 30.022499 -22.943701
vt 30.015600 -22.949900
vt 30.022499 -22.949900
vt 30.022499 -22.937500
vt 30.015600 -22.937500
vt 29.984400 -22.937500
vt 29.977501 -22.937500
vt 29.977501 -22.943701
vt 29.977501 -22.949900
vt 29.984400 -22.949900
vt 29.988199 -23.006201
vt 30.012199 -23.006201
vt 30.012199 -22.999800
vt 29.988199 -22.999800
vt 30.012199 -23.016399
vt 29.988199 -23.016399
vt 29.995100 -23.048401
vt 30.006399 -23.048401
vt 30.006399 -23.039301
vt 30.006399 -22.998899
vt 29.995100 -22.998899
vt 29.995100 -23.039301
vt 30.340700 -23.000700
vt 30.344500 -22.994200
vt 30.340700 -22.992500
vt 30.344500 -23.000700
vt 30.344500 -23.007299
vt 30.340700 -23.009001
vt 30.184099 -23.007601
vt 30.180599 -23.000700
vt 30.180599 -23.008301
vt 30.184099 -23.000700
vt 30.184099 -22.993900
vt 30.180599 -22.993200
vt 29.690300 -23.012400
vt 29.705099 -23.012400
vt 29.690300 -22.989100
vt 29.705099 -22.989100
vt 29.841200 -23.008600
vt 29.798800 -22.992800
vt 29.798800 -23.008600
vt 29.841200 -22.992800
vt 29.826599 -23.000700
vt 29.819099 -23.010900
vt 29.826599 -23.011999
vt 29.819099 -23.000700
vt 29.819099 -22.990601
vt 29.826599 -22.989500
vt 30.035400 -23.000700
vt 30.044100 -22.988701
vt 30.035400 -22.985701
vt 30.044100 -23.000700
vt 30.044100 -23.012800
vt 30.035400 -23.015800
vt 29.845400 -23.000700
vt 29.855400 -23.000700
vt 29.845400 -22.991400
vt 29.845400 -23.010099
vt 29.855400 -22.989000
vt 29.855400 -23.012501
vt 29.920200 -23.002600
vt 29.922800 -23.000000
vt 29.918400 -23.001801
vt 29.922100 -23.001801
vt 29.918400 -22.998199
vt 29.917700 -23.000000
vt 29.920200 -22.997400
vt 29.922100 -22.998199
vt 29.828100 -22.992800
vt 29.835600 -23.008600
vt 29.835600 -22.992800
vt 29.828100 -23.008600
vt 29.923401 -23.003099
vt 29.926399 -23.000000
vt 29.924700 -23.000000
vt 29.923401 -22.996901
vt 29.924601 -23.004299
vt 29.924601 -22.995701
vt 29.920200 -23.004400
vt 29.920200 -22.995600
vt 29.920200 -23.006100
vt 29.920200 -22.993900
vt 29.915899 -23.004299
vt 29.915899 -22.995701
vt 29.917101 -23.003099
vt 29.917101 -22.996901
vt 29.914101 -23.000000
vt 29.915800 -23.000000
vt 29.996599 -23.013300
vt 29.990400 -23.000700
vt 29.990400 -23.014700
vt 29.996599 -23.000700
vt 29.996599 -22.988199
vt 29.990400 -22.986799
vt 29.914000 -23.006201
vt 29.920200 -23.008801
vt 29.911501 -23.000000
vt 29.926399 -23.006201
vt 29.929001 -23.000000
vt 29.914000 -22.993799
vt 29.920200 -22.991199
vt 29.926399 -22.993799
vt 29.908701 -23.009300
vt 29.908701 -23.000700
vt 29.904100 -23.007900
vt 29.904100 -23.000700
vt 29.904100 -22.993601
vt 29.908701 -22.992201
vt 29.937901 -23.007900
vt 29.933300 -23.000700
vt 29.933300 -23.009300
vt 29.937901 -23.000700
vt 29.937901 -22.993601
vt 29.933300 -22.992201
vt 29.922100 -22.969801
vt 29.920200 -22.975201
vt 29.923401 -22.975201
vt 29.920200 -22.969801
vt 29.918400 -22.969801
vt 29.917101 -22.975201
vt 29.920200 -23.024799
vt 29.922100 -23.030199
vt 29.923401 -23.024799
vt 29.920200 -23.030199
vt 29.917101 -23.024799
vt 29.918400 -23.030199
vt 29.848900 -23.012199
vt 29.870100 -23.012199
vt 29.848900 -22.988199
vt 29.870100 -22.988199
vt 29.830400 -23.008801
vt 29.819099 -23.008801
vt 29.830400 -23.000700
vt 29.819099 -22.992599
vt 29.830400 -22.992599
vt 29.899401 -23.008600
vt 29.899401 -23.000000
vt 29.887199 -23.008600
vt 29.887199 -23.000000
vt 29.899401 -22.991400
vt 29.887199 -22.991400
vt 29.954000 -23.008600
vt 29.954000 -23.000000
vt 29.941900 -23.008600
vt 29.941900 -23.000000
vt 29.954000 -22.991400
vt 29.941900 -22.991400
vt 29.924601 -23.007799
vt 29.920200 -23.015600
vt 29.924601 -23.015600
vt 29.920200 -23.007799
vt 29.915899 -23.015600
vt 29.915899 -23.007799
vt 29.924601 -22.992201
vt 29.924601 -22.984400
vt 29.920200 -22.992201
vt 29.920200 -22.984400
vt 29.915899 -22.992201
vt 29.915899 -22.984400
vt 30.028700 -22.988199
vt 29.966900 -23.012199
vt 30.028700 -23.012199
vt 29.966900 -22.988199
vt 29.947901 -22.988199
vt 29.961901 -23.012199
vt 29.961901 -22.988199
vt 29.947901 -23.012199
vt 29.827200 -23.011499
vt 29.806900 -23.008600
vt 29.804300 -23.011499
vt 29.836700 -23.011499
vt 29.827200 -22.990000
vt 29.804300 -22.990000
vt 29.806900 -22.992800
vt 29.836700 -22.990000
vt 29.910601 -23.012199
vt 29.910601 -22.988199
vt 29.873800 -23.012199
vt 29.873800 -22.988199
vt 30.247000 -23.000700
vt 30.247000 -23.009001
vt 30.247000 -22.992500
vt 30.033400 -23.000700
vt 30.033400 -23.008301
vt 30.033400 -22.993200
vt 29.913300 -22.988199
vt 29.945299 -23.012199
vt 29.945299 -22.988199
vt 29.913300 -23.012199
vt 30.243200 -23.007601
vt 30.243200 -23.000700
vt 30.243200 -22.993900
vt 29.759399 -22.989100
vt 29.759399 -23.012400
vt 29.768499 -23.012400
vt 29.768499 -22.989100
vt 29.790501 -23.012400
vt 29.790501 -22.989100
vt 29.926399 -23.022499
vt 29.920200 -23.022499
vt 29.926399 -23.015600
vt 29.914000 -23.015600
vt 29.914000 -23.022499
vt 29.926399 -22.984400
vt 29.926399 -22.977501
vt 29.920200 -22.977501
vt 29.914000 -22.977501
vt 29.914000 -22.984400
vt 29.876801 -23.008600
vt 29.844900 -23.008600
vt 29.865000 -23.011499
vt 29.875900 -23.011499
vt 29.836000 -23.011499
vt 29.800900 -23.011499
vt 29.836000 -22.990000
vt 29.800900 -22.990000
vt 29.865000 -22.990000
vt 29.876801 -22.992800
vt 29.875900 -22.990000
vt 29.844900 -22.992800
vt 29.889000 -23.014000
vt 29.962500 -23.014000
vt 29.962500 -22.986300
vt 29.889000 -22.986300
vt 29.870399 -23.000700
vt 29.870399 -22.993601
vt 29.870399 -23.007900
vt 30.040899 -23.012199
vt 30.179899 -23.012199
vt 30.179899 -22.988199
vt 30.040899 -22.988199
vt 30.031700 -23.012199
vt 30.031700 -22.988199
vt 30.033899 -23.013800
vt 30.033899 -22.986601
vt 30.028500 -23.010401
vt 30.044100 -23.010401
vt 30.028500 -23.000700
vt 30.028500 -22.991100
vt 30.044100 -22.991100
vt 29.831600 -23.010099
vt 29.831600 -23.000700
vt 29.831600 -22.991400
vt 29.910700 -23.011801
vt 29.864300 -22.989700
vt 29.864300 -23.011801
vt 29.910700 -22.989700
vt 29.890900 -23.012199
vt 29.890900 -22.988199
vt 29.877399 -22.988199
vt 29.877399 -23.012199
vt 29.895500 -23.012199
vt 29.964300 -22.988199
vt 29.895500 -22.988199
vt 29.964300 -23.012199
vt 29.979000 -23.012199
vt 30.020800 -22.988199
vt 29.979000 -22.988199
vt 30.020800 -23.012199
vt 29.971600 -23.000700
vt 29.971600 -23.007900
vt 29.971600 -22.993601
vt 29.858400 -23.011801
vt 29.789200 -22.989700
vt 29.789200 -23.011801
vt 29.858400 -22.989700
vt 30.027901 -23.000700
vt 30.027901 -22.988199
vt 30.027901 -23.013300
vt 29.898001 -23.008600
vt 29.898001 -22.992800
vt 29.771601 -23.012400
vt 29.722401 -22.989100
vt 29.722401 -23.012400
vt 29.771601 -22.989100
vt 29.691799 -22.987101
vt 29.701799 -23.014400
vt 29.701799 -22.987101
vt 29.691799 -23.014400
vt 29.683001 -23.014400
vt 29.683001 -22.987101
vt 30.289000 -23.004700
vt 30.344500 -23.004700
vt 30.289000 -23.000700
vt 30.344500 -22.996799
vt 30.289000 -22.996799
vt 29.655500 -22.990700
vt 29.659300 -22.990700
vt 29.655500 -22.984100
vt 29.659300 -22.982500
vt 29.655500 -22.997299
vt 29.659300 -22.999001
vt 29.819401 -22.990700
vt 29.819401 -22.983200
vt 29.815901 -22.983900
vt 29.815901 -22.990700
vt 29.815901 -22.997601
vt 29.819401 -22.998301
vt 29.820101 -23.011000
vt 29.821800 -22.996700
vt 29.820101 -22.995001
vt 29.821800 -23.010201
vt 30.319500 -23.011200
vt 30.320299 -22.982300
vt 30.316500 -23.011900
vt 30.323200 -22.981199
vt 30.330700 -23.063700
vt 30.344500 -23.048700
vt 30.340900 -23.048500
vt 30.329599 -23.060801
vt 30.309700 -22.995300
vt 30.307100 -23.058100
vt 30.309700 -23.060600
vt 30.307100 -22.996401
vt 29.845100 -23.034201
vt 29.845800 -23.032499
vt 30.180700 -23.084999
vt 30.221701 -23.056499
vt 30.179800 -23.082399
vt 30.180901 -22.954500
vt 30.173401 -22.944300
vt 30.173401 -22.955601
vt 30.180901 -22.944300
vt 30.180901 -22.934200
vt 30.173401 -22.933100
vt 30.316999 -22.975000
vt 30.315800 -22.977800
vt 29.955900 -22.944300
vt 29.964600 -22.944300
vt 29.955900 -22.932301
vt 29.964600 -22.929300
vt 29.955900 -22.956400
vt 29.964600 -22.959400
vt 30.294901 -22.981100
vt 30.293800 -22.983700
vt 30.192900 -23.026600
vt 30.205000 -23.017500
vt 30.202999 -23.016399
vt 30.193800 -23.028799
vt 30.208099 -23.000900
vt 30.210800 -22.998800
vt 30.224501 -23.057501
vt 30.201200 -23.007601
vt 30.199100 -23.010201
vt 30.144600 -22.944300
vt 30.154600 -22.934999
vt 30.144600 -22.932600
vt 30.154600 -22.944300
vt 30.154600 -22.953699
vt 30.144600 -22.956100
vt 29.953600 -22.995001
vt 29.972300 -22.968100
vt 29.971300 -22.966400
vt 29.954599 -22.996700
vt 30.079800 -22.920500
vt 30.077900 -22.915001
vt 30.076599 -22.920500
vt 30.079800 -22.915001
vt 30.082899 -22.920500
vt 30.081600 -22.915001
vt 30.133600 -23.018200
vt 30.151100 -22.991400
vt 30.148001 -22.993099
vt 30.132700 -23.016500
vt 30.009600 -22.944300
vt 30.003401 -22.956900
vt 30.009600 -22.958300
vt 30.003401 -22.944300
vt 30.009600 -22.930401
vt 30.003401 -22.931801
vt 30.045601 -23.044600
vt 30.102900 -23.044600
vt 30.101500 -23.042400
vt 30.046900 -23.042400
vt 30.218599 -23.060600
vt 30.220100 -23.058100
vt 30.122000 -23.008600
vt 30.119301 -23.009001
vt 30.129900 -22.991400
vt 30.126200 -22.978001
vt 30.124901 -22.979700
vt 30.128700 -22.993099
vt 30.298500 -23.058599
vt 30.295700 -23.061199
vt 30.139299 -23.037201
vt 30.136900 -23.018400
vt 30.134100 -23.016199
vt 30.142000 -23.039301
vt 30.051701 -23.034201
vt 30.048599 -23.032499
vt 30.099001 -23.039301
vt 30.099199 -23.037201
vt 30.029200 -23.009001
vt 30.026501 -23.008600
vt 30.168200 -23.026600
vt 30.167200 -23.028799
vt 30.022301 -22.978901
vt 30.028601 -22.993999
vt 30.029699 -22.992300
vt 30.023399 -22.977200
vt 30.108801 -23.018200
vt 30.109699 -23.016500
vt 30.091299 -22.944300
vt 30.095900 -22.944300
vt 30.095900 -22.937201
vt 30.091299 -22.935699
vt 30.157200 -23.018400
vt 30.158199 -23.016199
vt 30.077200 -22.943701
vt 30.079800 -22.946301
vt 30.081600 -22.945499
vt 30.077900 -22.945499
vt 30.081600 -22.941799
vt 30.082300 -22.943701
vt 30.079800 -22.941099
vt 30.077900 -22.941799
vt 30.111000 -22.996099
vt 30.110001 -22.998400
vt 30.180901 -22.936199
vt 30.169600 -22.936199
vt 30.169600 -22.944300
vt 30.180901 -22.952400
vt 30.169600 -22.952400
vt 30.099501 -23.005400
vt 30.041000 -23.003700
vt 30.041700 -23.005400
vt 30.100300 -23.003700
vt 30.085899 -22.943701
vt 30.084101 -22.939301
vt 30.082899 -22.940599
vt 30.084200 -22.943701
vt 30.079800 -22.939301
vt 30.082899 -22.946800
vt 30.079800 -22.937500
vt 30.084101 -22.948000
vt 30.079800 -22.949800
vt 30.079800 -22.948099
vt 30.075399 -22.939301
vt 30.076599 -22.940599
vt 30.073601 -22.943701
vt 30.075300 -22.943701
vt 30.076599 -22.946800
vt 30.075399 -22.948000
vt 30.086000 -22.937500
vt 30.079800 -22.934900
vt 30.088499 -22.943701
vt 30.073601 -22.937500
vt 30.086000 -22.949900
vt 30.070999 -22.943701
vt 30.079800 -22.952400
vt 30.073601 -22.949900
vt 30.066700 -22.944300
vt 30.062099 -22.937201
vt 30.062099 -22.944300
vt 30.066700 -22.935699
vt 30.103600 -23.001499
vt 30.109100 -23.006201
vt 30.104500 -22.999800
vt 30.108299 -23.007900
vt 30.100599 -22.943899
vt 30.112801 -22.935301
vt 30.100599 -22.935301
vt 30.112801 -22.943899
vt 30.046000 -22.943899
vt 30.058100 -22.935301
vt 30.046000 -22.935301
vt 30.058100 -22.943899
vt 30.091499 -23.028400
vt 30.089300 -23.030001
vt 30.031900 -22.968100
vt 30.033100 -22.966400
vt 30.038500 -22.998400
vt 30.037500 -22.996099
vt 30.111300 -22.993999
vt 30.112101 -22.992300
vt 30.021000 -23.016399
vt 30.037100 -23.001499
vt 30.035700 -22.999800
vt 30.022800 -23.018101
vt 30.300600 -22.985399
vt 30.309299 -22.977800
vt 30.288799 -23.014999
vt 30.297300 -23.035601
vt 30.308201 -22.975000
vt 29.966101 -22.996700
vt 29.978701 -22.977200
vt 30.126400 -23.008101
vt 30.090200 -22.979700
vt 30.088400 -22.990999
vt 30.052999 -22.990999
vt 30.036900 -22.979700
vt 30.051201 -22.979700
vt 30.053101 -22.982300
vt 29.977501 -23.018101
vt 30.034599 -23.010799
vt 29.960100 -22.996700
vt 30.088301 -22.982300
vt 30.264799 -23.000601
vt 30.241501 -22.983700
vt 30.238300 -23.000601
vt 30.232700 -22.988701
vt 30.273300 -23.008699
vt 30.233999 -23.003000
vt 30.222500 -23.003000
vt 30.281300 -23.031099
vt 30.211000 -22.988701
vt 30.209101 -23.023399
vt 30.280001 -23.046600
vt 30.189899 -23.020901
vt 30.226900 -23.046600
vt 30.141701 -23.000900
vt 30.136000 -23.009701
vt 30.091499 -23.009701
vt 30.277599 -23.044100
vt 30.228399 -23.044100
vt 30.278700 -23.031500
vt 30.212299 -23.023199
vt 30.271099 -23.010201
vt 30.263599 -23.003000
vt 30.223900 -23.005600
vt 30.235001 -23.005600
vt 30.239500 -23.003000
vt 30.089399 -22.978001
vt 30.038099 -22.978001
vt 30.052099 -22.978001
vt 30.137100 -23.045601
vt 30.155701 -23.082399
vt 30.163300 -23.073200
vt 30.105700 -23.024099
vt 30.128799 -23.012501
vt 30.124100 -23.010201
vt 30.135000 -23.010201
vt 30.172800 -23.073200
vt 30.195700 -23.059401
vt 30.195700 -23.051001
vt 30.164000 -23.010201
vt 30.100599 -22.948200
vt 30.112801 -22.948200
vt 30.112801 -22.979200
vt 30.100599 -22.979200
vt 30.046000 -22.948200
vt 30.058100 -22.948200
vt 30.046000 -22.979200
vt 30.058100 -22.979200
vt 30.240601 -22.981100
vt 30.036699 -23.011000
vt 29.979700 -22.978901
vt 30.095900 -22.951500
vt 30.091299 -22.952900
vt 30.231501 -22.986300
vt 30.209499 -22.986300
vt 29.729099 -23.019199
vt 29.743700 -23.039301
vt 29.743700 -22.998899
vt 29.729099 -23.039301
vt 29.721800 -23.015600
vt 29.692699 -23.015600
vt 29.714600 -23.019199
vt 29.670900 -22.998899
vt 29.700001 -23.019199
vt 29.714600 -23.036301
vt 29.700001 -23.036301
vt 29.685400 -23.019199
vt 29.670900 -23.048401
vt 29.685400 -23.048401
vt 30.154499 -23.084999
vt 30.101999 -23.023701
vt 30.086700 -22.989300
vt 30.054701 -22.989300
vt 30.193100 -23.051800
vt 30.158800 -23.007601
vt 30.193100 -23.058100
vt 30.171900 -23.070601
vt 30.164400 -23.070601
vt 30.139400 -23.044300
vt 30.131901 -23.014299
vt 30.155100 -23.007601
vt 30.054800 -22.981701
vt 30.079800 -22.937401
vt 30.079800 -22.929600
vt 30.075399 -22.937401
vt 30.075399 -22.929600
vt 30.084101 -22.937401
vt 30.084101 -22.929600
vt 29.753000 -22.999001
vt 29.753000 -22.990700
vt 29.753000 -22.982500
vt 30.073601 -22.929600
vt 30.073601 -22.922701
vt 30.079800 -22.922701
vt 30.086000 -22.929600
vt 30.086000 -22.922701
vt 29.959101 -22.995001
vt 30.141600 -22.998800
vt 30.062099 -22.951500
vt 30.066700 -22.952900
vt 30.086599 -22.981701
vt 29.966600 -22.998301
vt 29.966600 -22.990700
vt 29.966600 -22.983200
vt 30.089300 -23.007500
vt 30.122601 -23.006399
vt 30.135700 -23.007500
vt 29.756800 -22.997601
vt 29.756800 -22.990700
vt 29.756800 -22.983900
vt 29.979200 -23.016399
vt 30.129601 -22.944300
vt 30.129601 -22.937201
vt 30.129601 -22.951500
vt 29.955900 -22.934700
vt 29.971500 -22.944300
vt 29.971500 -22.934700
vt 29.971500 -22.954000
vt 29.955900 -22.954000
vt 30.168400 -22.953699
vt 30.168400 -22.944300
vt 30.168400 -22.934999
vt 30.186600 -23.021200
vt 30.028400 -22.951500
vt 30.028400 -22.944300
vt 30.028400 -22.937201
vt 29.972099 -22.931801
vt 29.972099 -22.944300
vt 29.972099 -22.956900
vt 30.123199 -23.007601
vt 29.968300 -22.996799
vt 30.298201 -22.983700
vt 30.294500 -23.036200
vt 30.285700 -23.014999
vt 29.655500 -22.986799
vt 29.711000 -22.990700
vt 29.711000 -22.986799
vt 29.711000 -22.994699
vt 29.655500 -22.994699
vt 29.999300 -23.000000
vt 29.995300 -22.994699
vt 29.992701 -22.997299
vt 29.989901 -22.990700
vt 29.999300 -22.996300
vt 29.993700 -22.990700
vt 30.003201 -22.994699
vt 29.992701 -22.984100
vt 30.005800 -22.997299
vt 30.004801 -22.990700
vt 30.008600 -22.990700
vt 29.995300 -22.986799
vt 29.999300 -22.981400
vt 29.999300 -22.985100
vt 30.003201 -22.986799
vt 30.005800 -22.984100
vt 29.993601 -22.998899
vt 29.993601 -23.048401
vt 30.004900 -23.048401
vt 30.004900 -22.998899
vt 29.987801 -22.995001
vt 29.987801 -23.011000
vt 30.011801 -22.995001
vt 30.011801 -23.011000
vt 29.993601 -23.039301
vt 30.004900 -23.019199
vt 29.993601 -23.019199
vt 30.004900 -23.039301
vt 30.008900 -22.954000
vt 29.999300 -22.961399
vt 30.011299 -22.956400
vt 29.999300 -22.958000
vt 30.012899 -22.944300
vt 29.989599 -22.954000
vt 30.016300 -22.944300
vt 29.987200 -22.956400
vt 30.011299 -22.932301
vt 29.985600 -22.944300
vt 30.008900 -22.934700
vt 29.982201 -22.944300
vt 29.999300 -22.930700
vt 29.987200 -22.932301
vt 29.999300 -22.927299
vt 29.989599 -22.934700
vt 29.987801 -22.966400
vt 30.011801 -22.966400
vt 29.986000 -23.044600
vt 30.013700 -23.008600
vt 29.986000 -23.008600
vt 30.013700 -23.044600
vt 29.987600 -23.010201
vt 30.010900 -23.031500
vt 30.010900 -23.010201
vt 29.987600 -23.031500
vt 29.987600 -23.044100
vt 30.010900 -23.044100
vt 29.987801 -23.018200
vt 30.011801 -23.005400
vt 29.987801 -23.005400
vt 30.011801 -23.018200
vt 29.988199 -23.007500
vt 29.988199 -23.030001
vt 30.010300 -23.030001
vt 30.010300 -23.007500
vt 30.011801 -22.993999
vt 29.987801 -22.993999
vt 29.987801 -23.006399
vt 30.011801 -23.006399
vt 29.986000 -22.996099
vt 30.013700 -22.996099
vt 29.988501 -23.051001
vt 29.988501 -23.059401
vt 29.991400 -23.058100
vt 29.991400 -23.051800
vt 30.007200 -23.058100
vt 30.010000 -23.051001
vt 30.007200 -23.051800
vt 30.010000 -23.059401
vt 29.987801 -22.978901
vt 30.011801 -22.978901
vt 30.011801 -22.981701
vt 29.987801 -22.989300
vt 30.011801 -22.989300
vt 29.987801 -22.981701
vt 30.011801 -22.978001
vt 29.987801 -22.978001
vt 29.987801 -22.999800
vt 30.011801 -23.016399
vt 30.011801 -22.999800
vt 29.987801 -23.016399
vt 30.010300 -22.998800
vt 29.988199 -22.998800
vt 30.010300 -23.018400
vt 29.988199 -23.018400
vt 29.988199 -23.028799
vt 30.010300 -23.028799
vt 29.986401 -23.000900
vt 29.986401 -23.009701
vt 30.012100 -23.000900
vt 30.012100 -23.009701
vt 30.007200 -23.084999
vt 30.007200 -23.023701
vt 29.991400 -23.084999
vt 29.991400 -23.023701
vt 29.991400 -23.007601
vt 30.007200 -23.007601
vt 29.987600 -23.021200
vt 29.987600 -23.060600
vt 30.010900 -23.021200
vt 30.010900 -23.060600
vt 29.987600 -22.986300
vt 30.010900 -22.986300
vt 29.993601 -23.036301
vt 30.004900 -23.036301
vt 29.985600 -23.036200
vt 30.012899 -23.014999
vt 29.985600 -23.014999
vt 30.012899 -22.983700
vt 30.012899 -23.036200
vt 29.985600 -23.061199
vt 30.012899 -23.061199
vt 29.985600 -22.983700
vt 29.659300 -23.000700
vt 29.655500 -23.007299
vt 29.659300 -23.009001
vt 29.655500 -23.000700
vt 29.655500 -22.994200
vt 29.659300 -22.992500
vt 29.819401 -23.000700
vt 29.815901 -23.007601
vt 29.819401 -23.008301
vt 29.815901 -23.000700
vt 29.815901 -22.993900
vt 29.819401 -22.993200
vt 29.820101 -23.012199
vt 29.845100 -23.012199
vt 29.845100 -22.988199
vt 29.820101 -22.988199
vt 30.180700 -23.008600
vt 30.221701 -23.011499
vt 30.224501 -23.008600
vt 30.180700 -22.992800
vt 30.224501 -22.992800
vt 30.221701 -22.990000
vt 29.714600 -23.006399
vt 29.721800 -23.006399
vt 29.721800 -22.995100
vt 29.714600 -22.995100
vt 29.729099 -22.995100
vt 29.729099 -23.006399
vt 30.173401 -23.000700
vt 30.180901 -22.990601
vt 30.173401 -22.989500
vt 30.180901 -23.000700
vt 30.180901 -23.010900
vt 30.173401 -23.011999
vt 29.964600 -23.000700
vt 29.955900 -23.012800
vt 29.964600 -23.015800
vt 29.955900 -23.000700
vt 29.955900 -22.988701
vt 29.964600 -22.985701
vt 30.154499 -23.008600
vt 30.154499 -22.992800
vt 30.154600 -23.010099
vt 30.144600 -23.000700
vt 30.144600 -23.012501
vt 30.154600 -23.000700
vt 30.154600 -22.991400
vt 30.144600 -22.989000
vt 30.155701 -23.011499
vt 30.179800 -23.011499
vt 30.155701 -22.990000
vt 30.179800 -22.990000
vt 30.218599 -23.012400
vt 30.309700 -23.012400
vt 30.309700 -22.989100
vt 30.218599 -22.989100
vt 29.670900 -23.006399
vt 29.685400 -23.006399
vt 29.685400 -22.995100
vt 29.670900 -22.995100
vt 30.330700 -23.014400
vt 30.295700 -22.987101
vt 30.295700 -23.014400
vt 30.330700 -22.987101
vt 30.045601 -23.014000
vt 30.102900 -23.014000
vt 30.102900 -22.986300
vt 30.045601 -22.986300
vt 30.131901 -23.008600
vt 30.155100 -23.008600
vt 30.155100 -22.992800
vt 30.131901 -22.992800
vt 30.003401 -22.988199
vt 30.003401 -23.000700
vt 30.009600 -23.000700
vt 30.003401 -23.013300
vt 30.009600 -22.986799
vt 30.009600 -23.014700
vt 29.743700 -23.006399
vt 29.743700 -22.995100
vt 29.700001 -23.006399
vt 29.700001 -22.995100
vt 30.051701 -23.012199
vt 30.051701 -22.988199
vt 30.167200 -23.011801
vt 30.193800 -23.011801
vt 30.167200 -22.989700
vt 30.193800 -22.989700
vt 30.136900 -23.011801
vt 30.157200 -23.011801
vt 30.136900 -22.989700
vt 30.157200 -22.989700
vt 30.223900 -23.012400
vt 30.235001 -22.989100
vt 30.223900 -22.989100
vt 30.235001 -23.012400
vt 30.239500 -22.989100
vt 30.239500 -23.012400
vt 30.263599 -22.989100
vt 30.263599 -23.012400
vt 30.271099 -22.989100
vt 30.271099 -23.012400
vt 30.099501 -23.012199
vt 30.041700 -22.988199
vt 30.041700 -23.012199
vt 30.099501 -22.988199
vt 30.133600 -23.012199
vt 30.108801 -22.988199
vt 30.108801 -23.012199
vt 30.133600 -22.988199
vt 30.079800 -22.975201
vt 30.077900 -22.969801
vt 30.076599 -22.975201
vt 30.079800 -22.969801
vt 30.082899 -22.975201
vt 30.081600 -22.969801
vt 30.079800 -23.024799
vt 30.076599 -23.024799
vt 30.077900 -23.030199
vt 30.079800 -23.030199
vt 30.081600 -23.030199
vt 30.082899 -23.024799
vt 30.169600 -23.000700
vt 30.169600 -22.992599
vt 30.180901 -22.992599
vt 30.180901 -23.008801
vt 30.169600 -23.008801
vt 30.099001 -23.011801
vt 30.089300 -22.989700
vt 30.089300 -23.011801
vt 30.099001 -22.989700
vt 30.142000 -22.989700
vt 30.142000 -23.011801
vt 30.075399 -23.015600
vt 30.079800 -23.007799
vt 30.075399 -23.007799
vt 30.079800 -23.015600
vt 30.084101 -23.007799
vt 30.084101 -23.015600
vt 30.079800 -22.992201
vt 30.079800 -22.984400
vt 30.075399 -22.992201
vt 30.075399 -22.984400
vt 30.084101 -22.992201
vt 30.084101 -22.984400
vt 30.028601 -23.012199
vt 30.111300 -23.012199
vt 30.111300 -22.988199
vt 30.028601 -22.988199
vt 29.753000 -22.992500
vt 29.753000 -23.000700
vt 29.753000 -23.009001
vt 30.022301 -22.988199
vt 29.979700 -22.988199
vt 30.022301 -23.012199
vt 29.979700 -23.012199
vt 29.966600 -23.008301
vt 29.966600 -23.000700
vt 29.966600 -22.993200
vt 29.756800 -23.007601
vt 29.756800 -23.000700
vt 29.756800 -22.993900
vt 30.095900 -23.007900
vt 30.091299 -23.000700
vt 30.091299 -23.009300
vt 30.095900 -23.000700
vt 30.095900 -22.993601
vt 30.091299 -22.992201
vt 30.079800 -23.022499
vt 30.073601 -23.015600
vt 30.073601 -23.022499
vt 30.086000 -23.022499
vt 30.086000 -23.015600
vt 30.073601 -22.984400
vt 30.073601 -22.977501
vt 30.079800 -22.977501
vt 30.086000 -22.984400
vt 30.086000 -22.977501
vt 30.129601 -23.007900
vt 30.129601 -23.000700
vt 30.129601 -22.993601
vt 30.062099 -23.007900
vt 30.066700 -23.009300
vt 30.066700 -23.000700
vt 30.062099 -23.000700
vt 30.062099 -22.993601
vt 30.066700 -22.992201
vt 29.971500 -23.000700
vt 29.955900 -22.991100
vt 29.971500 -22.991100
vt 29.971500 -23.010401
vt 29.955900 -23.010401
vt 30.168400 -23.010099
vt 30.168400 -23.000700
vt 30.168400 -22.991400
vt 30.028400 -23.000700
vt 30.028400 -22.993601
vt 30.028400 -23.007900
vt 29.972099 -23.013300
vt 29.972099 -23.000700
vt 29.972099 -22.988199
vt 30.079800 -22.991199
vt 30.075399 -22.995600
vt 30.079800 -22.993799
vt 30.084101 -22.995600
vt 30.073601 -22.993799
vt 30.086000 -22.993799
vt 30.073601 -23.000000
vt 30.085899 -23.000000
vt 30.070999 -23.000000
vt 30.088499 -23.000000
vt 30.075399 -23.004400
vt 30.084101 -23.004400
vt 30.073601 -23.006201
vt 30.086000 -23.006201
vt 30.079800 -23.008801
vt 30.079800 -23.006201
vt 29.692699 -22.995100
vt 29.692699 -23.006399
vt 29.711000 -23.000700
vt 29.655500 -22.996799
vt 29.711000 -22.996799
vt 29.711000 -23.004700
vt 29.655500 -23.004700
vt 30.340700 -22.990700
vt 30.344500 -22.984100
vt 30.340700 -22.982500
vt 30.344500 -22.990700
vt 30.344500 -22.997299
vt 30.340700 -22.999001
vt 30.180599 -22.990700
vt 30.184099 -22.983900
vt 30.180599 -22.983200
vt 30.184099 -22.990700
vt 30.184099 -22.997601
vt 30.180599 -22.998301
vt 30.179899 -23.011000
vt 30.179899 -22.995001
vt 30.178200 -22.996700
vt 30.178200 -23.010201
vt 29.680500 -23.011200
vt 29.679701 -22.982300
vt 29.676800 -22.981199
vt 29.683500 -23.011900
vt 29.669300 -23.063700
vt 29.659100 -23.048500
vt 29.655500 -23.048700
vt 29.670401 -23.060801
vt 29.690300 -22.995300
vt 29.692900 -23.058100
vt 29.692900 -22.996401
vt 29.690300 -23.060600
vt 30.154900 -23.034201
vt 30.154200 -23.032499
vt 29.778299 -23.056499
vt 29.819300 -23.084999
vt 29.820200 -23.082399
vt 29.683001 -22.975000
vt 29.684200 -22.977800
vt 29.826599 -22.944300
vt 29.819099 -22.954500
vt 29.826599 -22.955601
vt 29.819099 -22.944300
vt 29.819099 -22.934200
vt 29.826599 -22.933100
vt 30.035400 -22.944300
vt 30.044100 -22.932301
vt 30.035400 -22.929300
vt 30.044100 -22.944300
vt 30.044100 -22.956400
vt 30.035400 -22.959400
vt 29.795000 -23.017500
vt 29.791901 -23.000900
vt 29.789200 -22.998800
vt 29.797001 -23.016399
vt 29.705099 -22.981100
vt 29.706200 -22.983700
vt 29.775499 -23.057501
vt 29.800900 -23.010201
vt 29.798800 -23.007601
vt 29.807100 -23.026600
vt 29.806200 -23.028799
vt 29.845400 -22.934999
vt 29.855400 -22.944300
vt 29.855400 -22.932600
vt 29.845400 -22.944300
vt 29.845400 -22.953699
vt 29.855400 -22.956100
vt 30.027700 -22.968100
vt 30.046400 -22.995001
vt 30.028700 -22.966400
vt 30.045401 -22.996700
vt 29.920200 -22.920500
vt 29.923401 -22.920500
vt 29.922100 -22.915001
vt 29.920200 -22.915001
vt 29.918400 -22.915001
vt 29.917101 -22.920500
vt 29.866400 -23.018200
vt 29.851999 -22.993099
vt 29.848900 -22.991400
vt 29.867300 -23.016500
vt 29.990400 -22.944300
vt 29.990400 -22.958300
vt 29.996599 -22.956900
vt 29.996599 -22.944300
vt 29.996599 -22.931801
vt 29.990400 -22.930401
vt 29.781401 -23.060600
vt 29.779900 -23.058100
vt 29.897100 -23.044600
vt 29.954399 -23.044600
vt 29.953100 -23.042400
vt 29.898500 -23.042400
vt 29.880699 -23.009001
vt 29.878000 -23.008600
vt 29.875099 -22.979700
vt 29.870100 -22.991400
vt 29.871300 -22.993099
vt 29.873800 -22.978001
vt 29.701500 -23.058599
vt 29.704300 -23.061199
vt 29.860701 -23.037201
vt 29.865900 -23.016199
vt 29.863100 -23.018400
vt 29.858000 -23.039301
vt 29.900999 -23.039301
vt 29.900801 -23.037201
vt 29.951401 -23.032499
vt 29.948299 -23.034201
vt 29.970800 -23.009001
vt 29.973499 -23.008600
vt 29.832800 -23.028799
vt 29.831800 -23.026600
vt 29.977699 -22.978901
vt 29.970301 -22.992300
vt 29.971399 -22.993999
vt 29.976601 -22.977200
vt 29.891199 -23.018200
vt 29.890301 -23.016500
vt 29.904100 -22.937201
vt 29.908701 -22.944300
vt 29.908701 -22.935699
vt 29.904100 -22.944300
vt 29.841801 -23.016199
vt 29.842800 -23.018400
vt 29.922800 -22.943701
vt 29.920200 -22.941099
vt 29.918400 -22.941799
vt 29.922100 -22.941799
vt 29.918400 -22.945499
vt 29.917700 -22.943701
vt 29.920200 -22.946301
vt 29.922100 -22.945499
vt 29.889000 -22.996099
vt 29.889999 -22.998400
vt 29.830400 -22.936199
vt 29.819099 -22.936199
vt 29.830400 -22.944300
vt 29.819099 -22.952400
vt 29.830400 -22.952400
vt 29.900499 -23.005400
vt 29.959000 -23.003700
vt 29.899700 -23.003700
vt 29.958300 -23.005400
vt 29.926399 -22.943701
vt 29.923401 -22.946800
vt 29.924601 -22.948000
vt 29.920200 -22.949800
vt 29.924700 -22.943701
vt 29.920200 -22.948099
vt 29.923401 -22.940599
vt 29.917101 -22.946800
vt 29.924601 -22.939301
vt 29.915899 -22.948000
vt 29.920200 -22.939301
vt 29.914101 -22.943701
vt 29.920200 -22.937500
vt 29.915800 -22.943701
vt 29.915899 -22.939301
vt 29.917101 -22.940599
vt 29.937901 -22.937201
vt 29.933300 -22.935699
vt 29.933300 -22.944300
vt 29.937901 -22.944300
vt 29.920200 -22.952400
vt 29.926399 -22.949900
vt 29.914000 -22.949900
vt 29.929001 -22.943701
vt 29.911501 -22.943701
vt 29.926399 -22.937500
vt 29.920200 -22.934900
vt 29.914000 -22.937500
vt 29.896400 -23.001499
vt 29.890900 -23.006201
vt 29.891701 -23.007900
vt 29.899401 -22.943899
vt 29.887199 -22.943899
vt 29.887199 -22.948200
vt 29.899401 -22.948200
vt 29.899401 -22.935301
vt 29.887199 -22.935301
vt 29.887199 -22.979200
vt 29.899401 -22.979200
vt 29.954000 -22.943899
vt 29.941900 -22.943899
vt 29.941900 -22.948200
vt 29.954000 -22.935301
vt 29.954000 -22.948200
vt 29.941900 -22.979200
vt 29.954000 -22.979200
vt 29.941900 -22.935301
vt 29.910700 -23.030001
vt 29.908501 -23.028400
vt 29.966900 -22.966400
vt 29.968100 -22.968100
vt 29.962500 -22.996099
vt 29.961500 -22.998400
vt 29.887899 -22.992300
vt 29.888700 -22.993999
vt 29.699400 -22.985399
vt 29.690701 -22.977800
vt 29.711201 -23.014999
vt 29.702700 -23.035601
vt 29.979000 -23.016399
vt 29.962900 -23.001499
vt 29.977200 -23.018101
vt 29.964300 -22.999800
vt 29.691799 -22.975000
vt 29.767300 -22.988701
vt 29.777500 -23.003000
vt 29.789000 -22.988701
vt 29.766001 -23.003000
vt 29.790899 -23.023399
vt 29.761700 -23.000601
vt 29.810101 -23.020901
vt 29.758499 -22.983700
vt 29.735201 -23.000601
vt 29.773100 -23.046600
vt 29.719999 -23.046600
vt 29.726700 -23.008699
vt 29.718700 -23.031099
vt 30.021299 -22.977200
vt 29.965401 -23.010799
vt 30.022499 -23.018101
vt 30.039900 -22.996700
vt 30.033899 -22.996700
vt 29.909800 -22.979700
vt 29.911600 -22.990999
vt 29.947001 -22.990999
vt 29.873600 -23.008101
vt 29.963100 -22.979700
vt 29.948799 -22.979700
vt 29.946899 -22.982300
vt 29.911699 -22.982300
vt 29.858299 -23.000900
vt 29.864000 -23.009701
vt 29.908501 -23.009701
vt 29.776100 -23.005600
vt 29.764999 -23.005600
vt 29.787701 -23.023199
vt 29.760500 -23.003000
vt 29.736401 -23.003000
vt 29.771601 -23.044100
vt 29.722401 -23.044100
vt 29.728901 -23.010201
vt 29.721300 -23.031500
vt 29.804300 -23.059401
vt 29.804300 -23.051001
vt 29.836000 -23.010201
vt 29.827200 -23.073200
vt 29.836700 -23.073200
vt 29.844299 -23.082399
vt 29.862900 -23.045601
vt 29.894300 -23.024099
vt 29.871201 -23.012501
vt 29.875900 -23.010201
vt 29.865000 -23.010201
vt 29.961901 -22.978001
vt 29.947901 -22.978001
vt 29.910601 -22.978001
vt 29.759399 -22.981100
vt 29.904100 -22.951500
vt 29.908701 -22.952900
vt 29.963301 -23.011000
vt 30.020300 -22.978901
vt 29.768499 -22.986300
vt 29.790501 -22.986300
vt 30.270901 -23.019199
vt 30.256300 -23.039301
vt 30.270901 -23.039301
vt 30.256300 -22.998899
vt 30.278200 -23.015600
vt 30.307301 -23.015600
vt 30.329100 -22.998899
vt 30.285400 -23.019199
vt 30.314600 -23.019199
vt 30.329100 -23.048401
vt 30.314600 -23.048401
vt 30.299999 -23.019199
vt 30.299999 -23.036301
vt 30.285400 -23.036301
vt 29.845501 -23.084999
vt 29.898001 -23.023701
vt 29.806900 -23.051800
vt 29.841200 -23.007601
vt 29.806900 -23.058100
vt 29.828100 -23.070601
vt 29.835600 -23.070601
vt 29.860600 -23.044300
vt 29.868099 -23.014299
vt 29.844900 -23.007601
vt 29.945299 -22.989300
vt 29.913300 -22.989300
vt 29.945200 -22.981701
vt 29.924601 -22.929600
vt 29.920200 -22.937401
vt 29.924601 -22.937401
vt 29.920200 -22.929600
vt 29.915899 -22.937401
vt 29.915899 -22.929600
vt 30.247000 -22.999001
vt 30.247000 -22.990700
vt 30.247000 -22.982500
vt 29.920200 -22.922701
vt 29.926399 -22.929600
vt 29.926399 -22.922701
vt 29.914000 -22.922701
vt 29.914000 -22.929600
vt 30.040899 -22.995001
vt 29.895500 -22.999800
vt 29.877399 -23.006399
vt 29.858400 -22.998800
vt 29.937901 -22.951500
vt 29.933300 -22.952900
vt 29.913401 -22.981701
vt 30.033400 -22.998301
vt 30.033400 -22.990700
vt 30.033400 -22.983200
vt 29.910700 -23.007500
vt 29.864300 -23.007500
vt 30.243200 -22.997601
vt 30.243200 -22.990700
vt 30.243200 -22.983900
vt 30.020800 -23.016399
vt 29.870399 -22.937201
vt 29.870399 -22.944300
vt 29.870399 -22.951500
vt 30.028500 -22.934700
vt 30.044100 -22.934700
vt 30.028500 -22.944300
vt 30.044100 -22.954000
vt 30.028500 -22.954000
vt 29.831600 -22.944300
vt 29.831600 -22.953699
vt 29.831600 -22.934999
vt 29.813400 -23.021200
vt 29.971600 -22.944300
vt 29.971600 -22.951500
vt 29.971600 -22.937201
vt 29.876801 -23.007601
vt 30.027901 -22.931801
vt 30.027901 -22.944300
vt 30.027901 -22.956900
vt 30.031700 -22.996799
vt 29.701799 -22.983700
vt 29.705500 -23.036200
vt 29.714300 -23.014999
vt 30.289000 -22.986799
vt 30.344500 -22.986799
vt 30.289000 -22.990700
vt 30.344500 -22.994699
vt 30.289000 -22.994699
s 1
usemtl Meshpart1Mtl.001
f 5/1/1 3/2/2 1/3/3
f 3/2/2 5/1/1 6/4/4
f 7/5/5 3/2/2 6/4/4
f 8/6/6 5/1/1 1/3/3
f 2/7/7 8/6/6 1/3/3
f 5/1/1 8/6/6 9/8/8
f 8/6/6 10/9/9 9/8/8
f 8/6/6 2/7/7 11/10/10
f 11/10/10 10/9/9 8/6/6
f 3/2/2 7/5/5 12/11/11
f 13/12/12 12/11/11 7/5/5
f 10/9/9 11/10/10 14/13/13
f 2/7/7 14/13/13 11/10/10
f 14/13/13 15/14/14 10/9/9
f 14/13/13 16/15/15 15/14/14
f 14/13/13 2/7/7 4/16/16
f 16/15/15 14/13/13 4/16/16
f 4/16/16 17/17/15 16/15/15
f 18/18/17 17/17/15 4/16/16
f 17/17/15 18/18/17 19/19/18
f 20/20/19 19/19/18 18/18/17
f 18/18/17 21/21/20 20/20/19
f 21/21/20 22/22/19 20/20/19
f 23/23/21 12/11/11 13/12/12
f 13/12/12 24/24/22 23/23/21
f 13/12/12 25/25/9 24/24/22
f 23/23/21 26/26/23 21/21/20
f 22/22/19 21/21/20 26/26/23
f 26/26/23 23/23/21 24/24/22
f 25/25/9 26/26/23 24/24/22
f 26/26/23 27/27/24 22/22/19
f 26/26/23 25/25/9 27/27/24
f 30/28/25 28/29/26 29/30/27
f 28/29/26 30/28/25 31/31/28
f 32/32/29 31/31/28 30/28/25
f 30/28/25 33/33/30 32/32/29
f 34/34/31 36/35/32 35/36/33
f 36/35/32 37/37/34 38/38/35
f 37/37/34 36/35/32 39/39/36
f 36/35/32 34/34/31 39/39/36
f 40/40/37 41/41/38 42/42/39
f 41/41/38 40/40/37 43/43/40
f 44/44/41 41/41/38 43/43/40
f 45/45/42 40/40/37 42/42/39
f 40/40/37 45/45/42 46/46/43
f 47/47/44 46/46/43 45/45/42
f 45/45/42 42/42/39 48/48/45
f 41/41/38 44/44/41 49/49/46
f 50/50/47 49/49/46 44/44/41
f 51/51/48 42/42/39 41/41/38
f 41/41/38 49/49/46 52/52/49
f 52/52/49 51/51/48 41/41/38
f 53/53/50 48/48/45 42/42/39
f 42/42/39 51/51/48 53/53/50
f 48/48/45 53/53/50 54/54/51
f 55/55/52 54/54/51 53/53/50
f 55/55/52 53/53/50 51/51/48
f 51/51/48 52/52/49 55/55/52
f 55/55/52 52/52/49 56/56/52
f 52/52/49 57/57/53 56/56/52
f 58/58/54 57/57/53 52/52/49
f 52/52/49 49/49/46 58/58/54
f 59/59/55 58/58/54 49/49/46
f 49/49/46 50/50/47 59/59/55
f 58/58/54 59/59/55 60/60/56
f 59/59/55 61/61/57 60/60/56
f 50/50/47 62/62/58 59/59/55
f 61/61/57 59/59/55 62/62/58
f 50/50/47 63/63/59 62/62/58
f 64/64/60 61/61/57 62/62/58
f 61/61/57 64/64/60 65/65/61
f 66/66/52 65/65/61 64/64/60
f 64/64/60 67/67/52 66/66/52
f 68/68/62 62/62/58 63/63/59
f 68/68/62 64/64/60 62/62/58
f 63/63/59 69/69/63 68/68/62
f 67/67/52 64/64/60 70/70/64
f 64/64/60 68/68/62 70/70/64
f 47/47/44 68/68/62 69/69/63
f 71/71/65 67/67/52 70/70/64
f 68/68/62 71/71/65 70/70/64
f 67/67/52 71/71/65 72/72/66
f 71/71/65 73/73/67 72/72/66
f 71/71/65 68/68/62 74/74/68
f 68/68/62 47/47/44 74/74/68
f 73/73/67 71/71/65 74/74/68
f 47/47/44 45/45/42 74/74/68
f 74/74/68 45/45/42 73/73/67
f 75/75/69 73/73/67 45/45/42
f 45/45/42 76/76/70 75/75/69
f 77/77/71 75/75/69 76/76/70
f 45/45/42 77/77/71 76/76/70
f 48/48/45 77/77/71 45/45/42
f 78/34/3 80/35/72 79/36/73
f 80/35/72 78/34/3 81/39/74
f 82/37/75 80/35/72 81/39/74
f 80/35/72 82/37/75 83/38/33
f 84/28/76 85/29/77 86/30/78
f 85/29/77 84/28/76 87/31/79
f 84/28/76 88/32/16 87/31/79
f 88/32/16 84/28/76 89/33/80
f 90/78/81 91/79/81 92/80/81
f 91/79/81 90/78/81 93/81/81
f 94/82/82 95/83/83 96/84/83
f 95/83/83 94/82/82 97/85/82
f 98/86/84 99/81/85 100/78/85
f 99/81/85 98/86/84 101/87/84
f 102/88/86 101/87/84 98/86/84
f 101/87/84 102/88/86 103/89/86
f 104/90/87 105/91/87 106/88/86
f 106/88/86 105/91/87 107/89/86
f 108/92/83 109/93/83 110/94/88
f 110/94/88 111/95/88 108/92/83
f 112/96/89 113/97/89 111/95/90
f 114/94/90 112/96/89 111/95/90
f 115/98/9 116/99/9 117/100/9
f 116/99/9 118/101/9 117/100/9
f 116/99/9 115/98/9 119/102/9
f 118/101/9 116/99/9 120/103/9
f 121/104/9 119/102/9 115/98/9
f 120/103/9 122/105/9 118/101/9
f 119/102/9 121/104/9 123/106/9
f 120/103/9 124/107/9 122/105/9
f 121/104/9 125/108/9 123/106/9
f 126/109/9 122/105/9 124/107/9
f 125/108/9 121/104/9 127/110/9
f 127/110/9 128/111/9 125/108/9
f 128/111/9 127/110/9 129/112/9
f 122/105/9 126/109/9 130/113/9
f 131/111/9 130/113/9 126/109/9
f 130/113/9 131/111/9 132/112/9
f 133/114/91 134/115/91 135/116/9
f 136/117/9 133/114/91 135/116/9
f 138/118/92 139/119/93 137/120/92
f 140/121/93 137/120/92 139/119/93
f 142/122/94 141/118/95 143/123/96
f 144/120/97 145/124/98 146/125/99
f 147/126/100 148/127/100 149/128/100
f 150/128/101 151/127/101 152/129/101
f 153/130/102 155/131/103 154/132/102
f 155/131/103 153/130/102 156/133/104
f 157/134/105 155/131/103 156/133/104
f 155/131/103 157/134/105 158/135/105
f 161/136/106 159/137/107 160/138/107
f 161/136/106 160/138/107 162/139/106
f 161/136/106 162/139/106 163/140/108
f 164/141/108 161/136/106 163/140/108
f 165/142/109 166/143/109 167/144/109
f 166/143/109 168/145/109 167/144/109
f 169/146/110 170/147/110 171/148/110
f 170/147/110 172/149/110 171/148/110
f 173/150/9 174/151/9 175/152/9
f 175/152/9 174/151/9 176/153/9
f 177/150/9 178/154/9 179/151/9
f 179/151/9 178/154/9 180/155/9
f 179/151/9 180/155/9 181/156/9
f 178/154/9 177/150/9 182/157/9
f 182/157/9 177/150/9 183/158/9
f 184/159/111 185/160/112 186/161/113
f 184/159/111 186/161/113 187/162/114
f 188/163/114 184/159/111 187/162/114
f 185/160/112 189/164/112 186/161/113
f 190/165/115 191/166/116 192/167/115
f 191/166/116 190/165/115 193/168/117
f 194/169/118 190/165/115 192/167/115
f 190/165/115 194/169/118 195/170/118
f 196/171/119 198/172/120 197/173/119
f 198/172/120 196/171/119 199/174/121
f 200/175/122 198/172/120 199/174/121
f 198/172/120 200/175/122 201/176/122
f 204/177/123 203/178/124 202/179/124
f 205/180/125 204/177/123 202/179/124
f 206/181/126 204/177/123 205/180/125
f 204/177/123 206/181/126 207/182/127
f 210/183/128 209/127/129 208/126/129
f 209/127/129 210/183/128 211/184/130
f 212/185/131 213/143/131 214/186/131
f 213/143/131 212/185/131 215/145/131
f 217/187/83 218/188/9 216/189/83
f 219/190/9 218/188/9 217/187/83
f 219/190/9 220/191/132 218/188/9
f 220/191/132 219/190/9 221/192/133
f 222/193/133 223/194/132 224/195/9
f 224/195/9 223/194/132 225/196/9
f 224/195/9 225/196/9 226/197/83
f 226/197/83 225/196/9 227/198/83
f 230/184/134 228/199/134 229/200/134
f 228/199/134 230/184/134 231/183/134
f 232/201/135 234/137/136 233/136/135
f 232/201/135 235/202/137 234/137/136
f 238/138/138 236/203/139 237/139/139
f 236/203/139 238/138/138 239/204/140
f 240/205/141 241/206/141 242/207/9
f 243/208/9 242/207/9 241/206/141
f 242/207/9 243/208/9 244/209/142
f 245/210/142 244/209/142 243/208/9
f 246/211/141 248/208/9 247/212/141
f 248/208/9 246/211/141 249/213/9
f 250/214/142 248/208/9 249/213/9
f 248/208/9 250/214/142 251/215/142
f 253/216/143 252/217/143 254/218/144
f 255/219/144 253/216/143 254/218/144
f 256/220/145 257/221/146 258/222/146
f 257/221/146 256/220/145 259/223/147
f 260/154/9 261/150/9 262/157/9
f 262/157/9 261/150/9 263/158/9
f 261/150/9 260/154/9 264/151/9
f 265/155/9 264/151/9 260/154/9
f 264/151/9 265/155/9 266/156/9
f 267/152/9 268/151/9 269/153/9
f 268/151/9 267/152/9 270/150/9
f 271/183/148 272/223/148 273/220/148
f 272/223/148 271/183/148 274/184/148
f 277/224/9 276/225/83 275/226/149
f 276/225/83 277/224/9 278/190/9
f 279/227/133 278/190/9 277/224/9
f 278/190/9 279/227/133 280/228/133
f 282/229/133 281/230/133 283/231/9
f 284/196/9 282/229/133 283/231/9
f 284/196/9 283/231/9 285/232/83
f 286/233/83 284/196/9 285/232/83
f 287/234/150 288/235/150 289/236/150
f 289/236/150 290/237/151 287/234/150
f 292/238/152 293/218/153 291/239/152
f 292/238/152 294/219/153 293/218/153
f 295/115/91 296/240/9 297/114/91
f 298/241/9 297/114/91 296/240/9
f 299/242/9 300/243/9 301/244/9
f 299/242/9 301/244/9 302/245/9
f 305/246/154 303/247/155 304/248/155
f 303/247/155 305/246/154 306/249/156
f 305/246/154 307/250/157 306/249/156
f 307/250/157 305/246/154 308/251/157
f 309/252/158 310/253/159 311/254/160
f 310/253/159 309/252/158 312/255/159
f 313/256/161 310/253/159 312/255/159
f 310/253/159 313/256/161 314/257/162
f 315/258/163 316/259/164 317/260/163
f 316/259/164 318/261/165 317/260/163
f 321/262/166 320/263/167 319/264/167
f 320/263/167 321/262/166 322/265/166
f 325/266/168 323/267/169 324/268/169
f 323/267/169 325/266/168 326/269/168
f 326/269/168 325/266/168 327/270/170
f 325/266/168 328/271/170 327/270/170
f 331/272/171 329/273/172 330/274/172
f 329/273/172 331/272/171 332/275/173
f 331/272/171 333/276/174 332/275/173
f 333/276/174 331/272/171 334/277/174
f 335/278/175 336/279/176 337/280/177
f 338/281/178 336/279/176 335/278/175
f 336/279/176 339/282/177 337/280/177
f 336/279/176 338/281/178 340/283/178
f 341/284/166 342/285/166 343/286/166
f 342/285/166 341/284/166 344/287/166
f 342/285/166 345/288/166 343/286/166
f 343/286/166 345/288/166 346/289/166
f 342/285/166 347/290/166 345/288/166
f 347/290/166 342/285/166 348/291/166
f 351/292/179 350/293/180 349/294/180
f 350/293/180 351/292/179 352/295/179
f 353/296/166 354/297/166 355/298/166
f 354/297/166 356/299/166 355/298/166
f 354/297/166 353/296/166 357/300/166
f 356/299/166 354/297/166 358/301/166
f 353/296/166 359/302/166 357/300/166
f 358/301/166 360/303/166 356/299/166
f 361/304/166 357/300/166 359/302/166
f 360/303/166 358/301/166 362/305/166
f 359/302/166 363/306/166 361/304/166
f 364/307/166 360/303/166 362/305/166
f 363/306/166 359/302/166 365/308/166
f 360/303/166 364/307/166 366/309/166
f 365/308/166 367/310/166 363/306/166
f 367/310/166 366/309/166 364/307/166
f 367/310/166 365/308/166 368/311/166
f 366/309/166 367/310/166 368/311/166
f 369/312/181 371/313/182 370/314/183
f 371/313/182 369/312/181 372/315/184
f 373/316/185 371/313/182 372/315/184
f 371/313/182 373/316/185 374/317/186
f 375/318/187 376/319/188 377/304/188
f 375/318/187 377/304/188 378/306/189
f 376/319/188 379/300/190 377/304/188
f 380/320/191 375/318/187 378/306/189
f 379/300/190 376/319/188 381/321/190
f 380/320/191 378/306/189 382/310/191
f 383/322/192 379/300/190 381/321/190
f 382/310/191 384/323/193 380/320/191
f 379/300/190 383/322/192 385/297/192
f 384/323/193 382/310/191 386/307/194
f 387/305/195 384/323/193 386/307/194
f 384/323/193 387/305/195 388/324/195
f 389/325/196 385/297/192 383/322/192
f 385/297/192 389/325/196 390/301/196
f 391/324/197 390/301/196 389/325/196
f 390/301/196 391/324/197 392/305/197
f 393/326/198 394/327/199 395/328/198
f 395/328/198 394/327/199 396/329/200
f 397/327/199 398/330/201 399/329/202
f 398/330/201 397/327/199 400/331/203
f 401/332/204 402/333/205 403/334/204
f 402/333/205 401/332/204 404/335/206
f 405/336/207 406/333/208 407/335/206
f 406/333/208 405/336/207 408/337/209
f 409/338/210 411/339/211 410/340/212
f 411/339/211 409/338/210 412/341/211
f 413/342/213 411/339/211 412/341/211
f 411/339/211 413/342/213 414/343/213
f 417/344/214 415/345/215 416/346/215
f 415/345/215 417/344/214 418/347/214
f 421/344/216 420/348/217 419/349/218
f 422/347/216 421/344/216 419/349/218
f 423/350/166 424/351/219 425/352/166
f 424/351/219 426/353/219 425/352/166
f 428/354/220 429/269/166 427/355/220
f 429/269/166 428/354/220 430/356/166
f 430/356/166 431/357/221 429/269/166
f 431/357/221 430/356/166 432/358/221
f 433/359/221 435/360/166 434/361/221
f 434/361/221 435/360/166 436/362/166
f 435/360/166 437/363/220 436/362/166
f 436/362/166 437/363/220 438/364/220
f 439/365/221 441/366/166 440/367/221
f 440/367/221 441/366/166 442/368/166
f 441/366/166 443/369/220 442/368/166
f 442/368/166 443/369/220 444/370/222
f 445/371/223 446/372/224 447/373/223
f 446/372/224 445/371/223 448/374/166
f 450/375/133 451/374/166 449/376/133
f 452/372/166 451/374/166 450/375/133
f 453/377/223 454/378/223 455/379/225
f 455/379/225 454/378/223 456/380/225
f 455/379/225 456/380/225 457/381/226
f 457/381/226 456/380/225 458/382/133
f 459/383/166 460/384/134 461/385/166
f 460/384/134 459/383/166 462/386/134
f 465/387/166 464/388/134 463/389/134
f 464/388/134 465/387/166 466/390/166
f 469/391/227 468/392/228 467/393/229
f 469/391/230 471/293/231 470/295/232
f 469/391/230 472/394/231 471/293/231
f 475/395/233 474/396/234 473/397/235
f 477/294/236 475/395/237 476/292/238
f 475/395/237 477/294/236 478/398/236
f 479/399/166 480/400/166 481/401/166
f 481/401/166 480/400/166 482/402/166
f 484/251/239 485/403/166 483/404/221
f 485/403/166 484/251/239 486/246/166
f 486/246/166 487/405/220 485/403/166
f 487/405/220 486/246/166 488/248/220
f 490/254/221 491/406/166 489/407/221
f 491/406/166 490/254/221 492/253/166
f 492/253/166 493/408/220 491/406/166
f 493/408/220 492/253/166 494/257/220
f 497/409/240 496/410/241 495/411/241
f 496/410/241 497/409/240 498/412/240
f 500/413/221 501/255/166 499/252/221
f 501/255/166 500/413/221 502/414/166
f 502/414/166 503/256/242 501/255/166
f 503/256/242 502/414/166 504/415/220
f 505/416/243 506/261/166 507/417/243
f 508/259/166 507/417/243 506/261/166
f 505/416/243 507/417/243 509/418/244
f 509/418/244 510/419/244 505/416/243
f 509/418/244 511/420/166 510/419/244
f 511/420/166 512/421/166 510/419/244
f 513/422/223 514/372/166 515/423/166
f 514/372/166 513/422/223 516/424/223
f 519/423/166 518/425/133 517/426/133
f 518/425/133 519/423/166 520/372/166
f 522/427/223 521/428/223 523/429/166
f 524/380/166 522/427/223 523/429/166
f 524/380/166 523/429/166 525/430/133
f 526/431/133 524/380/166 525/430/133
f 527/432/245 528/433/246 529/434/247
f 527/432/245 529/434/247 530/435/245
f 531/264/248 532/436/249 533/262/249
f 532/436/249 531/264/248 534/437/250
f 535/263/251 536/265/252 537/438/252
f 535/263/251 537/438/252 538/439/253
f 539/440/254 540/441/255 541/442/255
f 542/443/256 540/441/255 539/440/254
f 543/444/166 544/445/166 545/446/166
f 543/444/166 545/446/166 546/447/166
f 549/448/166 548/330/220 547/449/220
f 548/330/220 549/448/166 550/329/166
f 551/450/221 550/329/166 549/448/166
f 550/329/166 551/450/221 552/328/221
f 553/451/257 554/452/166 555/453/166
f 553/451/257 555/453/166 556/454/257
f 553/451/257 556/454/257 557/455/258
f 557/455/258 556/454/257 558/456/258
f 559/451/259 560/455/260 561/457/260
f 562/454/261 563/458/262 564/456/262
f 565/459/263 566/460/220 567/461/264
f 566/460/220 568/275/166 567/461/264
f 567/461/264 568/275/166 569/462/265
f 568/275/166 570/463/221 569/462/265
f 571/464/221 572/281/221 573/465/166
f 572/281/221 574/278/166 573/465/166
f 573/465/166 574/278/166 575/466/220
f 574/278/166 576/280/220 575/466/220
f 577/467/166 578/468/266 579/469/266
f 578/468/266 577/467/166 580/470/166
f 582/471/267 581/472/267 584/473/268
f 584/473/268 585/474/268 582/471/267
f 583/475/267 587/476/206 586/477/267
f 583/475/267 588/478/206 587/476/206
f 590/479/206 591/480/152 589/481/206
f 590/479/206 592/482/152 591/480/152
f 595/483/166 594/332/221 593/484/221
f 594/332/221 595/483/166 596/335/166
f 597/485/220 596/335/166 595/483/166
f 596/335/166 597/485/220 598/336/220
f 600/326/221 599/334/221 601/333/166
f 600/326/221 601/333/166 602/327/166
f 602/327/166 601/333/166 603/337/220
f 602/327/166 603/337/220 604/331/220
f 605/486/266 606/487/166 607/488/166
f 606/487/166 605/486/266 608/489/266
f 609/316/220 611/490/166 610/491/220
f 611/490/166 609/316/220 612/315/166
f 612/315/166 613/492/221 611/490/166
f 613/492/221 612/315/166 614/312/221
f 617/313/269 615/484/270 616/314/271
f 615/484/270 617/313/269 618/483/272
f 617/313/269 619/485/273 618/483/272
f 619/485/273 617/313/269 620/317/273
f 623/441/274 622/493/275 621/494/276
f 622/493/275 623/441/274 624/432/274
f 623/441/274 625/443/277 624/432/274
f 626/433/277 624/432/274 625/443/277
f 627/495/278 628/496/279 629/497/279
f 628/496/279 627/495/278 630/498/278
f 632/283/280 631/450/281 633/279/282
f 634/448/282 633/279/282 631/450/281
f 635/449/283 633/279/282 634/448/282
f 633/279/282 635/449/283 636/282/283
f 639/272/284 638/492/285 637/277/285
f 638/492/285 639/272/284 640/490/284
f 639/272/284 641/491/286 640/490/284
f 641/491/286 639/272/284 642/274/287
f 643/266/288 644/268/289 645/464/290
f 645/464/290 646/465/288 643/266/288
f 647/466/291 643/266/288 646/465/288
f 643/266/288 647/466/291 648/271/291
f 649/295/243 650/397/292 651/392/292
f 650/397/292 649/295/243 652/292/243
f 655/499/293 654/500/294 653/501/295
f 654/500/294 655/499/293 656/502/293
f 655/499/293 657/503/87 656/502/293
f 657/503/87 655/499/293 658/504/87
f 659/403/150 660/415/273 661/414/296
f 662/413/271 659/403/150 661/414/296
f 659/403/150 663/405/273 660/415/273
f 659/403/150 662/413/271 664/404/271
f 667/249/166 665/505/297 666/506/220
f 665/505/297 667/249/166 668/507/298
f 669/508/221 668/507/298 667/249/166
f 668/507/298 669/508/221 670/509/265
f 671/510/299 672/511/300 673/512/301
f 672/511/300 674/513/301 673/512/301
f 677/511/302 675/514/303 676/515/303
f 675/514/303 677/511/302 678/510/304
f 681/516/305 680/517/306 679/518/306
f 679/518/306 682/519/307 681/516/305
f 685/516/308 683/520/309 684/521/310
f 683/520/309 685/516/308 686/519/308
f 687/522/311 688/523/312 689/524/311
f 688/523/312 687/522/311 690/525/311
f 691/526/313 692/527/314 693/528/313
f 691/526/313 694/529/314 692/527/314
f 695/530/315 696/531/315 697/532/315
f 698/532/316 699/533/316 700/530/315
f 701/534/317 702/535/318 703/536/319
f 702/535/318 701/534/317 704/537/317
f 705/525/320 706/538/320 707/539/320
f 706/538/320 705/525/320 708/522/320
f 709/526/321 710/532/322 711/531/322
f 712/532/322 713/526/323 714/528/323
f 715/540/324 716/541/99 717/542/324
f 718/543/325 720/544/326 719/545/327
f 720/544/326 718/543/325 721/546/328
f 724/544/328 722/547/329 723/548/330
f 722/547/329 724/544/328 725/546/328
f 726/549/331 727/527/332 728/529/332
f 727/527/332 726/549/331 729/550/331
f 730/551/333 731/552/334 732/553/335
f 731/552/334 733/554/335 732/553/335
f 736/552/333 734/555/336 735/556/336
f 734/555/336 736/552/333 737/551/333
f 738/557/337 739/537/338 740/534/338
f 739/537/338 738/557/337 741/558/339
f 742/559/340 743/560/341 744/561/342
f 743/560/341 742/559/340 745/562/340
f 746/563/343 744/561/342 743/560/341
f 743/560/341 747/564/343 746/563/343
f 748/565/97 749/566/344 750/567/98
f 753/568/345 751/569/346 752/570/346
f 751/569/346 753/568/345 754/571/347
f 755/572/348 757/568/347 756/573/349
f 757/568/347 755/572/348 758/571/347
f 759/574/350 760/575/350 761/576/350
f 760/575/350 759/574/350 762/577/350
f 765/578/351 764/579/352 763/580/353
f 764/579/352 765/578/351 766/581/351
f 768/582/354 767/583/354 769/578/355
f 769/578/355 767/583/354 770/581/351
f 771/584/356 772/585/356 773/586/356
f 774/586/356 775/587/356 776/584/356
f 779/588/357 777/589/358 778/590/358
f 777/589/358 779/588/357 780/591/357
f 783/588/357 782/592/186 781/593/186
f 781/593/186 784/591/357 783/588/357
f 785/594/359 786/595/360 787/596/359
f 785/594/359 787/596/359 788/597/360
f 789/598/361 790/536/362 791/535/363
f 789/598/361 791/535/363 792/599/364
f 793/595/365 794/600/365 795/601/365
f 796/595/366 797/601/366 798/596/366
f 799/602/367 800/603/368 801/604/368
f 802/604/369 803/605/370 804/602/367
f 805/530/371 806/606/371 807/607/371
f 808/606/371 809/530/371 810/533/371
f 811/608/372 812/609/373 813/610/373
f 812/609/373 811/608/372 814/611/373
f 815/538/374 816/612/375 817/613/376
f 815/538/374 817/613/376 818/539/374
f 819/614/377 820/611/378 821/608/379
f 819/614/377 821/608/379 822/615/380
f 823/594/381 824/616/381 825/617/381
f 824/616/381 823/594/381 826/597/381
f 827/562/382 828/618/379 829/619/379
f 828/618/379 827/562/382 830/559/382
f 831/620/383 832/621/384 833/622/385
f 834/622/385 835/623/383 836/620/383
f 837/624/386 838/584/375 839/587/375
f 840/624/386 841/587/376 842/625/386
f 843/626/387 844/627/388 845/628/201
f 843/626/387 845/628/201 846/629/203
f 847/609/379 848/630/378 849/631/378
f 847/609/379 849/631/378 850/610/379
f 851/632/389 852/633/389 853/634/389
f 852/633/389 851/632/389 854/635/389
f 851/632/389 853/634/389 855/636/389
f 855/636/389 853/634/389 856/637/389
f 857/638/389 851/632/389 855/636/389
f 851/632/389 857/638/389 858/639/389
f 859/640/390 860/601/390 861/600/390
f 860/601/390 859/640/390 862/641/390
f 865/546/389 863/642/391 864/643/391
f 866/644/389 865/546/389 864/643/391
f 867/645/220 865/546/389 866/644/389
f 868/646/220 867/645/220 866/644/389
f 869/647/386 870/648/392 871/649/392
f 870/648/392 869/647/386 872/650/386
f 873/651/389 874/652/389 875/653/389
f 873/651/389 875/653/389 876/654/389
f 874/652/389 877/655/389 875/653/389
f 878/656/389 873/651/389 876/654/389
f 877/655/389 874/652/389 879/657/389
f 873/651/389 878/656/389 880/658/389
f 878/656/389 881/659/389 880/658/389
f 881/659/389 878/656/389 882/660/389
f 883/661/389 877/655/389 879/657/389
f 877/655/389 883/661/389 884/662/389
f 885/663/389 884/662/389 883/661/389
f 884/662/389 885/663/389 886/664/389
f 885/663/389 887/665/389 886/664/389
f 885/663/389 888/666/389 887/665/389
f 889/659/389 887/665/389 888/666/389
f 887/665/389 889/659/389 890/660/389
f 891/667/393 892/657/394 893/652/393
f 892/657/394 891/667/393 894/668/394
f 895/669/395 891/667/393 893/652/393
f 896/661/396 892/657/394 894/668/394
f 895/669/395 893/652/393 897/651/395
f 894/668/394 898/670/397 896/661/396
f 899/671/398 895/669/395 897/651/395
f 900/672/399 896/661/396 898/670/397
f 899/671/398 897/651/395 901/658/400
f 902/659/401 899/671/398 901/658/400
f 899/671/398 902/659/401 903/673/402
f 896/661/396 900/672/399 904/663/399
f 905/674/403 904/663/399 900/672/399
f 904/663/399 905/674/403 906/666/403
f 907/673/404 906/666/403 905/674/403
f 906/666/403 907/673/404 908/659/404
f 909/675/405 910/676/207 911/677/406
f 910/676/207 909/675/405 912/678/209
f 913/679/407 914/680/408 915/681/407
f 916/680/409 917/679/407 918/682/409
f 921/683/410 920/684/220 919/685/220
f 921/683/410 922/686/410 920/684/220
f 925/687/410 924/688/220 923/689/220
f 925/687/410 926/690/410 924/688/220
f 927/615/380 928/691/411 929/692/412
f 929/692/412 930/614/413 927/615/380
f 931/693/414 932/576/415 933/575/415
f 934/576/416 935/693/414 936/694/417
f 937/616/418 938/695/418 939/696/418
f 939/696/418 940/617/418 937/616/418
f 941/697/419 942/622/374 943/621/374
f 942/622/374 941/697/419 944/698/419
f 945/616/389 946/597/389 947/695/389
f 948/596/389 947/695/389 946/597/389
f 948/596/389 949/641/389 947/695/389
f 949/641/389 948/596/389 950/601/389
f 951/699/420 952/700/421 953/701/422
f 952/700/421 951/699/420 954/702/423
f 955/703/389 956/527/389 957/704/389
f 957/704/389 956/527/389 958/550/389
f 956/527/389 955/703/389 959/528/389
f 960/705/389 959/528/389 955/703/389
f 959/528/389 960/705/389 961/706/389
f 961/706/389 962/532/389 959/528/389
f 962/532/389 961/706/389 963/533/389
f 964/606/389 963/533/389 961/706/389
f 965/550/424 966/707/425 967/704/425
f 966/707/425 965/550/424 968/549/424
f 969/575/389 970/708/389 971/709/389
f 970/708/389 969/575/389 972/577/389
f 973/710/389 974/682/389 975/625/389
f 976/650/389 975/625/389 974/682/389
f 976/650/389 974/682/389 977/679/389
f 977/679/389 978/648/389 976/650/389
f 975/625/389 979/587/389 973/710/389
f 980/586/389 973/710/389 979/587/389
f 973/710/389 980/586/389 981/605/389
f 982/698/389 973/710/389 981/605/389
f 983/604/389 982/698/389 981/605/389
f 984/711/389 982/698/389 983/604/389
f 982/698/389 984/711/389 985/712/389
f 985/712/389 986/622/389 982/698/389
f 987/713/389 986/622/389 985/712/389
f 988/575/389 989/623/389 990/693/389
f 991/714/389 990/693/389 989/623/389
f 992/622/389 991/714/389 989/623/389
f 992/622/389 993/713/389 991/714/389
f 991/714/389 993/713/389 994/715/389
f 994/715/389 993/713/389 995/716/389
f 996/717/389 997/613/389 998/702/389
f 997/613/389 999/718/389 998/702/389
f 1000/700/389 998/702/389 999/718/389
f 999/718/389 1001/648/389 1000/700/389
f 1001/648/389 1002/679/389 1000/700/389
f 1003/539/389 997/613/389 996/717/389
f 1004/719/389 1003/539/389 996/717/389
f 1004/719/389 996/717/389 1005/708/389
f 1006/523/389 1003/539/389 1004/719/389
f 1003/539/389 1006/523/389 1007/525/389
f 1008/623/389 1009/575/389 1010/709/389
f 1011/712/389 1012/711/389 1013/720/389
f 1014/721/389 1015/722/389 1016/723/389
f 1015/722/389 1014/721/389 1017/558/389
f 1016/723/389 1015/722/389 1018/724/389
f 1019/725/389 1017/558/389 1014/721/389
f 1018/724/389 1020/726/389 1016/723/389
f 1017/558/389 1019/725/389 1021/537/389
f 1018/724/389 1022/727/389 1020/726/389
f 1023/728/389 1021/537/389 1019/725/389
f 1022/727/389 1018/724/389 1024/729/389
f 1025/535/389 1021/537/389 1023/728/389
f 1024/729/389 1026/730/389 1022/727/389
f 1025/535/389 1023/728/389 1027/731/389
f 1026/730/389 1024/729/389 1028/732/389
f 1027/731/389 1029/599/389 1025/535/389
f 1029/599/389 1026/730/389 1028/732/389
f 1029/599/389 1027/731/389 1030/733/389
f 1026/730/389 1029/599/389 1030/733/389
f 1031/734/389 1032/631/389 1033/563/389
f 1032/631/389 1034/561/389 1033/563/389
f 1032/631/389 1035/559/389 1034/561/389
f 1035/559/389 1032/631/389 1036/618/389
f 1032/631/389 1031/734/389 1037/735/389
f 1038/610/389 1032/631/389 1037/735/389
f 1039/736/389 1038/610/389 1037/735/389
f 1038/610/389 1039/736/389 1040/615/389
f 1040/615/389 1039/736/389 1041/691/389
f 1040/615/389 1042/608/389 1038/610/389
f 1043/733/426 1044/731/427 1045/737/428
f 1046/728/429 1045/737/428 1044/731/427
f 1043/733/426 1045/737/428 1047/738/430
f 1045/737/428 1046/728/429 1048/739/429
f 1049/740/431 1043/733/426 1047/738/430
f 1050/741/432 1048/739/429 1046/728/429
f 1043/733/426 1049/740/431 1051/730/433
f 1046/728/429 1052/725/434 1050/741/432
f 1053/727/435 1051/730/433 1049/740/431
f 1052/725/434 1054/742/436 1050/741/432
f 1053/727/435 1049/740/431 1055/743/437
f 1052/725/434 1056/721/438 1054/742/436
f 1055/743/437 1057/726/439 1053/727/435
f 1058/723/440 1054/742/436 1056/721/438
f 1055/743/437 1059/744/441 1057/726/439
f 1054/742/436 1058/723/440 1060/745/442
f 1060/745/442 1057/726/439 1059/744/441
f 1057/726/439 1060/745/442 1058/723/440
f 1061/604/416 1062/746/416 1063/711/416
f 1064/746/443 1065/604/443 1066/603/443
f 1067/715/443 1068/747/414 1069/714/417
f 1070/747/414 1071/715/444 1072/748/444
f 1073/749/389 1074/750/389 1075/751/389
f 1074/750/389 1073/749/389 1076/752/389
f 1077/542/389 1075/751/389 1074/750/389
f 1078/753/389 1076/752/389 1073/749/389
f 1076/752/389 1078/753/389 1079/754/389
f 1080/755/389 1079/754/389 1078/753/389
f 1075/751/389 1077/542/389 1081/756/389
f 1082/757/389 1081/756/389 1077/542/389
f 1077/542/389 1083/541/389 1082/757/389
f 1083/541/389 1084/758/389 1082/757/389
f 1083/541/389 1085/567/389 1084/758/389
f 1086/759/389 1084/758/389 1085/567/389
f 1087/760/445 1088/761/445 1089/686/389
f 1087/760/445 1089/686/389 1090/683/389
f 1091/760/446 1092/762/389 1088/761/446
f 1092/762/389 1091/760/446 1093/763/389
f 1094/764/446 1095/765/446 1096/690/389
f 1094/764/446 1096/690/389 1097/687/389
f 1098/766/389 1095/765/446 1094/764/446
f 1099/767/389 1095/765/446 1098/766/389
f 1100/558/447 1101/768/448 1102/722/449
f 1103/768/448 1104/558/447 1105/557/447
f 1106/648/450 1107/718/451 1108/769/451
f 1109/648/450 1110/769/452 1111/649/450
f 1112/709/453 1113/620/454 1114/623/454
f 1113/620/454 1112/709/453 1115/770/455
f 1116/771/456 1117/626/387 1118/772/456
f 1117/626/387 1116/771/456 1119/627/387
f 1120/729/457 1121/724/458 1122/773/459
f 1123/729/460 1124/773/459 1125/774/460
f 1126/775/389 1127/776/389 1128/777/389
f 1127/776/389 1126/775/389 1129/778/389
f 1130/779/389 1126/775/389 1128/777/389
f 1128/777/389 1131/780/389 1130/779/389
f 1131/780/389 1132/781/389 1130/779/389
f 1131/780/389 1128/777/389 1133/782/389
f 1132/781/389 1131/780/389 1134/783/389
f 1134/783/389 1135/784/389 1132/781/389
f 1135/784/389 1134/783/389 1136/785/389
f 1131/780/389 1133/782/389 1137/786/389
f 1133/782/389 1138/787/389 1137/786/389
f 1139/788/389 1137/786/389 1138/787/389
f 1140/752/461 1141/789/462 1142/750/462
f 1141/789/462 1140/752/461 1143/790/461
f 1144/791/463 1145/713/464 1146/712/463
f 1147/713/465 1148/791/466 1149/792/464
f 1150/759/467 1151/793/468 1152/758/468
f 1151/793/468 1150/759/467 1153/794/467
f 1154/795/235 1156/796/238 1155/756/469
f 1159/749/470 1158/751/471 1157/797/471
f 1157/797/471 1160/798/470 1159/749/470
f 1163/755/472 1162/753/473 1161/799/138
f 1161/799/138 1164/800/474 1163/755/472
f 1165/801/475 1166/715/475 1167/716/475
f 1168/801/475 1169/748/475 1170/715/475
f 1171/586/444 1172/602/367 1173/605/476
f 1172/602/367 1171/586/444 1174/585/443
f 1175/792/464 1176/801/477 1177/716/477
f 1177/716/477 1178/713/464 1175/792/464
f 1179/802/389 1180/803/389 1181/804/478
f 1181/804/478 1180/803/389 1182/805/478
f 1183/806/142 1184/807/142 1185/802/389
f 1185/802/389 1184/807/142 1186/803/389
f 1187/625/479 1188/650/479 1189/647/479
f 1189/647/479 1190/624/479 1187/625/479
f 1192/515/391 1191/808/391 1193/511/389
f 1194/809/389 1193/511/389 1191/808/391
f 1195/810/220 1196/513/220 1197/809/410
f 1198/511/410 1197/809/410 1196/513/220
f 1199/811/478 1200/803/389 1201/812/478
f 1200/803/389 1202/813/389 1201/812/478
f 1204/814/142 1203/815/142 1205/813/389
f 1206/803/389 1204/814/142 1205/813/389
f 1207/640/480 1208/696/480 1209/695/481
f 1207/640/480 1209/695/481 1210/641/480
f 1211/523/443 1212/719/482 1213/816/483
f 1211/523/443 1213/816/483 1214/524/444
f 1215/563/484 1216/817/485 1217/734/486
f 1216/817/485 1215/563/484 1218/564/487
f 1219/818/488 1220/819/488 1221/675/489
f 1219/818/488 1221/675/489 1222/677/490
f 1223/820/491 1224/711/491 1225/746/491
f 1224/711/491 1223/820/491 1226/720/491
f 1227/700/492 1228/679/407 1229/681/493
f 1227/700/492 1229/681/493 1230/701/494
f 1231/521/391 1232/821/391 1233/516/495
f 1234/822/389 1233/516/495 1232/821/391
f 1235/823/220 1236/517/496 1237/822/389
f 1238/516/389 1237/822/389 1236/517/496
f 1239/791/463 1240/720/497 1241/820/497
f 1240/720/497 1239/791/463 1242/712/463
f 1243/692/498 1244/736/499 1245/824/499
f 1244/736/499 1243/692/498 1246/691/500
f 1247/747/501 1248/694/502 1249/693/503
f 1250/693/503 1251/714/504 1252/747/503
f 1253/682/505 1254/710/506 1255/825/506
f 1256/682/505 1257/825/506 1258/680/505
f 1259/698/507 1260/825/506 1261/710/508
f 1262/825/506 1263/698/507 1264/697/509
f 1265/736/510 1266/735/511 1267/826/512
f 1265/736/510 1267/826/512 1268/824/510
f 1269/827/391 1270/520/391 1271/828/389
f 1272/519/389 1271/828/389 1270/520/391
f 1273/518/220 1274/829/220 1275/519/389
f 1276/828/389 1275/519/389 1274/829/220
f 1277/671/389 1278/651/389 1279/658/389
f 1278/651/389 1277/671/389 1280/669/389
f 1281/673/389 1277/671/389 1279/658/389
f 1280/669/389 1282/652/389 1278/651/389
f 1279/658/389 1283/659/389 1281/673/389
f 1282/652/389 1280/669/389 1284/667/389
f 1285/666/389 1281/673/389 1283/659/389
f 1284/667/389 1286/657/389 1282/652/389
f 1281/673/389 1285/666/389 1287/674/389
f 1284/667/389 1288/668/389 1286/657/389
f 1289/663/389 1287/674/389 1285/666/389
f 1288/668/389 1290/661/389 1286/657/389
f 1287/674/389 1289/663/389 1291/672/389
f 1290/661/389 1291/672/389 1289/663/389
f 1290/661/389 1288/668/389 1292/670/389
f 1291/672/389 1290/661/389 1292/670/389
f 1293/717/513 1294/702/423 1295/699/514
f 1293/717/513 1295/699/514 1296/830/515
f 1297/627/389 1298/831/389 1299/832/220
f 1297/627/389 1299/832/220 1300/628/516
f 1302/771/391 1301/833/391 1303/831/389
f 1302/771/391 1303/831/389 1304/627/389
f 1305/618/517 1306/631/517 1307/630/518
f 1307/630/518 1308/619/517 1305/618/517
f 1310/708/519 1309/816/261 1311/719/520
f 1312/769/451 1313/613/521 1314/612/521
f 1313/613/521 1312/769/451 1315/718/451
f 1317/834/391 1318/835/522 1316/836/523
f 1318/835/522 1317/834/391 1319/551/389
f 1319/551/389 1320/837/524 1318/835/522
f 1320/837/524 1319/551/389 1321/838/220
f 1323/839/391 1324/571/389 1322/572/391
f 1324/571/389 1323/839/391 1325/840/389
f 1327/569/220 1328/840/389 1326/841/220
f 1328/840/389 1327/569/220 1329/571/389
f 1330/598/525 1331/732/525 1332/842/525
f 1331/732/525 1330/598/525 1333/599/525
f 1334/843/391 1335/818/391 1336/677/389
f 1334/843/391 1336/677/389 1337/844/389
f 1340/844/389 1339/676/220 1338/845/516
f 1340/844/389 1341/677/389 1339/676/220
f 1342/819/391 1343/772/391 1344/626/389
f 1342/819/391 1344/626/389 1345/675/389
f 1348/675/389 1347/629/220 1346/678/220
f 1348/675/389 1349/626/389 1347/629/220
f 1350/722/526 1351/773/459 1352/724/527
f 1353/773/459 1354/722/528 1355/768/529
f 1356/593/220 1357/846/496 1358/591/389
f 1359/847/389 1358/591/389 1357/846/496
f 1360/848/391 1361/589/391 1362/847/389
f 1363/591/389 1362/847/389 1361/589/391
f 1364/752/530 1365/754/531 1366/849/531
f 1366/849/531 1367/790/530 1364/752/530
f 1368/709/532 1369/708/533 1370/850/533
f 1371/709/532 1372/850/533 1373/770/534
f 1374/717/535 1375/850/536 1376/708/537
f 1375/850/536 1374/717/535 1377/830/538
f 1379/590/539 1378/843/539 1380/588/540
f 1381/844/541 1380/588/540 1378/843/539
f 1384/588/542 1382/845/543 1383/592/543
f 1382/845/543 1384/588/542 1385/844/540
f 1386/774/544 1387/842/544 1388/732/545
f 1386/774/544 1388/732/545 1389/729/545
f 1393/568/546 1390/833/547 1392/573/547
f 1390/833/547 1393/568/546 1394/831/548
f 1391/832/549 1396/568/550 1395/570/283
f 1396/568/550 1391/832/549 1397/831/548
f 1398/851/551 1399/704/552 1400/707/552
f 1399/704/552 1398/851/551 1401/703/551
f 1402/852/553 1403/705/554 1404/853/554
f 1403/705/554 1402/852/553 1405/706/553
f 1408/552/555 1406/846/286 1407/554/556
f 1406/846/286 1408/552/555 1409/847/557
f 1412/552/557 1411/556/558 1410/848/558
f 1410/848/558 1413/847/557 1412/552/557
f 1416/544/559 1415/548/560 1414/841/560
f 1416/544/559 1414/841/560 1417/840/559
f 1420/544/559 1418/839/561 1419/545/561
f 1418/839/561 1420/544/559 1421/840/559
f 1422/851/551 1423/853/562 1424/705/563
f 1422/851/551 1424/705/563 1425/703/551
f 1426/852/553 1427/607/564 1428/606/564
f 1429/606/564 1430/706/553 1431/852/553
f 1434/809/542 1432/829/543 1433/810/543
f 1432/829/543 1434/809/542 1435/828/540
f 1438/809/565 1437/808/566 1436/827/539
f 1436/827/539 1439/828/567 1438/809/565
f 1441/854/391 1442/855/522 1440/856/568
f 1442/855/522 1441/854/391 1443/510/389
f 1443/510/389 1444/857/524 1442/855/522
f 1444/857/524 1443/510/389 1445/858/220
f 1446/859/52 1447/860/52 1448/861/52
f 1447/860/52 1449/862/52 1448/861/52
f 1447/860/52 1446/859/52 1450/863/52
f 1449/862/52 1447/860/52 1451/864/52
f 1446/859/52 1452/865/52 1450/863/52
f 1453/866/52 1449/862/52 1451/864/52
f 1446/859/52 1454/867/52 1452/865/52
f 1454/867/52 1455/868/52 1452/865/52
f 1455/868/52 1454/867/52 1456/869/52
f 1457/870/52 1453/866/52 1451/864/52
f 1458/871/52 1453/866/52 1457/870/52
f 1458/871/52 1457/870/52 1459/872/52
f 1460/873/52 1458/871/52 1459/872/52
f 1458/871/52 1460/873/52 1461/874/52
f 1462/868/52 1461/874/52 1460/873/52
f 1461/874/52 1462/868/52 1463/869/52
f 1464/875/52 1465/876/52 1466/877/52
f 1464/875/52 1466/877/52 1467/878/52
f 1468/864/522 1469/863/569 1470/872/570
f 1469/863/569 1468/864/522 1471/860/571
f 1468/864/522 1470/872/570 1472/870/572
f 1470/872/570 1469/863/569 1473/868/573
f 1473/868/573 1469/863/569 1474/865/574
f 1470/872/570 1473/868/573 1475/873/575
f 1476/879/52 1477/880/52 1478/881/52
f 1477/880/52 1479/882/52 1478/881/52
f 1482/883/52 1480/884/576 1481/885/576
f 1480/884/576 1482/883/52 1483/886/52
f 1484/887/52 1485/888/52 1486/889/52
f 1485/888/52 1484/887/52 1487/890/52
f 1486/889/52 1488/891/52 1484/887/52
f 1489/892/52 1485/888/52 1487/890/52
f 1488/891/52 1486/889/52 1490/893/52
f 1485/888/52 1489/892/52 1491/894/52
f 1492/895/52 1488/891/52 1490/893/52
f 1493/896/52 1491/894/52 1489/892/52
f 1488/891/52 1492/895/52 1494/897/52
f 1491/894/52 1493/896/52 1495/898/52
f 1492/895/52 1496/899/52 1494/897/52
f 1497/900/52 1495/898/52 1493/896/52
f 1492/895/52 1498/901/52 1496/899/52
f 1497/900/52 1496/899/52 1498/901/52
f 1496/899/52 1497/900/52 1499/902/52
f 1497/900/52 1493/896/52 1499/902/52
f 1500/892/571 1501/902/572 1502/896/522
f 1503/890/569 1501/902/572 1500/892/571
f 1503/890/569 1504/897/577 1501/902/572
f 1501/902/572 1504/897/577 1505/899/570
f 1504/897/577 1503/890/569 1506/887/574
f 1504/897/577 1506/887/574 1507/891/578
f 1508/881/579 1509/903/580 1510/879/580
f 1509/903/580 1508/881/579 1511/904/579
f 1512/132/581 1513/130/581 1514/131/582
f 1515/133/583 1514/131/582 1513/130/581
f 1516/134/584 1514/131/582 1515/133/583
f 1514/131/582 1516/134/584 1517/135/584
f 1518/905/585 1519/906/585 1520/907/585
f 1519/906/585 1518/905/585 1521/908/585
f 1523/909/586 1524/910/587 1522/911/586
f 1525/912/587 1524/910/587 1523/909/586
f 1526/913/279 1524/910/587 1525/912/587
f 1524/910/587 1526/913/279 1527/914/279
f 1530/915/588 1529/916/588 1528/917/588
f 1529/916/588 1530/915/588 1531/918/588
f 1532/179/589 1533/177/590 1534/178/589
f 1533/177/590 1532/179/589 1535/180/590
f 1536/181/591 1533/177/590 1535/180/590
f 1533/177/590 1536/181/591 1537/182/592
f 1538/174/593 1539/172/593 1540/171/594
f 1541/175/595 1539/172/593 1538/174/593
f 1539/172/593 1542/173/594 1540/171/594
f 1539/172/593 1541/175/595 1543/176/595
f 1544/919/52 1545/920/596 1546/921/596
f 1544/919/52 1546/921/596 1547/922/52
f 1548/154/52 1549/150/52 1550/157/52
f 1550/157/52 1549/150/52 1551/158/52
f 1549/150/52 1548/154/52 1552/151/52
f 1552/151/52 1548/154/52 1553/155/52
f 1552/151/52 1553/155/52 1554/156/52
f 1549/150/52 1552/151/52 1555/152/52
f 1555/152/52 1552/151/52 1556/153/52
f 1558/194/223 1559/195/52 1557/193/223
f 1560/196/52 1559/195/52 1558/194/223
f 1560/196/52 1561/197/597 1559/195/52
f 1561/197/597 1560/196/52 1562/198/598
f 1563/189/598 1564/187/598 1565/188/52
f 1565/188/52 1564/187/598 1566/190/52
f 1565/188/52 1566/190/52 1567/191/223
f 1567/191/223 1566/190/52 1568/192/223
f 1570/923/599 1569/924/599 1571/925/600
f 1571/925/600 1572/926/600 1570/923/599
f 1573/907/601 1574/906/602 1575/927/601
f 1575/927/601 1574/906/602 1576/928/601
f 1577/929/603 1578/930/604 1579/931/228
f 1577/929/603 1579/931/228 1580/932/603
f 1583/933/235 1582/934/468 1581/935/468
f 1582/934/468 1583/933/235 1584/936/605
f 1586/206/478 1587/207/52 1585/205/478
f 1587/207/52 1586/206/478 1588/208/52
f 1589/210/606 1587/207/52 1588/208/52
f 1587/207/52 1589/210/606 1590/209/606
f 1593/213/52 1591/212/478 1592/211/478
f 1593/213/52 1594/208/52 1591/212/478
f 1595/214/606 1594/208/52 1593/213/52
f 1595/214/606 1596/215/606 1594/208/52
f 1597/937/607 1598/924/596 1599/938/607
f 1598/924/596 1600/923/596 1599/938/607
f 1603/939/608 1602/940/609 1601/941/609
f 1602/940/609 1603/939/608 1604/942/608
f 1607/231/52 1606/229/223 1605/230/223
f 1606/229/223 1607/231/52 1608/196/52
f 1609/232/598 1608/196/52 1607/231/52
f 1608/196/52 1609/232/598 1610/233/597
f 1611/225/598 1612/226/598 1613/224/52
f 1614/190/52 1611/225/598 1613/224/52
f 1614/190/52 1613/224/52 1615/227/223
f 1616/228/223 1614/190/52 1615/227/223
f 1617/942/610 1618/943/610 1619/944/610
f 1618/943/610 1617/942/610 1620/939/610
f 1622/945/208 1623/946/208 1621/947/208
f 1622/945/208 1624/948/208 1623/946/208
f 1625/949/266 1626/919/266 1627/922/266
f 1626/919/266 1625/949/266 1628/950/266
f 1629/151/52 1630/153/52 1631/152/52
f 1632/150/52 1629/151/52 1631/152/52
f 1629/151/52 1633/155/52 1634/156/52
f 1629/151/52 1635/154/52 1633/155/52
f 1635/154/52 1629/151/52 1632/150/52
f 1635/154/52 1632/150/52 1636/157/52
f 1636/157/52 1632/150/52 1637/158/52
f 1638/951/611 1639/952/611 1640/953/612
f 1640/953/612 1641/954/611 1638/951/611
f 1642/955/613 1643/956/614 1644/919/615
f 1642/955/613 1644/919/615 1645/950/616
f 1646/922/617 1647/957/618 1648/949/619
f 1647/957/618 1646/922/617 1649/958/620
f 1650/959/621 1651/960/622 1652/961/621
f 1653/962/622 1652/961/621 1651/960/622
f 1654/963/623 1655/932/624 1656/935/625
f 1654/963/623 1656/935/625 1657/964/626
f 1655/932/624 1658/933/292 1656/935/625
f 1659/931/292 1658/933/292 1655/932/624
f 1660/965/627 1661/966/627 1662/967/627
f 1661/966/627 1663/968/627 1662/967/627
f 1664/969/628 1665/965/628 1666/970/629
f 1665/965/628 1667/967/628 1666/970/629
f 1670/971/52 1668/884/576 1669/885/576
f 1668/884/576 1670/971/52 1671/972/52
f 1672/973/630 1673/974/608 1674/975/631
f 1675/976/295 1674/975/631 1673/974/608
f 1673/974/608 1672/973/630 1676/977/630
f 1677/978/632 1676/977/630 1672/973/630
f 1676/977/630 1677/978/632 1678/979/632
f 1674/975/631 1675/976/295 1679/980/633
f 1682/981/634 1680/982/635 1681/983/635
f 1680/982/635 1682/981/634 1683/984/636
f 1683/984/636 1682/981/634 1684/985/637
f 1682/981/634 1685/986/637 1684/985/637
f 1688/987/638 1686/988/639 1687/989/640
f 1686/988/639 1688/987/638 1689/990/641
f 1690/991/642 1689/990/641 1688/987/638
f 1688/987/638 1691/992/643 1690/991/642
f 1692/993/644 1693/994/645 1694/995/644
f 1692/993/644 1694/995/644 1695/996/644
f 1696/997/646 1697/998/647 1698/999/648
f 1699/1000/649 1700/1001/343 1701/1002/650
f 1702/1003/91 1703/1004/651 1704/1005/651
f 1702/1003/91 1704/1005/651 1705/1006/91
f 1703/1004/651 1706/1007/576 1704/1005/651
f 1703/1004/651 1707/1008/576 1706/1007/576
f 1708/1001/652 1709/1000/653 1710/999/652
f 1711/997/654 1710/999/652 1709/1000/653
f 1712/1009/655 1713/1010/656 1714/1011/656
f 1713/1010/656 1712/1009/655 1715/1012/655
f 1712/1009/655 1716/1013/657 1715/1012/655
f 1716/1013/657 1712/1009/655 1717/1014/657
f 1720/1015/658 1718/1016/659 1719/1017/660
f 1718/1016/659 1720/1015/658 1721/1018/658
f 1721/1018/658 1720/1015/658 1722/1019/661
f 1720/1015/658 1723/1020/661 1722/1019/661
f 1724/1021/651 1725/997/651 1726/1022/651
f 1725/997/651 1727/1000/651 1726/1022/651
f 1728/1023/662 1730/1024/663 1729/1025/662
f 1730/1024/663 1728/1023/662 1731/1026/664
f 1732/1027/665 1730/1024/663 1731/1026/664
f 1730/1024/663 1732/1027/665 1733/1028/665
f 1734/997/666 1735/1021/666 1736/1029/666
f 1734/997/666 1736/1029/666 1737/1030/666
f 1738/1000/667 1739/1031/667 1740/1022/667
f 1739/1031/667 1738/1000/667 1741/1032/667
f 1742/1033/651 1743/1034/83 1744/1035/83
f 1742/1033/651 1744/1035/83 1745/1036/651
f 1746/1037/651 1747/1038/651 1748/1039/651
f 1746/1037/651 1748/1039/651 1749/1040/651
f 1750/1041/668 1751/1042/668 1752/1043/669
f 1751/1042/668 1750/1041/668 1753/1044/669
f 1754/1045/651 1755/1046/651 1756/1047/651
f 1754/1045/651 1756/1047/651 1757/1048/651
f 1758/1049/670 1759/1050/671 1760/1051/671
f 1758/1049/670 1760/1051/671 1761/1052/670
f 1762/1053/358 1763/1054/672 1764/1055/672
f 1765/1056/673 1764/1055/672 1763/1054/672
f 1764/1055/672 1766/1057/674 1762/1053/358
f 1764/1055/672 1765/1056/673 1767/1058/673
f 1768/1008/651 1769/1059/651 1770/1060/651
f 1768/1008/651 1770/1060/651 1771/1007/651
f 1772/1061/651 1773/1003/651 1774/1006/651
f 1772/1061/651 1774/1006/651 1775/1062/651
f 1776/994/651 1777/1063/651 1778/1064/651
f 1776/994/651 1778/1064/651 1779/995/651
f 1780/1065/651 1781/1066/651 1782/1067/651
f 1781/1066/651 1783/1068/651 1782/1067/651
f 1784/1069/651 1785/1070/651 1786/1071/651
f 1785/1070/651 1787/1072/651 1786/1071/651
f 1788/1073/112 1790/1074/675 1789/1075/112
f 1791/1076/675 1790/1074/675 1788/1073/112
f 1791/1076/675 1792/1077/675 1790/1074/675
f 1793/1078/675 1792/1077/675 1791/1076/675
f 1793/1078/675 1794/1079/676 1792/1077/675
f 1795/1080/677 1794/1079/676 1793/1078/675
f 1795/1080/677 1796/1081/678 1794/1079/676
f 1797/1082/678 1796/1081/678 1795/1080/677
f 1800/1083/679 1799/1084/680 1798/1085/680
f 1799/1084/680 1800/1083/679 1801/1086/679
f 1804/1087/651 1803/1088/679 1802/1089/679
f 1803/1088/679 1804/1087/651 1805/1090/651
f 1808/1091/681 1806/1092/682 1807/1093/682
f 1806/1092/682 1808/1091/681 1809/1094/681
f 1811/1095/683 1810/1096/683 1812/1091/681
f 1812/1091/681 1810/1096/683 1813/1094/681
f 1816/1097/684 1815/1098/685 1814/1099/685
f 1817/1100/684 1816/1097/684 1814/1099/685
f 1818/1101/686 1816/1097/684 1817/1100/684
f 1816/1097/684 1818/1101/686 1819/1102/687
f 1820/1103/651 1821/1012/651 1822/1104/688
f 1821/1012/651 1823/1105/688 1822/1104/688
f 1824/1106/391 1821/1012/651 1820/1103/651
f 1825/1107/391 1824/1106/391 1820/1103/651
f 1828/1108/689 1827/1109/596 1826/1110/596
f 1827/1109/596 1828/1108/689 1829/1111/689
f 1828/1108/689 1830/1112/651 1829/1111/689
f 1828/1108/689 1831/1113/651 1830/1112/651
f 1833/1114/598 1834/1115/651 1832/1116/598
f 1835/1117/651 1834/1115/651 1833/1114/598
f 1835/1117/651 1836/1118/83 1834/1115/651
f 1836/1118/83 1835/1117/651 1837/1119/83
f 1838/1120/651 1839/1121/690 1840/1122/598
f 1840/1122/598 1839/1121/690 1841/1123/598
f 1842/1124/83 1843/1125/83 1844/1120/651
f 1844/1120/651 1843/1125/83 1845/1121/651
f 1846/1126/651 1847/1127/691 1848/1128/691
f 1846/1126/651 1848/1128/691 1849/1129/651
f 1850/1130/391 1851/986/391 1852/1131/651
f 1853/981/651 1852/1131/651 1851/986/391
f 1852/1131/651 1853/981/651 1854/1132/688
f 1855/983/688 1854/1132/688 1853/981/651
f 1857/1133/692 1858/1134/143 1856/1135/692
f 1859/1136/143 1856/1135/692 1858/1134/143
f 1861/989/688 1860/1137/688 1862/987/651
f 1863/1138/651 1862/987/651 1860/1137/688
f 1862/987/651 1863/1138/651 1864/992/391
f 1865/1139/391 1864/992/391 1863/1138/651
f 1867/1140/688 1866/988/688 1868/1141/651
f 1869/990/651 1868/1141/651 1866/988/688
f 1868/1141/651 1869/990/651 1870/1142/391
f 1871/991/391 1870/1142/391 1869/990/651
f 1872/1143/693 1873/1144/118 1874/1145/693
f 1873/1144/118 1872/1143/693 1875/1146/118
f 1876/1144/680 1877/1146/680 1878/1147/456
f 1876/1144/680 1878/1147/456 1879/1148/456
f 1882/1149/651 1881/1150/598 1880/1151/598
f 1881/1150/598 1882/1149/651 1883/1117/651
f 1884/1152/83 1883/1117/651 1882/1149/651
f 1883/1117/651 1884/1152/83 1885/1153/694
f 1886/1154/598 1887/1121/695 1888/1155/598
f 1887/1121/695 1889/1156/695 1888/1155/598
f 1891/1157/83 1890/1158/83 1892/1156/651
f 1893/1121/651 1891/1157/83 1892/1156/651
f 1895/1143/688 1894/1159/688 1896/1160/651
f 1895/1143/688 1896/1160/651 1897/1146/651
f 1897/1146/651 1896/1160/651 1898/1161/391
f 1897/1146/651 1898/1161/391 1899/1147/391
f 1900/1162/696 1901/1163/697 1902/1164/698
f 1900/1162/696 1902/1164/698 1903/1165/699
f 1904/1164/700 1905/1166/701 1906/1165/699
f 1905/1166/701 1904/1164/700 1907/1167/702
f 1908/1168/703 1909/1169/688 1910/1018/651
f 1909/1169/688 1908/1168/703 1911/1170/704
f 1910/1018/651 1912/1171/523 1908/1168/703
f 1912/1171/523 1910/1018/651 1913/1172/391
f 1915/1173/688 1916/1026/651 1914/1023/688
f 1916/1026/651 1915/1173/688 1917/1174/651
f 1917/1174/651 1918/1027/391 1916/1026/651
f 1918/1027/391 1917/1174/651 1919/1175/391
f 1922/1176/651 1921/1166/391 1920/1177/391
f 1922/1176/651 1923/1165/651 1921/1166/391
f 1924/1178/688 1923/1165/651 1922/1176/651
f 1924/1178/688 1925/1162/688 1923/1165/651
f 1928/1164/651 1927/1148/391 1926/1167/391
f 1928/1164/651 1929/1144/651 1927/1148/391
f 1930/1163/688 1929/1144/651 1928/1164/651
f 1930/1163/688 1931/1145/688 1929/1144/651
f 1932/1179/688 1933/1056/688 1934/1180/651
f 1935/1054/651 1934/1180/651 1933/1056/688
f 1934/1180/651 1935/1054/651 1936/1181/391
f 1937/1053/391 1936/1181/391 1935/1054/651
f 1939/1058/705 1938/1178/705 1940/1055/706
f 1941/1176/706 1940/1055/706 1938/1178/705
f 1942/1177/707 1940/1055/706 1941/1176/706
f 1940/1055/706 1942/1177/707 1943/1057/707
f 1944/1182/651 1945/1183/651 1946/1184/651
f 1947/1185/651 1944/1182/651 1946/1184/651
f 1945/1183/651 1944/1182/651 1948/1186/651
f 1944/1182/651 1947/1185/651 1949/1187/651
f 1948/1186/651 1950/1188/651 1945/1183/651
f 1951/1189/651 1949/1187/651 1947/1185/651
f 1950/1188/651 1948/1186/651 1952/1190/651
f 1949/1187/651 1951/1189/651 1953/1191/651
f 1952/1190/651 1954/1192/651 1950/1188/651
f 1955/1193/651 1953/1191/651 1951/1189/651
f 1952/1190/651 1956/1194/651 1954/1192/651
f 1953/1191/651 1955/1193/651 1957/1195/651
f 1958/1196/651 1954/1192/651 1956/1194/651
f 1959/1197/651 1957/1195/651 1955/1193/651
f 1954/1192/651 1958/1196/651 1959/1197/651
f 1957/1195/651 1959/1197/651 1958/1196/651
f 1962/1024/708 1960/1159/709 1961/1025/709
f 1960/1159/709 1962/1024/708 1963/1160/708
f 1962/1024/708 1964/1161/710 1963/1160/708
f 1964/1161/710 1962/1024/708 1965/1028/710
f 1968/1015/711 1967/1017/712 1966/1179/712
f 1966/1179/712 1969/1180/713 1968/1015/711
f 1970/1181/558 1968/1015/711 1969/1180/713
f 1968/1015/711 1970/1181/558 1971/1020/558
f 1974/1009/714 1972/1173/715 1973/1014/715
f 1972/1173/715 1974/1009/714 1975/1174/714
f 1974/1009/714 1976/1175/716 1975/1174/714
f 1974/1009/714 1977/1011/716 1976/1175/716
f 1979/1038/91 1980/1198/651 1978/1039/91
f 1979/1038/91 1981/1199/651 1980/1198/651
f 1981/1199/651 1982/1062/576 1980/1198/651
f 1981/1199/651 1983/1061/576 1982/1062/576
f 1986/1131/717 1985/1132/718 1984/1140/705
f 1984/1140/705 1987/1141/719 1986/1131/717
f 1988/1142/707 1986/1131/717 1987/1141/719
f 1986/1131/717 1988/1142/707 1989/1130/707
f 1990/1200/703 1991/1201/688 1992/984/651
f 1991/1201/688 1990/1200/703 1993/1202/720
f 1992/984/651 1994/1203/523 1990/1200/703
f 1994/1203/523 1992/984/651 1995/1204/391
f 1998/1205/721 1996/1206/722 1997/1207/722
f 1996/1206/722 1998/1205/721 1999/1208/721
f 1999/1208/721 1998/1205/721 2000/1209/723
f 1998/1205/721 2001/1210/723 2000/1209/723
f 2004/1211/724 2002/1212/725 2003/1213/726
f 2002/1212/725 2004/1211/724 2005/1214/724
f 2006/1215/727 2005/1214/724 2004/1211/724
f 2004/1211/724 2007/1216/728 2006/1215/727
f 2008/1217/729 2009/1218/730 2010/1219/729
f 2008/1217/729 2010/1219/729 2011/1220/730
f 2012/1221/731 2013/1222/732 2014/1223/732
f 2015/1222/733 2016/1221/731 2017/1224/731
f 2018/1225/734 2019/1226/734 2020/1227/734
f 2019/1226/734 2018/1225/734 2021/1228/734
f 2022/1229/735 2023/1230/736 2024/1231/735
f 2022/1229/735 2025/1232/737 2023/1230/736
f 2026/1233/738 2027/1217/738 2028/1220/738
f 2026/1233/738 2028/1220/738 2029/1234/738
f 2030/1221/739 2031/1227/740 2032/1226/740
f 2033/1226/740 2034/1224/741 2035/1221/739
f 2037/1235/742 2036/1236/743 2038/1237/743
f 2039/1238/744 2040/1223/745 2041/1222/745
f 2039/1238/744 2041/1222/745 2042/1239/744
f 2045/1240/746 2043/1241/747 2044/1242/747
f 2043/1241/747 2045/1240/746 2046/1243/746
f 2045/1240/746 2047/1244/748 2046/1243/746
f 2047/1244/748 2045/1240/746 2048/1245/748
f 2051/1246/749 2049/1247/750 2050/1248/750
f 2049/1247/750 2051/1246/749 2052/1249/749
f 2052/1249/749 2051/1246/749 2053/1250/660
f 2051/1246/749 2054/1251/751 2053/1250/660
f 2055/1252/752 2056/1253/753 2057/1254/648
f 2056/1253/753 2055/1252/752 2058/1255/754
f 2059/1256/755 2060/1231/756 2061/1257/757
f 2060/1231/756 2059/1256/755 2062/1229/756
f 2063/1258/648 2064/1259/758 2065/1260/759
f 2066/1261/760 2067/1252/761 2068/1262/760
f 2067/1252/761 2066/1261/760 2069/1255/762
f 2070/1263/763 2072/1264/764 2071/1265/765
f 2072/1264/764 2070/1263/763 2073/1266/766
f 2074/1267/767 2072/1264/764 2073/1266/766
f 2072/1264/764 2074/1267/767 2075/1268/767
f 2076/1269/768 2077/1270/768 2078/1271/768
f 2079/1270/768 2080/1269/768 2081/1272/768
f 2084/1273/769 2083/1274/770 2082/1275/771
f 2085/1276/772 2084/1273/769 2082/1275/771
f 2086/1277/773 2084/1273/769 2085/1276/772
f 2084/1273/769 2086/1277/773 2087/1278/773
f 2088/1279/774 2089/1280/774 2090/1281/774
f 2091/1280/774 2092/1279/774 2093/1282/774
f 2096/1283/775 2095/1284/776 2094/1285/776
f 2094/1285/776 2097/1286/777 2096/1283/775
f 2098/1287/778 2096/1283/775 2097/1286/777
f 2096/1283/775 2098/1287/778 2099/1288/778
f 2100/1289/779 2101/1230/780 2102/1232/781
f 2101/1230/780 2100/1289/779 2103/1290/779
f 2104/1291/782 2105/1292/782 2106/1293/782
f 2104/1291/782 2106/1293/782 2107/1294/782
f 2108/1291/783 2109/1295/784 2110/1296/784
f 2109/1295/784 2108/1291/783 2111/1294/783
f 2112/1297/785 2113/1298/786 2114/1299/787
f 2115/1298/786 2116/1297/785 2117/1300/785
f 2118/1225/788 2119/1301/788 2120/1228/788
f 2121/1301/788 2122/1225/788 2123/1302/788
f 2124/1303/789 2125/1304/789 2126/1305/790
f 2126/1305/790 2127/1306/790 2124/1303/789
f 2128/1303/791 2129/1307/792 2130/1308/793
f 2129/1307/792 2128/1303/791 2131/1306/794
f 2132/1233/795 2133/1309/795 2134/1310/795
f 2133/1309/795 2132/1233/795 2135/1234/795
f 2136/1311/796 2137/1292/796 2138/1312/796
f 2139/1292/796 2140/1311/796 2141/1293/796
f 2142/1262/797 2143/1313/798 2144/1314/794
f 2142/1262/797 2144/1314/794 2145/1261/797
f 2146/1315/799 2147/1316/800 2148/1317/800
f 2149/1316/801 2150/1315/802 2151/1318/802
f 2152/1282/795 2153/1319/803 2154/1320/803
f 2153/1319/803 2152/1282/795 2155/1279/804
f 2156/1321/198 2157/1322/805 2158/1323/806
f 2157/1322/805 2156/1321/198 2159/1324/807
f 2160/1325/791 2161/1305/791 2162/1304/794
f 2161/1305/791 2160/1325/791 2163/1326/794
f 2164/1327/808 2165/1328/808 2166/1329/808
f 2165/1328/808 2164/1327/808 2167/1330/808
f 2164/1327/808 2166/1329/808 2168/1331/808
f 2168/1331/808 2166/1329/808 2169/1332/808
f 2170/1333/808 2164/1327/808 2168/1331/808
f 2164/1327/808 2170/1333/808 2171/1334/808
f 2172/1335/809 2173/1296/809 2174/1295/809
f 2174/1295/809 2175/1336/809 2172/1335/809
f 2176/1337/688 2177/1338/688 2178/1339/808
f 2177/1338/688 2179/1243/808 2178/1339/808
f 2182/1243/808 2180/1340/221 2181/1341/221
f 2183/1339/808 2182/1243/808 2181/1341/221
f 2184/1342/803 2185/1343/810 2186/1344/803
f 2187/1343/810 2188/1342/803 2189/1345/810
f 2190/1346/808 2191/1347/808 2192/1348/808
f 2193/1349/808 2192/1348/808 2191/1347/808
f 2191/1347/808 2190/1346/808 2194/1350/808
f 2193/1349/808 2191/1347/808 2195/1351/808
f 2190/1346/808 2196/1352/808 2194/1350/808
f 2197/1353/808 2193/1349/808 2195/1351/808
f 2196/1352/808 2190/1346/808 2198/1354/808
f 2193/1349/808 2197/1353/808 2199/1355/808
f 2198/1354/808 2200/1356/808 2196/1352/808
f 2197/1353/808 2201/1357/808 2199/1355/808
f 2200/1356/808 2198/1354/808 2202/1358/808
f 2201/1357/808 2197/1353/808 2203/1359/808
f 2204/1360/808 2200/1356/808 2202/1358/808
f 2205/1361/808 2201/1357/808 2203/1359/808
f 2200/1356/808 2204/1360/808 2205/1361/808
f 2201/1357/808 2205/1361/808 2204/1360/808
f 2206/1362/811 2207/1363/812 2208/1364/813
f 2206/1362/811 2208/1364/813 2209/1365/814
f 2210/1348/815 2211/1349/816 2212/1366/816
f 2212/1366/816 2213/1367/815 2210/1348/815
f 2211/1349/816 2214/1368/817 2212/1366/816
f 2213/1367/815 2215/1346/818 2210/1348/815
f 2214/1368/817 2211/1349/816 2216/1355/819
f 2215/1346/818 2213/1367/815 2217/1369/818
f 2218/1357/820 2214/1368/817 2216/1355/819
f 2217/1369/818 2219/1354/821 2215/1346/818
f 2214/1368/817 2218/1357/820 2220/1370/820
f 2217/1369/818 2221/1371/822 2219/1354/821
f 2222/1372/823 2219/1354/821 2221/1371/822
f 2219/1354/821 2222/1372/823 2223/1358/824
f 2224/1360/825 2220/1370/820 2218/1357/820
f 2220/1370/820 2224/1360/825 2225/1373/825
f 2226/1358/826 2225/1373/825 2224/1360/825
f 2225/1373/825 2226/1358/826 2227/1372/826
f 2228/1374/827 2229/1375/828 2230/1376/828
f 2231/1377/808 2232/1378/808 2233/1379/829
f 2231/1377/808 2233/1379/829 2234/1380/829
f 2235/1381/221 2232/1378/808 2231/1377/808
f 2235/1381/221 2236/1382/221 2232/1378/808
f 2233/1379/829 2237/1383/808 2238/1380/829
f 2238/1380/829 2237/1383/808 2239/1384/808
f 2240/1385/808 2241/1386/808 2242/1387/829
f 2243/1388/221 2241/1386/808 2240/1385/808
f 2240/1385/808 2242/1387/829 2244/1389/829
f 2245/1390/808 2244/1389/829 2242/1387/829
f 2244/1389/829 2245/1390/808 2246/1391/808
f 2243/1388/221 2247/1392/221 2241/1386/808
f 2248/1308/830 2249/1393/831 2250/1394/832
f 2249/1393/831 2248/1308/830 2251/1307/833
f 2252/1271/834 2253/1395/835 2254/1396/836
f 2252/1271/834 2254/1396/836 2255/1269/837
f 2256/1311/838 2257/1397/838 2258/1398/838
f 2257/1397/838 2256/1311/838 2259/1312/838
f 2260/1316/839 2261/1399/840 2262/1400/840
f 2260/1316/839 2262/1400/840 2263/1317/839
f 2264/1401/808 2265/1222/808 2266/1224/808
f 2267/1402/808 2265/1222/808 2264/1401/808
f 2265/1222/808 2267/1402/808 2268/1239/808
f 2264/1401/808 2266/1224/808 2269/1403/808
f 2269/1403/808 2266/1224/808 2270/1404/808
f 2271/1226/808 2270/1404/808 2266/1224/808
f 2270/1404/808 2271/1226/808 2272/1228/808
f 2270/1404/808 2272/1228/808 2273/1301/808
f 2274/1398/808 2275/1294/808 2276/1293/808
f 2274/1398/808 2276/1293/808 2277/1311/808
f 2275/1294/808 2274/1398/808 2278/1336/808
f 2275/1294/808 2278/1336/808 2279/1295/808
f 2280/1405/841 2281/1406/842 2282/1407/843
f 2281/1406/842 2280/1405/841 2283/1408/844
f 2284/1409/845 2285/1238/846 2286/1239/846
f 2284/1409/845 2286/1239/846 2287/1402/845
f 2288/1410/808 2289/1411/808 2290/1412/808
f 2289/1411/808 2288/1410/808 2291/1413/808
f 2292/1414/808 2290/1412/808 2289/1411/808
f 2291/1413/808 2288/1410/808 2293/1415/808
f 2290/1412/808 2292/1414/808 2294/1416/808
f 2295/1417/808 2293/1415/808 2288/1410/808
f 2292/1414/808 2296/1290/808 2294/1416/808
f 2297/1418/808 2293/1415/808 2295/1417/808
f 2296/1290/808 2292/1414/808 2298/1419/808
f 2295/1417/808 2299/1257/808 2297/1418/808
f 2300/1420/808 2296/1290/808 2298/1419/808
f 2299/1257/808 2301/1421/808 2297/1418/808
f 2296/1290/808 2300/1420/808 2302/1230/808
f 2303/1231/808 2301/1421/808 2299/1257/808
f 2304/1422/808 2302/1230/808 2300/1420/808
f 2301/1421/808 2303/1231/808 2304/1422/808
f 2302/1230/808 2304/1422/808 2303/1231/808
f 2305/1269/808 2306/1318/808 2307/1423/808
f 2308/1318/808 2309/1269/808 2310/1396/808
f 2311/1407/808 2312/1406/808 2313/1424/808
f 2314/1343/808 2313/1424/808 2312/1406/808
f 2315/1374/808 2314/1343/808 2312/1406/808
f 2313/1424/808 2316/1309/808 2311/1407/808
f 2316/1309/808 2317/1425/808 2311/1407/808
f 2316/1309/808 2318/1234/808 2317/1425/808
f 2318/1234/808 2319/1426/808 2317/1425/808
f 2320/1427/808 2317/1425/808 2319/1426/808
f 2318/1234/808 2321/1219/808 2319/1426/808
f 2321/1219/808 2318/1234/808 2322/1220/808
f 2323/1399/808 2324/1297/808 2325/1299/808
f 2324/1297/808 2323/1399/808 2326/1428/808
f 2327/1429/808 2326/1428/808 2323/1399/808
f 2328/1316/808 2327/1429/808 2323/1399/808
f 2328/1316/808 2329/1430/808 2327/1429/808
f 2330/1431/808 2323/1399/808 2325/1299/808
f 2331/1280/808 2330/1431/808 2325/1299/808
f 2331/1280/808 2332/1282/808 2330/1431/808
f 2333/1320/808 2330/1431/808 2332/1282/808
f 2330/1431/808 2333/1320/808 2334/1376/808
f 2335/1344/808 2334/1376/808 2333/1320/808
f 2334/1376/808 2335/1344/808 2336/1374/808
f 2335/1344/808 2337/1343/808 2336/1374/808
f 2338/1432/808 2339/1318/808 2340/1396/808
f 2339/1318/808 2338/1432/808 2341/1316/808
f 2342/1430/808 2341/1316/808 2338/1432/808
f 2338/1432/808 2343/1433/808 2342/1430/808
f 2342/1430/808 2343/1433/808 2344/1434/808
f 2345/1428/808 2346/1429/808 2347/1435/808
f 2348/1272/808 2349/1269/808 2350/1427/808
f 2350/1427/808 2349/1269/808 2351/1423/808
f 2352/1261/808 2353/1325/808 2354/1255/808
f 2353/1325/808 2352/1261/808 2355/1314/808
f 2354/1255/808 2353/1325/808 2356/1253/808
f 2357/1436/808 2356/1253/808 2353/1325/808
f 2353/1325/808 2358/1437/808 2357/1436/808
f 2353/1325/808 2359/1304/808 2358/1437/808
f 2360/1438/808 2358/1437/808 2359/1304/808
f 2361/1308/808 2360/1438/808 2359/1304/808
f 2360/1438/808 2361/1308/808 2362/1394/808
f 2359/1304/808 2363/1303/808 2361/1308/808
f 2364/1413/847 2365/1439/848 2366/1411/848
f 2365/1439/848 2364/1413/847 2367/1440/849
f 2368/1441/850 2366/1411/848 2365/1439/848
f 2364/1413/847 2369/1442/851 2367/1440/849
f 2366/1411/848 2368/1441/850 2370/1414/852
f 2369/1442/851 2364/1413/847 2371/1415/853
f 2372/1419/854 2370/1414/852 2368/1441/850
f 2371/1415/853 2373/1443/855 2369/1442/851
f 2372/1419/854 2368/1441/850 2374/1444/856
f 2371/1415/853 2375/1418/857 2373/1443/855
f 2376/1445/858 2372/1419/854 2374/1444/856
f 2377/1421/859 2373/1443/855 2375/1418/857
f 2372/1419/854 2376/1445/858 2378/1420/860
f 2373/1443/855 2377/1421/859 2379/1446/861
f 2380/1422/862 2378/1420/860 2376/1445/858
f 2380/1422/862 2379/1446/861 2377/1421/859
f 2376/1445/858 2381/1447/862 2380/1422/862
f 2379/1446/861 2380/1422/862 2381/1447/862
f 2382/1237/808 2383/1448/808 2384/1235/808
f 2385/1449/808 2384/1235/808 2383/1448/808
f 2384/1235/808 2385/1449/808 2386/1259/808
f 2385/1449/808 2387/1450/808 2386/1259/808
f 2383/1448/808 2382/1237/808 2388/1451/808
f 2382/1237/808 2389/1452/808 2388/1451/808
f 2389/1452/808 2382/1237/808 2390/1453/808
f 2390/1453/808 2391/1454/808 2389/1452/808
f 2390/1453/808 2392/1455/808 2391/1454/808
f 2392/1455/808 2393/1456/808 2391/1454/808
f 2392/1455/808 2394/1457/808 2393/1456/808
f 2394/1457/808 2395/1458/808 2393/1456/808
f 2396/1459/836 2397/1460/834 2398/1433/834
f 2398/1433/834 2399/1432/835 2396/1459/836
f 2400/1461/834 2401/1300/834 2402/1297/834
f 2403/1461/834 2404/1297/834 2405/1428/834
f 2406/1257/863 2407/1462/864 2408/1256/863
f 2409/1462/864 2410/1257/863 2411/1417/865
f 2412/1322/866 2413/1324/807 2414/1463/867
f 2412/1322/866 2414/1463/867 2415/1464/867
f 2416/1343/868 2417/1465/869 2418/1424/869
f 2419/1465/870 2420/1343/871 2421/1345/871
f 2422/1423/872 2423/1318/873 2424/1315/874
f 2422/1423/872 2424/1315/874 2425/1466/875
f 2426/1467/876 2427/1412/877 2428/1468/877
f 2429/1412/878 2430/1467/876 2431/1410/879
f 2432/1469/808 2433/1470/808 2434/1471/808
f 2433/1470/808 2432/1469/808 2435/1472/808
f 2435/1472/808 2432/1469/808 2436/1473/808
f 2436/1473/808 2437/1474/808 2435/1472/808
f 2435/1472/808 2437/1474/808 2438/1475/808
f 2437/1474/808 2436/1473/808 2439/1476/808
f 2438/1475/808 2437/1474/808 2440/1477/808
f 2441/1478/808 2438/1475/808 2440/1477/808
f 2440/1477/808 2442/1479/808 2441/1478/808
f 2437/1474/808 2439/1476/808 2443/1480/808
f 2439/1476/808 2444/1481/808 2443/1480/808
f 2444/1481/808 2439/1476/808 2445/1482/808
f 2446/1455/880 2447/1453/881 2448/1483/881
f 2448/1483/881 2449/1484/882 2446/1455/880
f 2453/1485/603 2454/1450/883 2450/1449/603
f 2453/1485/603 2455/1486/883 2454/1450/883
f 2451/1487/228 2452/1451/884 2456/1488/232
f 2459/1454/885 2457/1489/886 2458/1452/886
f 2457/1489/886 2459/1454/885 2460/1490/885
f 2463/1458/887 2461/1491/136 2462/1456/888
f 2461/1491/136 2463/1458/887 2464/1492/889
f 2465/1429/890 2466/1430/891 2467/1493/892
f 2468/1429/893 2469/1493/891 2470/1494/894
f 2471/1433/895 2472/1495/895 2473/1434/895
f 2472/1495/895 2471/1433/895 2474/1460/895
f 2475/1298/786 2476/1281/837 2477/1280/834
f 2477/1280/834 2478/1299/896 2475/1298/786
f 2479/1434/897 2480/1493/892 2481/1430/892
f 2480/1493/892 2479/1434/897 2482/1495/898
f 2483/1496/606 2485/1497/899 2484/1498/606
f 2486/1499/808 2485/1497/899 2483/1496/606
f 2486/1499/808 2487/1500/141 2485/1497/899
f 2488/1501/141 2487/1500/141 2486/1499/808
f 2489/1502/688 2490/1210/688 2491/1503/808
f 2492/1205/808 2491/1503/808 2490/1210/688
f 2491/1503/808 2492/1205/808 2493/1504/221
f 2494/1207/221 2493/1504/221 2492/1205/808
f 2495/1342/900 2496/1320/900 2497/1319/900
f 2496/1320/900 2495/1342/900 2498/1344/900
f 2501/1505/808 2500/1506/606 2499/1507/606
f 2500/1506/606 2501/1505/808 2502/1499/808
f 2503/1508/141 2502/1499/808 2501/1505/808
f 2502/1499/808 2503/1508/141 2504/1509/141
f 2505/1335/901 2506/1398/901 2507/1397/901
f 2506/1398/901 2505/1335/901 2508/1336/901
f 2509/1510/259 2510/1219/834 2511/1218/834
f 2510/1219/834 2509/1510/259 2512/1426/902
f 2513/1375/903 2514/1374/827 2515/1511/827
f 2516/1512/904 2517/1376/905 2513/1375/905
f 2517/1376/905 2516/1512/904 2518/1431/904
f 2519/1513/616 2520/1254/906 2521/1253/906
f 2519/1513/616 2521/1253/906 2522/1436/907
f 2523/1364/908 2524/1514/909 2525/1365/908
f 2524/1514/909 2523/1364/908 2526/1515/910
f 2527/1516/911 2528/1428/911 2529/1435/911
f 2528/1428/911 2527/1516/911 2530/1461/911
f 2531/1517/688 2532/1216/688 2533/1518/808
f 2534/1211/808 2533/1518/808 2532/1216/688
f 2533/1518/808 2534/1211/808 2535/1519/221
f 2536/1213/221 2535/1519/221 2534/1211/808
f 2537/1511/912 2538/1406/913 2539/1408/914
f 2538/1406/913 2537/1511/912 2540/1374/912
f 2541/1494/893 2542/1516/915 2543/1435/915
f 2544/1435/916 2545/1429/893 2546/1494/893
f 2547/1393/917 2548/1520/918 2549/1438/919
f 2547/1393/917 2549/1438/919 2550/1394/920
f 2551/1521/921 2552/1438/919 2553/1520/918
f 2552/1438/919 2551/1521/921 2554/1437/614
f 2555/1396/922 2556/1459/922 2557/1432/923
f 2556/1459/922 2555/1396/922 2558/1395/923
f 2559/1399/840 2560/1431/924 2561/1512/924
f 2562/1399/840 2563/1512/924 2564/1400/925
f 2565/1215/688 2566/1522/688 2567/1214/808
f 2568/1523/808 2567/1214/808 2566/1522/688
f 2567/1214/808 2568/1523/808 2569/1212/221
f 2570/1524/221 2569/1212/221 2568/1523/808
f 2571/1314/926 2572/1326/927 2573/1325/927
f 2572/1326/927 2571/1314/926 2574/1313/927
f 2575/1425/928 2576/1405/929 2577/1407/930
f 2576/1405/929 2575/1425/928 2578/1525/931
f 2580/1321/221 2579/1526/221 2581/1527/808
f 2580/1321/221 2581/1527/808 2582/1324/808
f 2582/1324/808 2581/1527/808 2583/1528/688
f 2582/1324/808 2583/1528/688 2584/1463/688
f 2585/1373/808 2586/1358/808 2587/1372/808
f 2586/1358/808 2585/1373/808 2588/1360/808
f 2589/1354/808 2587/1372/808 2586/1358/808
f 2590/1370/808 2588/1360/808 2585/1373/808
f 2587/1372/808 2589/1354/808 2591/1371/808
f 2588/1360/808 2590/1370/808 2592/1357/808
f 2593/1369/808 2591/1371/808 2589/1354/808
f 2594/1368/808 2592/1357/808 2590/1370/808
f 2593/1369/808 2589/1354/808 2595/1346/808
f 2592/1357/808 2594/1368/808 2596/1355/808
f 2597/1366/808 2596/1355/808 2594/1368/808
f 2596/1355/808 2597/1366/808 2598/1349/808
f 2595/1346/808 2599/1367/808 2593/1369/808
f 2599/1367/808 2595/1346/808 2600/1348/808
f 2601/1366/808 2599/1367/808 2600/1348/808
f 2600/1348/808 2602/1349/808 2601/1366/808
f 2604/1427/932 2605/1426/933 2603/1510/934
f 2606/1465/870 2607/1310/935 2608/1309/935
f 2608/1309/935 2609/1424/870 2606/1465/870
f 2611/1529/936 2612/1249/808 2610/1530/688
f 2612/1249/808 2611/1529/936 2613/1531/573
f 2615/1532/221 2616/1531/573 2614/1533/937
f 2616/1531/573 2615/1532/221 2617/1249/808
f 2618/1534/808 2619/1267/688 2620/1266/808
f 2619/1267/688 2618/1534/808 2621/1535/688
f 2620/1266/808 2622/1536/221 2618/1534/808
f 2622/1536/221 2620/1266/808 2623/1263/221
f 2624/1416/938 2625/1290/938 2626/1289/938
f 2626/1289/938 2627/1537/938 2624/1416/938
f 2630/1538/808 2629/1514/688 2628/1539/688
f 2630/1538/808 2631/1365/808 2629/1514/688
f 2632/1540/221 2631/1365/808 2630/1538/808
f 2632/1540/221 2633/1362/221 2631/1365/808
f 2636/1364/808 2635/1464/688 2634/1515/688
f 2636/1364/808 2637/1322/808 2635/1464/688
f 2638/1363/221 2637/1322/808 2636/1364/808
f 2638/1363/221 2639/1323/221 2637/1322/808
f 2640/1417/939 2641/1410/940 2642/1467/876
f 2643/1467/876 2644/1462/941 2645/1417/942
f 2646/1455/880 2647/1541/943 2648/1457/944
f 2647/1541/943 2646/1455/880 2649/1484/880
f 2650/1542/221 2651/1287/221 2652/1543/808
f 2653/1286/808 2652/1543/808 2651/1287/221
f 2652/1543/808 2653/1286/808 2654/1544/688
f 2655/1285/688 2654/1544/688 2653/1286/808
f 2656/1423/945 2657/1545/946 2658/1427/946
f 2657/1545/946 2656/1423/945 2659/1466/947
f 2660/1545/948 2661/1425/949 2662/1427/950
f 2661/1425/949 2660/1545/948 2663/1525/951
f 2664/1283/952 2665/1539/953 2666/1284/953
f 2665/1539/953 2664/1283/952 2667/1538/952
f 2667/1538/952 2664/1283/952 2668/1540/954
f 2669/1288/270 2668/1540/954 2664/1283/952
f 2670/1416/955 2671/1468/955 2672/1412/956
f 2671/1468/955 2670/1416/955 2673/1537/956
f 2674/1264/957 2675/1528/958 2676/1527/957
f 2677/1526/959 2674/1264/957 2676/1527/957
f 2675/1528/958 2674/1264/957 2678/1268/960
f 2674/1264/957 2677/1526/959 2679/1265/959
f 2680/1546/961 2681/1402/845 2682/1401/961
f 2681/1402/845 2680/1546/961 2683/1409/845
f 2684/1547/962 2685/1548/963 2686/1403/964
f 2687/1403/963 2688/1404/962 2689/1547/962
f 2690/1246/965 2691/1248/285 2692/1542/285
f 2692/1542/285 2693/1543/966 2690/1246/965
f 2694/1544/712 2690/1246/965 2693/1543/966
f 2690/1246/965 2694/1544/712 2695/1251/712
f 2698/1240/967 2697/1536/968 2696/1245/968
f 2697/1536/968 2698/1240/967 2699/1534/967
f 2698/1240/967 2700/1535/969 2699/1534/967
f 2698/1240/967 2701/1242/969 2700/1535/969
f 2702/1546/961 2703/1403/963 2704/1548/964
f 2703/1403/963 2702/1546/961 2705/1401/961
f 2706/1547/962 2707/1301/970 2708/1302/970
f 2707/1301/970 2706/1547/962 2709/1404/962
f 2712/1503/971 2711/1504/954 2710/1524/954
f 2710/1524/954 2713/1523/972 2712/1503/971
f 2714/1522/953 2712/1503/971 2713/1523/972
f 2712/1503/971 2714/1522/953 2715/1502/953
f 2717/1549/973 2718/1208/974 2716/1550/688
f 2718/1208/974 2717/1549/973 2719/1551/975
f 2720/1552/221 2722/1551/573 2721/1553/937
f 2722/1551/573 2720/1552/221 2723/1208/808
