# This file is brought to you by Roblox Corporation
# Generated by Roblox Studio

mtllib Keyp.mtl

g Meshpart1

v 2.39856 0.943771 0.902537 
v 2.41613 0.889943 0.941074 
v 2.39856 0.87846 0.92959 
v 2.39856 0.851407 0.994902 
v 2.41613 0.943771 0.918778 
v 2.41613 0.867647 0.994902 
v 2.41613 0.997599 0.941074 
v 2.39856 1.00908 0.92959 
v 2.39856 1.03614 0.994902 
v 2.4208 0.894889 0.959724 
v 2.42617 0.894889 0.994902 
v 2.42075 0.894889 1.03041 
v 2.42775 0.912241 0.963371 
v 2.42775 0.912088 0.963741 
v 2.42775 0.957206 0.974278 
v 2.42775 0.943771 0.950311 
v 2.41613 0.889943 1.04873 
v 2.39856 0.87846 1.06021 
v 2.42775 0.912241 1.02643 
v 2.39856 0.943771 1.08727 
v 2.42775 0.975302 0.963371 
v 2.42775 0.976508 0.966283 
v 2.42711 0.977996 0.965666 
v 2.42076 0.998787 0.974278 
v 2.41613 1.0199 0.994902 
v 2.42076 1.00733 0.994902 
v 2.42071 0.998787 1.01586 
v 2.41613 0.997599 1.04873 
v 2.39856 1.00908 1.06021 
v 2.42706 0.977996 1.02447 
v 2.41613 0.943771 1.07103 
v 2.42775 0.943771 1.03949 
v 2.42775 0.957206 1.01586 
v 2.42775 0.975302 1.02643 
v 2.42775 0.97639 1.02381 
v 2.41613 0.997599 0.941074 
v 2.39856 1.00908 0.92959 
v 2.39856 1.03614 0.994902 
v 2.42076 0.998787 0.974278 
v 2.41613 1.0199 0.994902 
v 2.42071 0.998787 1.01586 
v 2.41613 0.997599 1.04873 
v 2.39856 1.00908 1.06021 
v 2.39856 1.03614 0.994902 
v 2.41613 0.889943 1.04873 
v 2.39856 0.87846 1.06021 
v 2.39856 0.943771 1.08727 
v 2.42071 0.998787 1.01586 
v 2.41613 0.997599 1.04873 
v 2.39856 1.00908 1.06021 
v 2.41613 0.943771 1.07103 
v 0.648667 0.865854 1.07282 
v 0.625474 0.943771 1.07986 
v 0.625474 0.883699 1.05497 
v 0.648667 0.943771 1.10509 
v 0.648667 1.02169 1.07282 
v 0.625474 0.858816 0.994902 
v 0.648667 0.83358 0.994902 
v 0.648667 0.865854 0.916985 
v 0.617859 0.894888 1.03041 
v 0.625474 1.00384 1.05497 
v 0.648667 1.05396 0.994902 
v 0.612816 0.943771 1.04435 
v 0.612816 0.978734 1.02986 
v 0.612816 0.908809 1.02986 
v 0.612816 0.907788 1.0274 
v 0.612816 0.957205 1.01586 
v 0.612816 0.977996 1.02447 
v 0.612816 0.981583 1.02299 
v 0.617897 0.998787 1.01586 
v 0.625474 1.02873 0.994902 
v 0.617847 1.00733 0.994902 
v 0.617847 0.998787 0.974278 
v 0.625474 1.00384 0.93483 
v 0.648667 1.02169 0.916985 
v 0.612816 0.978734 0.959939 
v 0.612816 0.98175 0.967221 
v 0.612816 0.977996 0.965666 
v 0.612816 0.957205 0.974278 
v 0.625474 0.943771 0.909947 
v 0.648667 0.943771 0.884711 
v 0.612816 0.943771 0.945457 
v 0.612816 0.908809 0.959939 
v 0.612816 0.907662 0.962708 
v 0.61781 0.894888 0.959724 
v 0.625474 0.883699 0.93483 
v 0.612816 0.894888 0.993546 
v 0.612816 0.894327 0.994902 
v 0.612816 0.894888 0.996258 
v 2.41613 0.889943 0.941074 
v 2.39856 0.87846 0.92959 
v 2.39856 0.851407 0.994902 
v 2.41613 0.867647 0.994902 
v 2.4208 0.894889 0.959724 
v 2.42075 0.894889 1.03041 
v 2.41613 0.889943 1.04873 
v 2.39856 0.87846 1.06021 
v 2.39856 0.943771 0.902537 
v 2.41613 0.889943 0.941074 
v 2.39856 0.87846 0.92959 
v 2.41613 0.943771 0.918778 
v 2.41613 0.997599 0.941074 
v 2.39856 1.00908 0.92959 

vn 0.677165 0 -0.732283 
vn 0.80315 -0.417323 -0.425197 
vn 0.677165 -0.496063 -0.543307 
vn 0.677165 -0.732283 0 
vn 0.795276 0 -0.606299 
vn 0.811024 -0.590551 0 
vn 0.80315 0.417323 -0.425197 
vn 0.677165 0.496063 -0.543307 
vn 0.677165 0.732283 0 
vn 0.929134 -0.338583 -0.141732 
vn 0.937008 -0.346457 0 
vn 0.929134 -0.338583 0.141732 
vn 0.976378 -0.15748 -0.149606 
vn 0.976378 -0.181102 -0.0787402 
vn 1 0 0 
vn 0.976378 0 -0.228346 
vn 0.80315 -0.417323 0.425197 
vn 0.677165 -0.496063 0.543307 
vn 0.96063 -0.149606 0.228346 
vn 0.677165 0 0.732283 
vn 0.976378 0.15748 -0.149606 
vn 0.984252 0.165354 -0.0708661 
vn 0.929134 0.338583 -0.141732 
vn 0.929134 0.338583 -0.141732 
vn 0.811024 0.590551 0 
vn 0.937008 0.346457 0 
vn 0.929134 0.338583 0.141732 
vn 0.80315 0.417323 0.425197 
vn 0.677165 0.496063 0.543307 
vn 0.929134 0.338583 0.141732 
vn 0.795276 0 0.606299 
vn 0.976378 0 0.228346 
vn 1 0 0 
vn 0.976378 0.15748 0.149606 
vn 0.984252 0.165354 0.0708661 
vn 0.80315 0.417323 -0.425197 
vn 0.677165 0.496063 -0.543307 
vn 0.677165 0.732283 0 
vn 0.929134 0.338583 -0.141732 
vn 0.811024 0.590551 0 
vn 0.929134 0.338583 0.141732 
vn 0.80315 0.417323 0.425197 
vn 0.677165 0.496063 0.543307 
vn 0.677165 0.732283 0 
vn 0.80315 -0.417323 0.425197 
vn 0.677165 -0.496063 0.543307 
vn 0.677165 0 0.732283 
vn 0.929134 0.338583 0.141732 
vn 0.80315 0.417323 0.425197 
vn 0.677165 0.496063 0.543307 
vn 0.795276 0 0.606299 
vn -0.732283 -0.456693 0.496063 
vn -0.826772 0 0.559055 
vn -0.834646 -0.393701 0.393701 
vn -0.740157 0 0.677165 
vn -0.732283 0.456693 0.496063 
vn -0.834646 -0.543307 0 
vn -0.740157 -0.677165 0 
vn -0.732283 -0.456693 -0.496063 
vn -0.929134 -0.330709 0.133858 
vn -0.834646 0.393701 0.393701 
vn -0.740157 0.677165 0 
vn -0.976378 0 0.220472 
vn -0.976378 0.149606 0.149606 
vn -0.976378 -0.149606 0.149606 
vn -0.984252 -0.181102 0.0708661 
vn -1 0 0 
vn -1 0 0 
vn -0.96063 0.251969 0.102362 
vn -0.929134 0.330709 0.133858 
vn -0.834646 0.543307 0 
vn -0.944882 0.338583 0 
vn -0.929134 0.330709 -0.133858 
vn -0.834646 0.393701 -0.393701 
vn -0.732283 0.456693 -0.496063 
vn -0.976378 0.149606 -0.149606 
vn -0.96063 0.251969 -0.102362 
vn -1 0 0 
vn -1 0 0 
vn -0.826772 0 -0.559055 
vn -0.740157 0 -0.677165 
vn -0.976378 0 -0.220472 
vn -0.976378 -0.149606 -0.149606 
vn -0.984252 -0.181102 -0.0708661 
vn -0.929134 -0.330709 -0.133858 
vn -0.834646 -0.393701 -0.393701 
vn -0.944882 -0.299213 -0.125984 
vn -0.976378 -0.204724 0 
vn -0.944882 -0.299213 0.125984 
vn 0.80315 -0.417323 -0.425197 
vn 0.677165 -0.496063 -0.543307 
vn 0.677165 -0.732283 0 
vn 0.811024 -0.590551 0 
vn 0.929134 -0.338583 -0.141732 
vn 0.929134 -0.338583 0.141732 
vn 0.80315 -0.417323 0.425197 
vn 0.677165 -0.496063 0.543307 
vn 0.677165 0 -0.732283 
vn 0.80315 -0.417323 -0.425197 
vn 0.677165 -0.496063 -0.543307 
vn 0.795276 0 -0.606299 
vn 0.80315 0.417323 -0.425197 
vn 0.677165 0.496063 -0.543307 

vt 0.0115456 -9 
vt 0.0067285 -9.00673 
vt 0.008164 -9.00816 
vt 2.6921e-10 -9.01155 
vt 0.0095155 -9 
vt 2.6921e-10 -9.00952 
vt 0.0067285 -8.99327 
vt 0.008164 -8.99184 
vt 2.6921e-10 -8.98845 
vt 0.00439725 -9.00611 
vt 2.6921e-10 -9.00611 
vt -0.00443887 -9.00611 
vt 0.00394138 -9.00394 
vt 0.00389513 -9.00396 
vt 0.002578 -8.99832 
vt 0.00557388 -9 
vt -0.0067285 -9.00673 
vt -0.008164 -9.00816 
vt -0.00394137 -9.00394 
vt -0.0115456 -9 
vt 0.00394138 -8.99606 
vt 0.00357738 -8.99591 
vt 0.0036545 -8.99572 
vt 0.002578 -8.99312 
vt 2.6921e-10 -8.99048 
vt 2.6921e-10 -8.99205 
vt -0.00261975 -8.99312 
vt -0.0067285 -8.99327 
vt -0.008164 -8.99184 
vt -0.00369612 -8.99572 
vt -0.0095155 -9 
vt -0.00557387 -9 
vt -0.00261975 -8.99832 
vt -0.00394137 -8.99606 
vt -0.003613 -8.99592 
vt -0.111981 -9.00673 
vt -0.109784 -9.00816 
vt -0.109784 -9 
vt -0.112559 -9.00258 
vt -0.111981 -9 
vt -0.112553 -8.99738 
vt -0.111981 -8.99327 
vt -0.109784 -8.99184 
vt 0.109784 -8.98845 
vt 0.111981 -9.00673 
vt 0.109784 -9.00816 
vt 0.109784 -9 
vt 0.112553 -8.99312 
vt 0.111981 -8.99327 
vt 0.109784 -8.99184 
vt 0.111981 -9 
vt 0.00973962 -9.00974 
vt 0.0106194 -9 
vt 0.007509 -9.00751 
vt 0.0137739 -9 
vt 0.00973962 -8.99026 
vt -2.6921e-10 -9.01062 
vt -2.6921e-10 -9.01377 
vt -0.00973963 -9.00974 
vt 0.00443887 -9.00611 
vt 0.007509 -8.99249 
vt -2.6921e-10 -8.98623 
vt 0.0061805 -9 
vt 0.00437025 -8.99563 
vt 0.00437025 -9.00437 
vt 0.00406237 -9.0045 
vt 0.00261975 -8.99832 
vt 0.00369612 -8.99572 
vt 0.0035105 -8.99527 
vt 0.00261975 -8.99312 
vt -2.6921e-10 -8.98938 
vt -2.6921e-10 -8.99205 
vt -0.002578 -8.99312 
vt -0.007509 -8.99249 
vt -0.00973963 -8.99026 
vt -0.00437038 -8.99563 
vt -0.00346013 -8.99525 
vt -0.0036545 -8.99572 
vt -0.002578 -8.99832 
vt -0.0106194 -9 
vt -0.0137739 -9 
vt -0.00618063 -9 
vt -0.00437038 -9.00437 
vt -0.00402425 -9.00451 
vt -0.00439725 -9.00611 
vt -0.007509 -9.00751 
vt -0.0001695 -9.00611 
vt -2.6921e-10 -9.00618 
vt 0.0001695 -9.00611 
vt 0.111981 -9.00673 
vt 0.109784 -9.00816 
vt 0.109784 -9 
vt 0.111981 -9 
vt 0.112564 -9.0044 
vt 0.112558 -8.99556 
vt 0.111981 -8.99327 
vt 0.109784 -8.99184 
vt -0.109784 -9 
vt -0.111981 -9.00673 
vt -0.109784 -9.00816 
vt -0.111981 -9 
vt -0.111981 -8.99327 
vt -0.109784 -8.99184 

usemtl Meshpart1Mtl

f 10/10/10 6/6/6 2/2/2 
f 6/6/6 10/10/10 11/11/11 
f 12/12/12 6/6/6 11/11/11 
f 13/13/13 10/10/10 2/2/2 
f 5/5/5 13/13/13 2/2/2 
f 10/10/10 13/13/13 14/14/14 
f 13/13/13 15/15/15 14/14/14 
f 13/13/13 5/5/5 16/16/16 
f 16/16/16 15/15/15 13/13/13 
f 6/6/6 12/12/12 17/17/17 
f 19/19/19 17/17/17 12/12/12 
f 15/15/15 16/16/16 21/21/21 
f 5/5/5 21/21/21 16/16/16 
f 21/21/21 22/22/22 15/15/15 
f 21/21/21 23/23/23 22/22/22 
f 21/21/21 5/5/5 7/7/7 
f 23/23/23 21/21/21 7/7/7 
f 7/7/7 24/24/24 23/23/23 
f 25/25/25 24/24/24 7/7/7 
f 24/24/24 25/25/25 26/26/26 
f 27/27/27 26/26/26 25/25/25 
f 25/25/25 28/28/28 27/27/27 
f 28/28/28 30/30/30 27/27/27 
f 31/31/31 17/17/17 19/19/19 
f 19/19/19 32/32/32 31/31/31 
f 19/19/19 33/33/33 32/32/32 
f 31/31/31 34/34/34 28/28/28 
f 30/30/30 28/28/28 34/34/34 
f 34/34/34 31/31/31 32/32/32 
f 33/33/33 34/34/34 32/32/32 
f 34/34/34 35/35/35 30/30/30 
f 34/34/34 33/33/33 35/35/35 
f 38/38/38 36/36/36 37/37/37 
f 36/36/36 38/38/38 40/40/40 
f 42/42/42 40/40/40 38/38/38 
f 38/38/38 43/43/43 42/42/42 
f 45/45/45 47/47/47 46/46/46 
f 47/47/47 49/49/49 50/50/50 
f 49/49/49 47/47/47 51/51/51 
f 47/47/47 45/45/45 51/51/51 
f 52/52/52 53/53/53 54/54/54 
f 53/53/53 52/52/52 55/55/55 
f 56/56/56 53/53/53 55/55/55 
f 57/57/57 52/52/52 54/54/54 
f 52/52/52 57/57/57 58/58/58 
f 59/59/59 58/58/58 57/57/57 
f 57/57/57 54/54/54 60/60/60 
f 53/53/53 56/56/56 61/61/61 
f 62/62/62 61/61/61 56/56/56 
f 63/63/63 54/54/54 53/53/53 
f 53/53/53 61/61/61 64/64/64 
f 64/64/64 63/63/63 53/53/53 
f 65/65/65 60/60/60 54/54/54 
f 54/54/54 63/63/63 65/65/65 
f 60/60/60 65/65/65 66/66/66 
f 67/67/67 66/66/66 65/65/65 
f 67/67/67 65/65/65 63/63/63 
f 63/63/63 64/64/64 67/67/67 
f 67/67/67 64/64/64 68/68/68 
f 64/64/64 69/69/69 68/68/68 
f 70/70/70 69/69/69 64/64/64 
f 64/64/64 61/61/61 70/70/70 
f 71/71/71 70/70/70 61/61/61 
f 61/61/61 62/62/62 71/71/71 
f 70/70/70 71/71/71 72/72/72 
f 71/71/71 73/73/73 72/72/72 
f 62/62/62 74/74/74 71/71/71 
f 73/73/73 71/71/71 74/74/74 
f 62/62/62 75/75/75 74/74/74 
f 76/76/76 73/73/73 74/74/74 
f 73/73/73 76/76/76 77/77/77 
f 78/78/78 77/77/77 76/76/76 
f 76/76/76 79/79/79 78/78/78 
f 80/80/80 74/74/74 75/75/75 
f 80/80/80 76/76/76 74/74/74 
f 75/75/75 81/81/81 80/80/80 
f 79/79/79 76/76/76 82/82/82 
f 76/76/76 80/80/80 82/82/82 
f 59/59/59 80/80/80 81/81/81 
f 83/83/83 79/79/79 82/82/82 
f 80/80/80 83/83/83 82/82/82 
f 79/79/79 83/83/83 84/84/84 
f 83/83/83 85/85/85 84/84/84 
f 83/83/83 80/80/80 86/86/86 
f 80/80/80 59/59/59 86/86/86 
f 85/85/85 83/83/83 86/86/86 
f 59/59/59 57/57/57 86/86/86 
f 86/86/86 57/57/57 85/85/85 
f 87/87/87 85/85/85 57/57/57 
f 57/57/57 88/88/88 87/87/87 
f 89/89/89 87/87/87 88/88/88 
f 57/57/57 89/89/89 88/88/88 
f 60/60/60 89/89/89 57/57/57 
f 90/90/90 92/92/92 91/91/91 
f 92/92/92 90/90/90 93/93/93 
f 96/96/96 92/92/92 93/93/93 
f 92/92/92 96/96/96 97/97/97 
f 98/98/98 99/99/99 100/100/100 
f 99/99/99 98/98/98 101/101/101 
f 98/98/98 102/102/102 101/101/101 
f 102/102/102 98/98/98 103/103/103 

g Meshpart2

v 3.75596 0.11019 0.884567 
v 3.64596 -0.00981003 1.10353 
v 3.64596 -0.00981003 0.884567 
v 3.75596 0.11019 1.10353 
v 3.47758 0.537554 0.901192 
v 3.47758 0.0153919 1.0869 
v 3.47758 0.0153919 0.901192 
v 3.47758 0.537554 1.0869 
v 3.55596 0.41019 0.884567 
v 3.75596 0.11019 1.10353 
v 3.75596 0.11019 0.884567 
v 3.55596 0.41019 1.10353 
v 3.58596 0.65019 0.884567 
v 3.58596 0.65019 1.10353 
v 3.53596 0.70019 0.884567 
v 3.53596 0.70019 1.10353 
v 3.58596 0.65019 0.884567 
v 3.58596 0.65019 1.10353 
v 3.35898 0.651357 0.901192 
v 3.63662 0.0136799 0.869596 
v 3.72712 0.112415 1.1185 
v 3.4567 0.0353239 1.1006 
v 3.4567 0.528651 1.1006 
v 2.55002 0.26994 1.08274 
v 2.55002 0.26994 0.905357 
v 2.64002 0.35994 0.905357 
v 2.64002 0.35994 1.08274 
v 2.68661 0.50994 0.905357 
v 2.68661 0.50994 1.08274 
v 2.64002 0.35994 0.905357 
v 2.77343 0.0480099 0.907797 
v 2.79596 0.0401899 0.930815 
v 2.44717 1.02638 0.913015 
v 2.44717 0.945348 0.902369 
v 2.44717 0.945348 0.879449 
v 2.44717 0.864314 0.913015 
v 2.44717 1.01017 0.929222 
v 2.44717 0.88052 0.929222 
v 2.44717 1.05995 0.994048 
v 2.44717 0.830748 0.994048 
v 2.44717 1.03703 0.994048 
v 2.44717 0.853668 0.994048 
v 2.44717 1.01017 1.05888 
v 2.44717 0.88052 1.05888 
v 2.44717 1.02638 1.07508 
v 2.44717 0.945348 1.08573 
v 2.44717 0.945348 1.10865 
v 2.44717 0.864314 1.07508 
v 2.44717 0.945348 1.08573 
v 2.44717 0.945348 1.10865 
v -1.28354 0.346306 0.949099 
v -1.28354 0.346306 1.039 
v -1.28354 0.210009 1.039 
v -1.28354 0.210009 0.949099 
v 2.79596 0.0401899 1.05728 
v 2.79596 0.0401899 0.930815 
v 2.6097 0.438924 0.930815 
v 2.6097 0.438924 1.05728 
v 3.52654 0.677427 0.869596 
v 2.38717 0.945348 1.12138 
v 2.23596 -0.17981 0.930815 
v 2.66517 0.492558 0.891551 
v 2.66517 0.492558 1.09655 
v 0.628423 0.540201 1.09461 
v 2.79596 0.0401899 0.930815 
v 2.59275 0.41832 0.907797 
v 2.77343 0.0480099 0.907797 
v 2.79596 0.0401899 1.05728 
v 2.59275 0.41832 1.0803 
v 2.77343 0.0480099 1.0803 
v 2.15717 1.07798 0.994048 
v 2.15717 1.03914 1.08784 
v 2.23717 0.945348 1.10016 
v 2.24544 -0.159206 0.907797 
v 2.24544 -0.159206 1.0803 
v 2.74858 0.0153919 0.901192 
v 2.74858 0.0153919 1.0869 
v 2.20874 0.568836 0.902273 
v 2.20874 0.568836 1.09461 
v 2.06861 0.354108 0.902273 
v 2.06861 0.354108 0.902273 
v 2.20874 0.568836 1.09461 
v 2.06861 0.354108 1.09461 
v -1.5165 0.112558 0.949099 
v -1.5165 0.112558 1.039 
v 1.65269 1.17984 1.01465 
v 1.82311 0.143234 1.10921 
v 1.65269 1.17984 0.985349 
v 1.66299 1.1361 0.975046 
v 1.67333 1.1361 1 
v 1.65875 1.17984 1 
v 1.65269 1.17984 1.01465 
v 1.66299 1.1361 1.02495 
v 2.05506 0.385311 0.930815 
v 2.05506 0.385311 1.05728 
v 2.11506 0.145311 0.930815 
v 2.11506 0.145311 1.05728 
v 2.31506 -0.0646891 1.05728 
v 2.31506 -0.0646891 0.930815 
v 1.82311 0.143234 0.88808 
v 1.9759 0.430889 0.88808 
v 1.82311 0.143234 1.10921 
v 1.9759 0.430889 1.10921 
v 2.1837 0.555274 1.10728 
v 2.13635 0.185337 0.905357 
v 2.09518 0.353129 0.905357 
v 2.13635 0.185337 1.08274 
v 2.09518 0.353129 1.08274 
v 1.02717 0.945348 1.1362 
v 1.07717 1.1033 0.994048 
v 1.63803 1.11802 1.07013 
v -1.05058 0.185358 0.949099 
v -1.05058 0.185358 1.039 
v 1.81236 0.161108 1.12684 
v 2.76048 0.0352859 1.1006 
v 1.81236 0.161108 0.870454 
v 1.95431 0.428349 1.12684 
v 1.41379 0.226201 0.902273 
v 1.41379 0.226201 1.09461 
v 1.73066 1.01408 0.925318 
v 2.03954 0.568836 1.09461 
v 2.00954 0.676226 1.09461 
v 2.03954 0.568836 0.902273 
v 2.00954 0.676226 0.902273 
v 1.90236 0.914367 0.917039 
v 1.90236 0.914367 1.08296 
v 1.90236 0.666419 0.917039 
v 1.90236 0.666419 1.08296 
v 1.90236 0.914367 0.917039 
v 1.90236 1.04593 1 
v 1.90236 0.914367 1.08296 
v 1.90236 1.01746 1.06873 
v 1.90236 0.948731 1.0972 
v 1.90236 1.01746 0.931273 
v 1.90236 0.948731 0.902804 
v 3.38769 0.03146 0.869596 
v 2.11418 0.202719 1.09655 
v 1.53367 1.04255 0.994048 
v 2.69854 0.314116 0.901192 
v 2.79103 0.45484 0.901192 
v 2.69854 0.314116 1.0869 
v 2.82751 0.147333 1.0869 
v 2.82751 0.147333 0.901192 
v 2.79103 0.45484 1.0869 
v 1.17842 0.668939 0.902273 
v 1.23749 0.561732 0.889601 
v 1.73066 0.945348 1.09125 
v 1.29379 0.412119 1.09461 
v 1.41379 0.226201 0.902273 
v 1.29379 0.412119 0.902273 
v 1.41379 0.226201 1.09461 
v 1.33379 0.457119 0.902273 
v 1.33379 0.457119 1.09461 
v 1.65875 0.950636 1.24181 
v 1.65269 0.965288 1.24181 
v 1.66299 0.975591 1.19808 
v 1.67333 0.950636 1.19808 
v 1.65875 0.950636 1.24181 
v 1.65269 0.935985 1.24181 
v 1.66299 0.925681 1.19808 
v 1.65269 0.935985 0.758191 
v 1.66299 0.925681 0.801926 
v 1.67333 0.950636 0.801926 
v 1.65875 0.950636 0.758191 
v 1.65269 0.965288 0.758191 
v 1.66299 0.975591 0.801926 
v 2.03954 0.568836 0.902273 
v 2.03954 0.568836 1.09461 
v 2.00954 0.676226 0.902273 
v 2.00954 0.676226 1.09461 
v 1.3277 0.470681 1.10728 
v 1.3277 0.470681 0.889601 
v 1.63803 0.901543 1.19808 
v 1.63803 0.901543 0.801926 
v 1.67275 0.98535 0.801926 
v 1.68763 1.00023 1.17999 
v 1.68763 0.901045 1.17999 
v 1.63803 0.880503 1.17999 
v 1.88775 0.530889 1.10921 
v 1.9759 0.430889 0.88808 
v 1.88775 0.530889 0.88808 
v 1.9759 0.430889 1.10921 
v 1.49717 0.945348 0.913049 
v 1.80517 0.914367 0.917039 
v 1.46494 0.666419 0.917039 
v 1.46494 1.01746 0.931273 
v 1.46494 1.04593 1 
v 1.46494 1.01746 1.06873 
v 1.26442 0.76894 1.09461 
v 1.26442 0.76894 0.902273 
v 1.89043 0.54817 1.09461 
v 1.89644 0.561732 1.10728 
v 1.89644 0.561732 0.889601 
v 1.89043 0.54817 0.902273 
v 3.40507 0.616659 0.869596 
v 1.29704 0.488181 1.10728 
v 3.40507 0.616659 1.1185 
v 3.47452 0.677427 1.1185 
v 1.29704 0.488181 0.889601 
v 1.6031 0.985567 0.937608 
v 1.63803 0.901237 0.937608 
v 1.67297 0.915705 0.937608 
v 1.67297 0.915705 0.87512 
v 1.68743 0.950636 0.937608 
v 1.68743 0.950636 0.87512 
v 1.67297 0.985567 0.937608 
v 1.67297 0.985567 0.87512 
v 1.6031 0.985567 1.12488 
v 1.67297 0.985567 1.06239 
v 1.67297 0.985567 1.12488 
v 1.68743 0.950636 1.06239 
v 1.68743 0.950636 1.12488 
v 1.67297 0.915705 1.06239 
v 1.67297 0.915705 1.12488 
v 0.728579 0.526402 1.10728 
v 1.29524 0.662664 1.10728 
v 1.4099 0.662664 1.10728 
v 0.819941 0.355001 1.10728 
v 2.77976 0.47572 0.887496 
v 2.68812 0.590142 0.887496 
v 0.819941 0.355001 0.889601 
v 2.68812 0.590142 1.1006 
v 2.67245 0.312439 1.1006 
v 2.51892 0.332699 1.1006 
v 2.08762 0.422529 0.891551 
v 2.08762 0.422529 1.09655 
v 1.98043 0.449108 0.902273 
v 2.30623 -0.0852941 0.907797 
v 1.84585 0.306979 0.907797 
v 1.30442 0.676226 1.09461 
v 1.30442 0.676226 0.902273 
v 1.41644 0.676226 0.902273 
v 1.46494 0.914367 1.08296 
v 1.46494 0.666419 1.08296 
v 0.837923 0.668939 1.09461 
v 1.73066 0.876617 1.06278 
v 0.837923 0.668939 0.902273 
v -1.05058 0.508706 0.949099 
v -1.5165 0.346306 0.949099 
v -1.5165 0.346306 1.039 
v 1.26442 0.76894 0.902273 
v 1.26442 0.76894 1.09461 
v 1.30442 0.676226 1.09461 
v 1.30442 0.676226 0.902273 
v 2.09639 0.135038 0.907797 
v 2.11506 0.145311 0.930815 
v 2.05506 0.385311 0.930815 
v 2.03013 0.4001 0.907797 
v 1.43771 0.585607 1.09461 
v 2.09639 0.135038 1.0803 
v 2.11506 0.145311 1.05728 
v 2.05506 0.385311 1.05728 
v 2.03013 0.4001 1.0803 
v 1.43771 0.585607 0.902273 
v 1.43829 0.646225 1.09461 
v 1.67297 1.00042 0.965069 
v 1.67297 1.06291 0.965069 
v 1.68743 1.00042 1 
v 1.68743 1.06291 1 
v 1.67297 1.00042 1.03493 
v 1.67297 1.06291 1.03493 
v -0.976016 0.508366 1.05993 
v -0.976016 0.574248 0.900882 
v -0.976016 0.640129 0.928171 
v 1.68763 1.11802 0.950409 
v 1.68763 1.06291 0.950409 
v 1.70817 1.06291 1 
v 1.70817 1.11802 1 
v 1.68763 1.11802 1.04959 
v 1.68763 1.06291 1.04959 
v 0.837923 0.668939 1.09461 
v 0.837923 0.668939 0.902273 
v 0.746536 0.525942 1.09461 
v 0.746536 0.525942 0.902273 
v 2.13316 0.50994 0.905357 
v 1.49717 0.888072 0.936772 
v 0.732404 0.513856 0.933662 
v 0.732404 0.634639 0.933662 
v 1.43829 0.646225 0.902273 
v 1.43771 0.585607 1.09461 
v 1.43771 0.585607 0.902273 
v 1.43829 0.646225 1.09461 
v 1.46494 1.04593 1 
v 1.46494 0.914367 0.917039 
v 1.46494 1.01746 0.931273 
v 1.46494 0.948731 0.902804 
v 1.46494 0.914367 1.08296 
v 1.46494 1.01746 1.06873 
v 1.46494 0.948731 1.0972 
v 1.46494 0.666419 0.917039 
v 1.46494 0.914367 1.08296 
v 1.46494 0.666419 1.08296 
v 1.46494 0.914367 0.917039 
v 1.41644 0.676226 0.902273 
v 1.43829 0.646225 1.09461 
v 1.43829 0.646225 0.902273 
v 1.41644 0.676226 1.09461 
v -0.946016 0.65189 0.994052 
v 1.73066 0.848148 0.994048 
v 1.63803 0.880503 0.87512 
v 1.68763 0.901045 0.820006 
v 1.68763 0.901045 0.87512 
v 1.70817 0.950636 0.820006 
v 1.70817 0.950636 0.87512 
v 1.68763 1.00023 0.820006 
v 1.68763 1.00023 0.87512 
v 1.63803 0.880503 1.12488 
v 1.5679 0.950636 1.12488 
v 1.68763 1.00023 1.17999 
v 1.68763 1.00023 1.12488 
v 1.70817 0.950636 1.17999 
v 1.70817 0.950636 1.12488 
v 1.68763 0.901045 1.17999 
v 1.68763 0.901045 1.12488 
v 0.833279 0.368563 1.09461 
v 0.833279 0.368563 0.902273 
v 1.49717 0.864348 0.994048 
v 1.87311 0.450614 1.09461 
v 1.87311 0.450614 0.902273 
v 1.8358 0.501743 0.902273 
v 1.8358 0.501743 1.09461 
v 0.833279 0.368563 1.09461 
v 0.833279 0.368563 0.902273 
v 0.746536 0.525942 1.09461 
v 0.746536 0.525942 0.902273 
v 1.22717 0.864348 0.994048 
v -1.5165 0.346306 1.039 
v -1.5165 0.112558 1.039 
v -1.5165 0.346306 0.949099 
v -1.5165 0.112558 0.949099 
v -1.05058 0.185358 0.949099 
v -1.05058 0.508706 0.949099 
v -1.05058 0.508706 1.039 
v -1.05058 0.185358 1.039 
v -1.75601 0.521542 0.941347 
v -1.75601 0.529526 0.994052 
v -1.75601 0.574248 1.06859 
v -1.75601 0.648784 0.994052 
v -1.72602 0.574248 1.08722 
v -1.75601 0.626953 1.04676 
v -1.72602 0.640129 1.05993 
v -1.72602 0.667418 0.994052 
v -1.75601 0.648784 0.994052 
v -1.75601 0.626953 0.941347 
v -1.72602 0.640129 0.928171 
v -1.72602 0.574248 0.900882 
v -1.31228 0.574248 0.949332 
v -1.31228 0.529526 0.994053 
v -1.31228 0.574248 1.03878 
v -0.472682 0.629149 0.939152 
v -0.444627 0.659654 0.994052 
v -0.444627 0.634639 0.933662 
v -0.472682 0.65189 0.994052 
v -0.472682 0.629149 1.04895 
v -0.472682 0.519346 0.939152 
v -0.444627 0.634639 1.05444 
v -0.472682 0.496605 0.994052 
v -0.438894 0.540201 0.902273 
v -0.438894 0.540201 1.09461 
v 3.47758 0.537554 0.901192 
v 3.47758 0.537554 1.0869 
v 3.58596 0.65019 0.884567 
v 3.58596 0.65019 1.10353 
v -0.425332 0.418029 1.10728 
v 3.47758 0.537554 0.901192 
v 3.35898 0.651357 0.901192 
v 3.47758 0.537554 1.0869 
v 3.35898 0.651357 1.0869 
v 3.4567 0.528651 1.1006 
v 2.44717 1.02638 0.913015 
v 2.44717 0.945348 0.902369 
v 2.44717 0.830748 0.994048 
v 2.44717 1.03703 0.994048 
v 2.44717 1.02638 1.07508 
v 2.44717 0.945348 1.10865 
v 2.44717 0.864314 1.07508 
v -1.28354 0.346306 0.949099 
v -1.16706 0.346306 1.039 
v 2.6097 0.438924 0.930815 
v 2.6097 0.438924 1.05728 
v 2.27003 0.438924 0.930815 
v 2.27003 0.438924 1.05728 
v 3.52654 0.677427 0.869596 
v 2.44717 1.02638 0.913015 
v 2.38717 1.03538 0.90401 
v 2.38717 1.07268 0.994048 
v 2.44717 1.05995 0.994048 
v 2.44717 1.02638 1.07508 
v 2.38717 1.03538 1.08409 
v 3.52654 0.677427 1.1185 
v 0.647166 0.84885 1.09055 
v 0.647166 0.836173 0.994048 
v 0.647166 1.04185 1.09055 
v 0.647166 0.945348 0.857579 
v 0.647166 1.04185 0.897551 
v 0.647166 1.08182 0.994048 
v 0.717166 0.945348 1.16463 
v 0.647166 1.04185 1.09055 
v 0.717166 1.06597 1.11467 
v 0.717166 1.11593 0.994048 
v 0.647166 1.08182 0.994048 
v 0.647166 1.04185 0.897551 
v 0.717166 1.06597 0.873425 
v 0.717166 0.824725 0.873425 
v 0.717166 0.824725 1.11467 
v 2.23596 -0.17981 0.930815 
v 0.771613 0.868149 0.916851 
v 0.771613 0.945348 0.884874 
v 2.66517 0.492558 1.09655 
v 0.628423 0.540201 1.09461 
v 0.770142 0.76894 0.902273 
v 0.628423 0.540201 0.902273 
v 0.770142 0.76894 1.09461 
v 2.59275 0.41832 0.907797 
v 2.59275 0.41832 1.0803 
v 2.23717 1.05146 0.994048 
v 2.15717 1.07798 0.994048 
v 2.23717 1.02038 1.06908 
v 2.23717 1.02038 0.919017 
v 2.15717 1.03914 1.08784 
v 2.15717 0.945348 1.12669 
v 2.15717 1.03914 0.900259 
v 2.24544 -0.159206 0.907797 
v 2.24544 -0.159206 1.0803 
v 2.74858 0.0153919 0.901192 
v 2.20874 0.568836 0.902273 
v 2.20874 0.568836 1.09461 
v 1.63803 1.17984 0.97928 
v 1.61731 1.17984 1 
v 1.65269 1.17984 0.985349 
v 1.62338 1.17984 0.985349 
v 1.65269 1.17984 1.01465 
v 1.65875 1.17984 1 
v 1.63803 1.17984 1.02072 
v 1.62338 1.17984 1.01465 
v 2.24058 0.438924 0.930815 
v 2.31506 -0.0646891 1.05728 
v 2.31506 -0.0646891 0.930815 
v 2.37506 -0.0646891 1.05728 
v 2.37506 -0.0646891 0.930815 
v 1.9759 0.430889 0.88808 
v 1.9759 0.430889 1.10921 
v 2.1837 0.555274 1.10728 
v 1.61308 1.1361 0.975046 
v 1.58894 1.1361 1 
v 1.60274 1.1361 1 
v 1.61308 1.1361 1.02495 
v 1.60332 1.1361 0.965286 
v 1.60332 1.1361 1.03471 
v 1.63803 1.1361 0.964709 
v 1.63803 1.1361 1.03529 
v 1.63803 1.1361 0.950907 
v 1.63803 1.1361 1.04909 
v 1.67275 1.1361 0.965286 
v 1.67275 1.1361 1.03471 
v 1.66299 1.1361 0.975046 
v 1.66299 1.1361 1.02495 
v 1.68713 1.1361 1 
v 1.67333 1.1361 1 
v 1.02717 1.04587 0.893529 
v 1.07717 1.05703 0.882361 
v 1.07717 1.1033 0.994048 
v 1.02717 1.0875 0.994048 
v 1.02717 1.04587 1.09457 
v 1.07717 1.05703 1.10574 
v 1.68763 1.11802 0.950409 
v 1.63803 1.11802 0.929868 
v 1.63803 1.1361 0.950907 
v 1.67275 1.1361 0.965286 
v 1.60332 1.1361 0.965286 
v 1.70817 1.11802 1 
v 1.58844 1.11802 0.950409 
v 1.68713 1.1361 1 
v 1.5679 1.11802 1 
v 1.68763 1.11802 1.04959 
v 1.58894 1.1361 1 
v 1.67275 1.1361 1.03471 
v 1.63803 1.1361 1.04909 
v 1.63803 1.11802 1.07013 
v 1.58844 1.11802 1.04959 
v 1.60332 1.1361 1.03471 
v 1.63803 1.11802 1.07013 
v 1.63803 1.1361 1.04909 
v 2.76048 0.0352859 1.1006 
v 1.95431 0.428349 1.12684 
v 1.73066 1.01408 0.925318 
v 1.73066 1.04255 0.994048 
v 1.76717 1.00262 0.936772 
v 1.76717 1.02635 0.994048 
v 1.73066 1.04255 0.994048 
v 1.76717 1.00262 1.05132 
v 1.76717 1.02635 0.994048 
v 1.73066 1.01408 1.06278 
v 2.03954 0.568836 1.09461 
v 2.00954 0.676226 1.09461 
v 2.03954 0.568836 0.902273 
v 2.00954 0.676226 0.902273 
v 1.21195 0.430889 1.10921 
v 1.21195 0.430889 0.88808 
v 1.90236 1.04593 1 
v 1.90236 0.948731 1.0972 
v 1.90236 1.01746 0.931273 
v 1.90236 0.948731 0.902804 
v 1.49717 1.00262 0.936772 
v 1.53367 1.04255 0.994048 
v 1.53367 1.01408 0.925318 
v 1.49717 1.02635 0.994048 
v 1.49717 1.00262 1.05132 
v 1.53367 1.04255 0.994048 
v 1.49717 1.02635 0.994048 
v 1.53367 1.01408 1.06278 
v 2.82751 0.147333 1.0869 
v 2.82751 0.147333 0.901192 
v 3.22083 0.147333 0.901192 
v 3.22083 0.147333 1.0869 
v 1.17842 0.668939 0.902273 
v 1.23749 0.561732 0.889601 
v 1.87043 0.354108 0.902273 
v 1.73066 0.945348 1.09125 
v 1.7958 0.457119 1.09461 
v 2.26537 0.370511 1.09655 
v 1.65875 0.950636 1.24181 
v 1.62338 0.965288 0.758191 
v 1.62338 0.965288 1.24181 
v 1.61308 0.975591 1.19808 
v 1.63803 0.985928 1.19808 
v 1.63803 0.971357 1.24181 
v 1.65269 0.965288 1.24181 
v 1.66299 0.975591 1.19808 
v 1.62338 0.965288 0.758191 
v 1.61308 0.975591 0.801926 
v 1.63803 0.985928 0.801926 
v 1.63803 0.971357 0.758191 
v 1.67333 0.950636 0.801926 
v 1.65269 0.965288 0.758191 
v 1.66299 0.975591 0.801926 
v 1.63803 0.985928 0.801926 
v 1.63803 0.971357 0.758191 
v 2.20874 0.568836 0.902273 
v 2.03954 0.568836 0.902273 
v 2.20874 0.568836 1.09461 
v 2.03954 0.568836 1.09461 
v 2.44717 0.88052 0.929222 
v 2.35645 0.88052 0.929222 
v 2.44717 0.853668 0.994048 
v 2.35645 0.853668 0.994048 
v 2.44717 0.88052 1.05888 
v 2.35645 0.88052 1.05888 
v 1.3277 0.470681 1.10728 
v 1.80272 0.470681 1.10728 
v 1.3277 0.470681 0.889601 
v 1.60332 0.98535 1.19808 
v 1.67275 0.98535 0.801926 
v 1.68763 1.00023 1.17999 
v 1.58844 1.00023 0.820006 
v 1.71473 0.439911 0.905357 
v 1.71473 0.439911 1.08274 
v 1.53367 0.945348 1.09125 
v 1.8289 0.488181 0.889601 
v 1.80517 1.01746 0.931273 
v 1.90236 1.01746 0.931273 
v 1.80517 1.04593 1 
v 1.90236 1.04593 1 
v 1.80517 1.01746 1.06873 
v 1.90236 1.01746 1.06873 
v 1.36774 1.01746 0.931273 
v 1.46494 1.01746 0.931273 
v 1.36774 1.04593 1 
v 1.46494 1.04593 1 
v 1.36774 1.01746 1.06873 
v 1.46494 1.01746 1.06873 
v 1.26442 0.76894 1.09461 
v 1.26442 0.76894 0.902273 
v 1.30817 0.513015 1.12684 
v 1.89043 0.54817 1.09461 
v 1.30817 0.513015 0.870454 
v 1.89043 0.54817 0.902273 
v 3.40507 0.616659 0.869596 
v 1.16782 0.368563 1.09461 
v 1.29704 0.488181 1.10728 
v 3.40507 0.616659 1.1185 
v 3.47452 0.677427 1.1185 
v 1.16782 0.368563 0.902273 
v 1.29704 0.488181 0.889601 
v 3.46596 0.70019 1.10353 
v 1.6031 0.985567 0.937608 
v 1.63803 1.00004 0.87512 
v 1.6031 0.985567 0.87512 
v 1.63803 1.00004 0.937608 
v 1.67297 0.985567 0.937608 
v 1.67297 0.985567 0.87512 
v 1.63803 1.00004 0.937608 
v 1.63803 1.00004 0.87512 
v 1.6031 0.985567 1.06239 
v 1.6031 0.985567 1.12488 
v 1.63803 1.00004 1.06239 
v 1.63803 1.00004 1.12488 
v 1.67297 0.985567 1.06239 
v 1.67297 0.985567 1.12488 
v 0.728579 0.526402 1.10728 
v 1.29524 0.662664 1.10728 
v 1.4099 0.662664 1.10728 
v 0.819941 0.355001 1.10728 
v 1.70666 0.641554 1.10728 
v 2.77976 0.47572 0.887496 
v 2.68812 0.590142 0.887496 
v 0.819941 0.355001 0.889601 
v 2.93192 0.630477 1.1006 
v 2.68812 0.590142 1.1006 
v 2.51892 0.332699 1.1006 
v 2.08762 0.422529 0.891551 
v 2.08762 0.422529 1.09655 
v 1.98043 0.449108 0.902273 
v 2.56566 0.0251649 0.907797 
v 2.31216 0.41832 0.907797 
v 2.38207 -0.0852941 0.907797 
v 2.30623 -0.0852941 0.907797 
v 1.71488 0.676226 1.09461 
v 1.30442 0.676226 1.09461 
v 2.56566 0.0251649 1.0803 
v 2.31216 0.41832 1.0803 
v 1.30442 0.676226 0.902273 
v 1.41644 0.676226 0.902273 
v 1.71488 0.676226 0.902273 
v 2.92446 0.651357 0.901192 
v 2.92446 0.651357 1.0869 
v 2.85204 0.609974 0.901192 
v 2.67616 0.609974 0.901192 
v 2.85204 0.609974 1.0869 
v 2.67616 0.609974 1.0869 
v 1.81596 0.31019 0.930815 
v -1.5165 0.346306 1.039 
v 0.770142 0.76894 1.09461 
v 1.26442 0.76894 0.902273 
v 0.770142 0.76894 0.902273 
v 1.26442 0.76894 1.09461 
v 1.30442 0.676226 1.09461 
v 1.30442 0.676226 0.902273 
v 1.41644 0.676226 1.09461 
v 1.41644 0.676226 0.902273 
v 2.56566 0.0251649 0.907797 
v 2.54506 0.0353109 0.930815 
v 2.38207 -0.0852941 0.907797 
v 2.37506 -0.0646891 0.930815 
v 2.31506 -0.0646891 0.930815 
v 2.30623 -0.0852941 0.907797 
v 1.69361 0.585607 1.09461 
v 1.43771 0.585607 1.09461 
v 2.54506 0.0353109 1.05728 
v 2.56566 0.0251649 1.0803 
v 2.38207 -0.0852941 1.0803 
v 2.37506 -0.0646891 1.05728 
v 2.31506 -0.0646891 1.05728 
v 2.30623 -0.0852941 1.0803 
v 1.71488 0.676226 0.902273 
v 1.71488 0.676226 1.09461 
v 2.00954 0.676226 0.902273 
v 2.00954 0.676226 1.09461 
v 1.43771 0.585607 0.902273 
v 1.69361 0.585607 0.902273 
v 1.43829 0.646225 1.09461 
v 1.6031 1.00042 0.965069 
v 1.67297 1.06291 0.965069 
v -0.976016 0.574248 1.08722 
v -0.976016 0.574248 0.900882 
v -0.976016 0.640129 0.928171 
v -1.72602 0.640129 0.928171 
v -0.976016 0.667418 0.994052 
v -1.72602 0.667418 0.994052 
v -0.976016 0.640129 1.05993 
v -1.72602 0.640129 1.05993 
v 1.68763 1.06291 0.950409 
v 1.70817 1.06291 1 
v 0.746536 0.525942 1.09461 
v 0.746536 0.525942 0.902273 
v 2.13316 0.50994 0.905357 
v 2.13316 0.50994 1.08274 
v 1.69304 0.646225 0.902273 
v 0.732404 0.513856 0.933662 
v 0.732404 0.574248 0.908647 
v 0.732404 0.634639 0.933662 
v -0.444627 0.634639 0.933662 
v 0.732404 0.659654 0.994052 
v 0.732404 0.574248 1.07946 
v -0.444627 0.659654 0.994052 
v 0.732404 0.634639 1.05444 
v -0.444627 0.634639 1.05444 
v 1.43771 0.585607 1.09461 
v 1.43771 0.585607 0.902273 
v 1.69361 0.585607 1.09461 
v 1.69361 0.585607 0.902273 
v -0.946016 0.574248 0.916411 
v -0.472682 0.629149 0.939152 
v -0.946016 0.629149 0.939152 
v -0.472682 0.65189 0.994052 
v -0.946016 0.65189 0.994052 
v -0.472682 0.629149 1.04895 
v -0.946016 0.629149 1.04895 
v 2.92446 0.651357 1.0869 
v 3.35898 0.651357 1.0869 
v 2.92446 0.651357 0.901192 
v 3.35898 0.651357 0.901192 
v 2.85204 0.609974 0.901192 
v 2.85204 0.609974 1.0869 
v 2.67616 0.609974 0.901192 
v 2.67616 0.609974 1.0869 
v 1.58844 1.00023 0.820006 
v 1.63803 1.02077 0.87512 
v 1.63803 1.02077 0.820006 
v 1.58844 1.00023 0.87512 
v 1.70817 0.950636 0.87512 
v 1.68763 1.00023 0.820006 
v 1.68763 1.00023 0.87512 
v 1.63803 1.02077 0.820006 
v 1.63803 1.02077 0.87512 
v 1.5679 0.950636 1.12488 
v 1.58844 1.00023 1.17999 
v 1.58844 1.00023 1.12488 
v 1.63803 1.02077 1.17999 
v 1.63803 1.02077 1.12488 
v 1.68763 1.00023 1.17999 
v 1.68763 1.00023 1.12488 
v 1.98596 0.438924 0.930815 
v 2.24058 0.438924 0.930815 
v 2.07997 0.41832 0.907797 
v 1.99289 0.41832 0.907797 
v 2.6097 0.438924 0.930815 
v 2.31216 0.41832 0.907797 
v 2.27003 0.438924 0.930815 
v 2.59275 0.41832 0.907797 
v 2.6097 0.438924 1.05728 
v 2.27003 0.438924 1.05728 
v 2.31216 0.41832 1.0803 
v 2.59275 0.41832 1.0803 
v 2.07997 0.41832 1.0803 
v 1.98596 0.438924 1.05728 
v 1.99289 0.41832 1.0803 
v 2.24058 0.438924 1.05728 
v 1.88775 0.530889 0.88808 
v 1.3001 0.530889 0.88808 
v 1.3001 0.530889 1.10921 
v 1.88775 0.530889 1.10921 
v 0.833279 0.368563 1.09461 
v 0.833279 0.368563 0.902273 
v 2.03717 0.945348 1.07505 
v 2.03717 1.00262 1.05132 
v 1.76717 1.00262 1.05132 
v 2.03717 1.02635 0.994048 
v 1.76717 1.02635 0.994048 
v 2.03717 1.00262 0.936772 
v 1.76717 1.00262 0.936772 
v 0.673039 0.540201 0.902273 
v -0.438894 0.540201 0.902273 
v -0.438894 0.540201 1.09461 
v 0.673039 0.540201 1.09461 
v 0.746536 0.525942 0.902273 
v 0.746536 0.525942 1.09461 
v 0.673039 0.540201 0.902273 
v 0.746536 0.525942 0.902273 
v 0.728579 0.526402 0.889601 
v 0.673039 0.540201 1.09461 
v 0.728579 0.526402 1.10728 
v 0.746536 0.525942 1.09461 
v 0.771613 0.868149 0.916851 
v 0.647166 0.868149 0.916851 
v 0.771613 0.836173 0.994048 
v 0.647166 0.836173 0.994048 
v 0.771613 0.868149 1.07125 
v 0.647166 0.868149 1.07125 
v 2.34717 1.02038 0.919017 
v 2.23717 1.02038 0.919017 
v 2.34717 0.839237 0.994048 
v 2.34717 1.05146 0.994048 
v 2.23717 1.05146 0.994048 
v 2.34717 0.870316 1.06908 
v 2.34717 0.945348 1.10016 
v 2.34717 1.02038 1.06908 
v 2.23717 1.02038 1.06908 
v 1.71473 0.439911 0.905357 
v 2.08561 0.439911 1.08274 
v 2.08561 0.439911 0.905357 
v 1.71473 0.439911 1.08274 
v 1.87311 0.450614 1.09461 
v 1.87311 0.450614 0.902273 
v 1.8358 0.501743 0.902273 
v 1.98043 0.449108 1.09461 
v 1.98043 0.449108 0.902273 
v 1.8358 0.501743 1.09461 
v 1.28559 0.501743 1.09461 
v 1.28559 0.501743 0.902273 
v 1.16782 0.368563 1.09461 
v 1.16782 0.368563 0.902273 
v 0.833279 0.368563 1.09461 
v 0.833279 0.368563 0.902273 
v 1.22717 0.864348 0.994048 
v 1.22717 1.00262 0.936772 
v 1.49717 1.00262 0.936772 
v 1.22717 1.02635 0.994048 
v 1.49717 1.02635 0.994048 
v 1.22717 1.00262 1.05132 
v 1.49717 1.00262 1.05132 
v 1.53367 1.01408 0.925318 
v 1.73066 1.01408 0.925318 
v 1.53367 1.04255 0.994048 
v 1.73066 1.04255 0.994048 
v 1.53367 1.01408 1.06278 
v 1.73066 1.01408 1.06278 
v 2.13316 0.50994 0.905357 
v 2.68661 0.50994 1.08274 
v 2.68661 0.50994 0.905357 
v 2.13316 0.50994 1.08274 
v 1.02717 1.04587 1.09457 
v 0.777166 1.04587 1.09457 
v 0.777166 1.0875 0.994048 
v 1.02717 1.0875 0.994048 
v 0.777166 1.04587 0.893529 
v 1.02717 1.04587 0.893529 
v 0.777166 0.844829 1.09457 
v 1.22717 1.00262 0.936772 
v 1.07717 1.05703 0.882361 
v 1.07717 1.1033 0.994048 
v 1.22717 1.02635 0.994048 
v 1.22717 1.00262 1.05132 
v 1.07717 1.05703 1.10574 
v 1.81596 0.31019 1.05728 
v 1.81596 0.31019 0.930815 
v 1.98596 0.438924 1.05728 
v 1.98596 0.438924 0.930815 
v 2.24058 0.438924 1.05728 
v 2.24058 0.438924 0.930815 
v 2.82751 0.147333 0.901192 
v 3.22083 0.147333 1.0869 
v 3.22083 0.147333 0.901192 
v 2.82751 0.147333 1.0869 
v 2.03717 1.00262 0.936772 
v 2.15717 1.03914 0.900259 
v 2.15717 1.07798 0.994048 
v 2.03717 1.02635 0.994048 
v 2.03717 1.00262 1.05132 
v 2.15717 1.03914 1.08784 
v 3.38596 0.63019 0.884567 
v 3.38596 0.63019 1.10353 
v 0.717166 1.06597 0.873425 
v 0.777166 1.04587 0.893529 
v 0.717166 1.11593 0.994048 
v 0.777166 1.0875 0.994048 
v 0.777166 1.04587 1.09457 
v 0.717166 1.06597 1.11467 
v 2.38717 1.07268 0.994048 
v 2.38717 1.03538 0.90401 
v 2.34717 1.02038 0.919017 
v 2.34717 1.05146 0.994048 
v 2.34717 1.02038 1.06908 
v 2.38717 1.03538 1.08409 
v 2.37506 -0.0646891 0.930815 
v 2.54506 0.0353109 1.05728 
v 2.54506 0.0353109 0.930815 
v 2.37506 -0.0646891 1.05728 
v 3.38596 0.63019 1.10353 
v 3.38596 0.63019 0.884567 
v 3.46596 0.70019 1.10353 
v 3.46596 0.70019 0.884567 
v 3.53596 0.70019 0.884567 
v 3.53596 0.70019 1.10353 
v -0.976016 0.667418 0.994052 
v -0.946016 0.629149 1.04895 
v -0.946016 0.65189 0.994052 
v -0.946016 0.629149 0.939152 
v -0.976016 0.640129 1.05993 
v -0.976016 0.640129 0.928171 
v -1.31228 0.542624 0.96243 
v -1.75601 0.542624 0.96243 
v -1.75601 0.529526 0.994052 
v -1.31228 0.529526 0.994053 
v -1.75601 0.542624 1.02568 
v -1.31228 0.542624 1.02568 
v -1.75601 0.499711 0.994052 
v -1.75601 0.521542 0.941347 
v -1.75601 0.574248 1.06859 
v -1.75601 0.648784 0.994052 
v -1.75601 0.574248 1.06859 
v -1.72602 0.574248 1.08722 
v -1.75601 0.626953 1.04676 
v -1.72602 0.640129 1.05993 
v -1.72602 0.481077 0.994052 
v -1.75601 0.521542 1.04676 
v -1.72602 0.508366 1.05993 
v -1.72602 0.574248 1.08722 
v -1.75601 0.574248 1.06859 
v -1.63298 0.112558 1.039 
v -1.63298 0.508705 1.039 
v -1.31228 0.574248 0.949332 
v -1.31228 0.618969 0.994053 
v 3.64596 -0.00981003 1.10353 
v 3.75596 0.11019 1.10353 
v -0.472682 0.629149 1.04895 
v -0.444627 0.634639 1.05444 
v -0.444627 0.574248 1.07946 
v -0.472682 0.574248 1.07169 
v -0.472682 0.519346 1.04895 
v -0.444627 0.513856 1.05444 
v -0.444627 0.574248 1.07946 
v -0.472682 0.574248 1.07169 
v -0.438894 0.540201 1.09461 
v -0.438894 0.412119 1.09461 
v 3.47758 0.0153919 1.0869 
v 3.47758 0.0153919 0.901192 
v 3.47758 0.537554 1.0869 
v 3.55596 0.41019 0.884567 
v 3.55596 0.41019 1.10353 
v 3.58596 0.65019 1.10353 
v -0.438894 0.412119 1.09461 
v -0.425332 0.526639 1.10728 
v -0.438894 0.540201 1.09461 
v -0.425332 0.418029 1.10728 
v 3.35898 0.651357 1.0869 
v 3.55596 0.41019 1.10353 
v 3.562 0.641966 1.1185 
v 3.53233 0.40461 1.1185 
v 3.58596 0.65019 1.10353 
v 3.64596 -0.00981003 1.10353 
v 3.75596 0.11019 1.10353 
v 3.72712 0.112415 1.1185 
v 3.72712 0.112415 1.1185 
v 3.63662 0.0136799 1.1185 
v 3.64596 -0.00981003 1.10353 
v 3.47758 0.537554 1.0869 
v 3.4567 0.0353239 1.1006 
v 3.47758 0.0153919 1.0869 
v 3.4567 0.528651 1.1006 
v -0.425332 0.418029 1.10728 
v -0.238894 0.226201 1.09461 
v -0.233564 0.239763 1.10728 
v -0.438894 0.412119 1.09461 
v -0.233564 0.239763 0.889601 
v 2.55002 0.26994 1.08274 
v 3.55596 0.41019 1.10353 
v 3.72712 0.112415 1.1185 
v 3.75596 0.11019 1.10353 
v 3.72712 0.112415 1.1185 
v 3.55596 0.41019 1.10353 
v 3.53233 0.40461 1.1185 
v 2.44596 -0.17981 1.05728 
v 2.77343 0.0480099 1.0803 
v 2.43834 -0.159206 1.0803 
v 2.44717 1.02638 0.913015 
v 2.44717 0.830748 0.994048 
v 2.44717 1.03703 0.994048 
v 2.44717 1.02638 1.07508 
v 2.44717 0.864314 1.07508 
v -1.28354 0.346306 0.949099 
v -1.2253 0.375546 1.039 
v -1.28354 0.346306 1.039 
v -1.28354 0.210009 1.039 
v -1.16706 0.346306 1.039 
v -1.16706 0.185358 1.039 
v 2.6097 0.438924 1.05728 
v 2.27003 0.438924 1.05728 
v 3.52654 0.677427 0.869596 
v 2.44717 0.864314 1.07508 
v 2.38717 0.85531 1.08409 
v 2.38717 0.945348 1.12138 
v 2.44717 0.945348 1.10865 
v 2.44717 1.02638 1.07508 
v 2.38717 1.03538 1.08409 
v 2.38717 0.945348 1.12138 
v 2.44717 0.945348 1.10865 
v 3.53596 0.70019 1.10353 
v 3.562 0.641966 1.1185 
v 3.58596 0.65019 1.10353 
v 3.52654 0.677427 1.1185 
v 0.647166 0.84885 1.09055 
v 0.647166 1.04185 1.09055 
v 0.647166 0.945348 0.857579 
v 0.647166 1.04185 0.897551 
v 0.647166 1.02255 0.916851 
v 0.647166 0.945348 1.13052 
v 0.717166 0.945348 1.16463 
v 0.647166 1.04185 1.09055 
v 0.717166 1.06597 1.11467 
v 0.647166 0.84885 1.09055 
v 0.717166 0.824725 1.11467 
v 0.717166 0.945348 1.16463 
v 0.647166 0.945348 1.13052 
v 3.35898 0.651357 1.0869 
v 3.4567 0.528651 1.1006 
v 3.47758 0.537554 1.0869 
v 3.35058 0.630477 1.1006 
v 0.771613 0.868149 0.916851 
v 0.771613 1.02255 0.916851 
v 2.54282 0.287322 1.09655 
v 2.64002 0.35994 1.08274 
v 2.62408 0.368583 1.09655 
v 2.55002 0.26994 1.08274 
v 2.66517 0.492558 1.09655 
v 2.68661 0.50994 1.08274 
v 0.628423 0.540201 1.09461 
v 0.770142 0.76894 1.09461 
v 2.79596 0.0401899 1.05728 
v 2.6097 0.438924 1.05728 
v 2.59275 0.41832 1.0803 
v 2.23717 1.05146 0.994048 
v 2.15717 1.07798 0.994048 
v 2.23717 1.02038 1.06908 
v 2.15717 1.03914 1.08784 
v 2.15717 0.945348 1.12669 
v 2.23717 0.945348 1.10016 
v 2.23717 0.870316 1.06908 
v 2.15717 0.851559 1.08784 
v 2.15717 0.945348 1.12669 
v 2.23717 0.945348 1.10016 
v 2.24544 -0.159206 1.0803 
v 2.74858 0.0153919 1.0869 
v 2.20874 0.568836 1.09461 
v 2.06861 0.354108 1.09461 
v -1.5165 0.112558 1.039 
v 0.628423 0.540201 1.09461 
v 0.7783 0.755377 1.10728 
v 0.770142 0.76894 1.09461 
v 0.637169 0.526165 1.10728 
v 3.36596 0.01019 1.10353 
v 1.36474 0.143234 0.88808 
v 1.82311 0.143234 1.10921 
v 1.36474 0.143234 1.10921 
v 1.61308 1.1361 1.02495 
v 1.62338 1.17984 1.01465 
v 1.63803 1.1361 1.03529 
v 1.63803 1.17984 1.02072 
v 1.65269 1.17984 1.01465 
v 1.66299 1.1361 1.02495 
v 1.63803 1.1361 1.03529 
v 1.63803 1.17984 1.02072 
v 2.05506 0.385311 0.930815 
v 2.11506 0.145311 0.930815 
v 2.11506 0.145311 1.05728 
v 2.31506 -0.0646891 1.05728 
v 2.31506 -0.0646891 0.930815 
v 1.9759 0.430889 0.88808 
v 1.9759 0.430889 1.10921 
v 2.06861 0.354108 1.09461 
v 2.20874 0.568836 1.09461 
v 2.1837 0.555274 1.10728 
v 2.1837 0.555274 1.10728 
v 2.06127 0.36767 1.10728 
v 2.06861 0.354108 1.09461 
v 2.13635 0.185337 0.905357 
v 2.13635 0.185337 1.08274 
v 1.02717 0.844829 1.09457 
v 1.07717 0.83366 1.10574 
v 1.07717 0.945348 1.152 
v 1.02717 0.945348 1.1362 
v 1.07717 1.1033 0.994048 
v 1.02717 1.04587 1.09457 
v 1.07717 1.05703 1.10574 
v 1.07717 0.945348 1.152 
v 1.02717 0.945348 1.1362 
v -1.05058 0.185358 1.039 
v -1.40002 0.210009 1.039 
v 1.36474 0.143234 1.10921 
v 1.82311 0.143234 1.10921 
v 1.81236 0.161108 1.12684 
v 1.37548 0.161108 1.12684 
v 2.74858 0.0153919 1.0869 
v 3.47758 0.0153919 1.0869 
v 3.4567 0.0353239 1.1006 
v 2.76048 0.0352859 1.1006 
v 1.82311 0.143234 1.10921 
v 1.9759 0.430889 1.10921 
v 1.95431 0.428349 1.12684 
v 1.82311 0.143234 1.10921 
v 1.95431 0.428349 1.12684 
v 1.81236 0.161108 1.12684 
v 1.41379 0.226201 0.902273 
v 1.41379 0.226201 1.09461 
v 2.03954 0.568836 1.09461 
v 2.00954 0.676226 1.09461 
v 1.99945 0.662664 1.10728 
v 1.99945 0.662664 1.10728 
v 2.02945 0.555274 1.10728 
v 2.03954 0.568836 1.09461 
v 1.21195 0.430889 1.10921 
v 2.33797 0.26994 1.08274 
v 1.90236 0.914367 1.08296 
v 1.90236 0.666419 1.08296 
v 1.90236 0.948731 1.0972 
v 3.64596 -0.00981003 1.10353 
v 3.38769 0.03146 1.1185 
v 3.36596 0.01019 1.10353 
v 3.38769 0.03146 1.1185 
v 3.64596 -0.00981003 1.10353 
v 3.63662 0.0136799 1.1185 
v 2.11418 0.202719 1.09655 
v 2.09518 0.353129 1.08274 
v 2.07302 0.370511 1.09655 
v 2.13635 0.185337 1.08274 
v -0.238894 0.226201 1.09461 
v 1.41379 0.226201 1.09461 
v 1.38889 0.239763 1.10728 
v -0.233564 0.239763 1.10728 
v 1.79159 0.185337 1.08274 
v 2.13635 0.185337 1.08274 
v 2.11418 0.202719 1.09655 
v 1.79395 0.202719 1.09655 
v 1.36474 0.143234 1.10921 
v 1.23354 0.428349 1.12684 
v 1.21195 0.430889 1.10921 
v 1.37548 0.161108 1.12684 
v 1.53367 1.04255 0.994048 
v 2.55002 0.26994 1.08274 
v 2.34537 0.287322 1.09655 
v 2.33797 0.26994 1.08274 
v 2.54282 0.287322 1.09655 
v 2.69854 0.314116 0.901192 
v 2.69854 0.314116 1.0869 
v 2.82751 0.147333 1.0869 
v 2.82751 0.147333 0.901192 
v 2.79103 0.45484 1.0869 
v 2.87963 0.45484 1.0869 
v 3.10896 0.475688 1.0869 
v 3.16871 0.418356 1.0869 
v 3.22951 0.248098 1.0869 
v 3.22083 0.147333 0.901192 
v 3.22083 0.147333 1.0869 
v 1.17842 0.668939 1.09461 
v 1.22842 0.54817 1.09461 
v 1.23749 0.561732 1.10728 
v 1.23749 0.561732 1.10728 
v 1.18749 0.682501 1.10728 
v 1.17842 0.668939 1.09461 
v 1.17842 0.668939 0.902273 
v 1.23749 0.561732 0.889601 
v 1.87043 0.354108 1.09461 
v 2.06861 0.354108 1.09461 
v 2.06127 0.36767 1.10728 
v 1.87043 0.354108 1.09461 
v 2.06127 0.36767 1.10728 
v 1.87735 0.36767 1.10728 
v 1.73066 0.945348 1.09125 
v 1.76717 0.945348 1.07505 
v 1.76717 1.00262 1.05132 
v 1.73066 1.01408 1.06278 
v 1.7958 0.457119 1.09461 
v 2.09518 0.353129 1.08274 
v 2.25797 0.353129 1.08274 
v 2.26537 0.370511 1.09655 
v 2.07302 0.370511 1.09655 
v 1.61731 0.950636 1.24181 
v 1.63803 0.929916 1.24181 
v 1.65269 0.935985 1.24181 
v 1.62338 0.935985 1.24181 
v 1.65269 0.965288 1.24181 
v 1.65875 0.950636 1.24181 
v 1.63803 0.971357 1.24181 
v 1.62338 0.965288 1.24181 
v 1.66299 0.975591 1.19808 
v 1.88775 0.530889 1.10921 
v 1.95431 0.428349 1.12684 
v 1.9759 0.430889 1.10921 
v 1.87968 0.513015 1.12684 
v 2.44717 1.01017 0.929222 
v 2.35645 1.01017 0.929222 
v 2.44717 0.945348 0.902369 
v 2.35645 0.945348 0.902369 
v 2.44717 0.88052 0.929222 
v 2.35645 0.88052 0.929222 
v 1.7958 0.457119 1.09461 
v 1.3277 0.470681 1.10728 
v 1.33379 0.457119 1.09461 
v 1.80272 0.470681 1.10728 
v 1.68713 0.950636 1.19808 
v 1.67275 0.98535 1.19808 
v 1.66299 0.975591 1.19808 
v 1.67333 0.950636 1.19808 
v 1.63803 0.985928 1.19808 
v 1.66299 0.925681 1.19808 
v 1.63803 0.999729 1.19808 
v 1.67275 0.915922 1.19808 
v 1.63803 0.901543 1.19808 
v 1.63803 0.915345 1.19808 
v 1.60332 0.98535 1.19808 
v 1.61308 0.975591 1.19808 
v 1.58894 0.950636 1.19808 
v 1.60274 0.950636 1.19808 
v 1.61308 0.925681 1.19808 
v 1.60332 0.915922 1.19808 
v 1.63803 0.901543 1.19808 
v 1.63803 0.915345 1.19808 
v 1.68763 1.00023 1.17999 
v 1.63803 0.999729 1.19808 
v 1.67275 0.98535 1.19808 
v 1.63803 1.02077 1.17999 
v 1.70817 0.950636 1.17999 
v 1.60332 0.98535 1.19808 
v 1.68713 0.950636 1.19808 
v 1.58844 1.00023 1.17999 
v 1.68763 0.901045 1.17999 
v 1.5679 0.950636 1.17999 
v 1.67275 0.915922 1.19808 
v 1.63803 0.901543 1.19808 
v 1.63803 0.880503 1.17999 
v 1.58894 0.950636 1.19808 
v 1.58844 0.901045 1.17999 
v 1.60332 0.915922 1.19808 
v 1.63803 0.880503 1.17999 
v 1.63803 0.901543 1.19808 
v 1.71473 0.25994 1.08274 
v 1.71473 0.439911 1.08274 
v 1.53367 0.945348 1.09125 
v 1.49717 1.00262 1.05132 
v 1.49717 0.945348 1.07505 
v 1.53367 1.01408 1.06278 
v 1.8289 0.488181 1.10728 
v 1.87311 0.450614 1.09461 
v 1.8358 0.501743 1.09461 
v 1.87311 0.450614 1.09461 
v 1.8289 0.488181 1.10728 
v 1.86615 0.437148 1.10728 
v 1.8289 0.488181 0.889601 
v 1.80517 1.01746 1.06873 
v 1.90236 1.01746 1.06873 
v 1.80517 0.948731 1.0972 
v 1.90236 0.948731 1.0972 
v 1.36774 1.01746 0.931273 
v 1.36774 1.01746 1.06873 
v 1.46494 1.01746 1.06873 
v 1.36774 0.948731 1.0972 
v 1.46494 0.948731 1.0972 
v 1.36774 0.914367 1.08296 
v 1.79395 0.202719 1.09655 
v 1.73211 0.27316 1.09655 
v 1.71473 0.25994 1.08274 
v 1.79159 0.185337 1.08274 
v 1.25524 0.755377 1.10728 
v 0.770142 0.76894 1.09461 
v 0.7783 0.755377 1.10728 
v 0.770142 0.76894 1.09461 
v 1.25524 0.755377 1.10728 
v 1.26442 0.76894 1.09461 
v 1.23354 0.428349 1.12684 
v 1.30817 0.513015 1.12684 
v 1.3001 0.530889 1.10921 
v 1.21195 0.430889 1.10921 
v 1.89043 0.54817 1.09461 
v 1.23749 0.561732 1.10728 
v 1.22842 0.54817 1.09461 
v 1.89644 0.561732 1.10728 
v 1.89043 0.54817 0.902273 
v 1.23354 0.428349 1.12684 
v 1.37548 0.161108 1.12684 
v 1.30817 0.513015 1.12684 
v 1.81236 0.161108 1.12684 
v 1.87968 0.513015 1.12684 
v 1.95431 0.428349 1.12684 
v 1.16782 0.368563 1.09461 
v 1.29704 0.488181 1.10728 
v 1.28559 0.501743 1.09461 
v 1.18254 0.355001 1.10728 
v 3.40507 0.616659 1.1185 
v 3.562 0.641966 1.1185 
v 3.47452 0.677427 1.1185 
v 3.52654 0.677427 1.1185 
v 3.53233 0.40461 1.1185 
v 3.31053 0.380314 1.1185 
v 3.3785 0.215237 1.1185 
v 3.72712 0.112415 1.1185 
v 3.63662 0.0136799 1.1185 
v 3.38769 0.03146 1.1185 
v 3.52654 0.677427 1.1185 
v 3.46596 0.70019 1.10353 
v 3.47452 0.677427 1.1185 
v 3.53596 0.70019 1.10353 
v 0.7783 0.755377 1.10728 
v 0.728579 0.526402 1.10728 
v 0.829822 0.682501 1.10728 
v 0.637169 0.526165 1.10728 
v 2.01148 0.435109 1.10728 
v 1.86615 0.437148 1.10728 
v 1.87735 0.36767 1.10728 
v 1.80272 0.470681 1.10728 
v 1.8289 0.488181 1.10728 
v 1.3277 0.470681 1.10728 
v 2.06127 0.36767 1.10728 
v 2.1837 0.555274 1.10728 
v 2.02945 0.555274 1.10728 
v 1.89644 0.561732 1.10728 
v 1.99945 0.662664 1.10728 
v 1.72142 0.662664 1.10728 
v 1.70733 0.572045 1.10728 
v 1.23749 0.561732 1.10728 
v 1.424 0.572045 1.10728 
v 0.7783 0.755377 1.10728 
v 1.18749 0.682501 1.10728 
v 1.25524 0.755377 1.10728 
v 1.29524 0.662664 1.10728 
v 1.23749 0.561732 1.10728 
v 1.424 0.572045 1.10728 
v 1.4099 0.662664 1.10728 
v 1.42467 0.641554 1.10728 
v 0.819941 0.355001 1.10728 
v 1.38889 0.239763 1.10728 
v 1.18254 0.355001 1.10728 
v 1.2768 0.413425 1.10728 
v 1.29704 0.488181 1.10728 
v 1.3277 0.470681 1.10728 
v 1.8289 0.488181 1.10728 
v -0.233564 0.239763 1.10728 
v 0.680545 0.526639 1.10728 
v 0.728579 0.526402 1.10728 
v -0.425332 0.526639 1.10728 
v -0.425332 0.418029 1.10728 
v 1.18749 0.682501 1.10728 
v 0.7783 0.755377 1.10728 
v 0.829822 0.682501 1.10728 
v 1.70733 0.572045 1.10728 
v 1.72142 0.662664 1.10728 
v 1.70666 0.641554 1.10728 
v 3.11845 0.49552 1.1006 
v 2.93192 0.630477 1.1006 
v 2.90667 0.495478 1.1006 
v 3.35058 0.630477 1.1006 
v 2.86148 0.590184 1.1006 
v 3.18672 0.430015 1.1006 
v 2.87217 0.47572 1.1006 
v 3.4567 0.528651 1.1006 
v 2.77976 0.47572 1.1006 
v 3.25071 0.250837 1.1006 
v 2.68812 0.590142 1.1006 
v 3.4567 0.0353239 1.1006 
v 2.67245 0.312439 1.1006 
v 3.24006 0.127302 1.1006 
v 2.51892 0.332699 1.1006 
v 2.76048 0.0352859 1.1006 
v 2.81555 0.127336 1.1006 
v 2.08762 0.422529 0.891551 
v 2.13319 0.492558 1.09655 
v 2.26537 0.370511 1.09655 
v 2.66517 0.492558 1.09655 
v 2.62408 0.368583 1.09655 
v 2.54282 0.287322 1.09655 
v 2.34537 0.287322 1.09655 
v 2.08762 0.422529 1.09655 
v 2.07302 0.370511 1.09655 
v 1.73211 0.422529 1.09655 
v 1.79395 0.202719 1.09655 
v 1.73211 0.27316 1.09655 
v 2.11418 0.202719 1.09655 
v 2.81555 0.127336 1.1006 
v 3.24006 0.127302 1.1006 
v 3.22083 0.147333 1.0869 
v 3.25071 0.250837 1.1006 
v 2.82751 0.147333 1.0869 
v 3.22951 0.248098 1.0869 
v 2.69854 0.314116 1.0869 
v 3.16871 0.418356 1.0869 
v 2.67245 0.312439 1.1006 
v 3.18672 0.430015 1.1006 
v 2.77976 0.47572 1.1006 
v 3.10896 0.475688 1.0869 
v 2.79103 0.45484 1.0869 
v 3.11845 0.49552 1.1006 
v 2.87217 0.47572 1.1006 
v 2.90667 0.495478 1.1006 
v 2.87963 0.45484 1.0869 
v 2.91611 0.475688 1.0869 
v 1.99945 0.662664 1.10728 
v 1.71488 0.676226 1.09461 
v 1.72142 0.662664 1.10728 
v 1.71488 0.676226 1.09461 
v 1.99945 0.662664 1.10728 
v 2.00954 0.676226 1.09461 
v 1.4099 0.662664 1.10728 
v 1.30442 0.676226 1.09461 
v 1.29524 0.662664 1.10728 
v 1.30442 0.676226 1.09461 
v 1.4099 0.662664 1.10728 
v 1.41644 0.676226 1.09461 
v 2.09639 0.135038 1.0803 
v 2.24544 -0.159206 1.0803 
v 2.30623 -0.0852941 1.0803 
v 1.84585 0.306979 1.0803 
v 2.43834 -0.159206 1.0803 
v 2.03013 0.4001 1.0803 
v 1.99289 0.41832 1.0803 
v 2.07997 0.41832 1.0803 
v 2.38207 -0.0852941 1.0803 
v 2.56566 0.0251649 1.0803 
v 2.77343 0.0480099 1.0803 
v 2.56566 0.09238 1.0803 
v 2.59275 0.41832 1.0803 
v 2.31216 0.41832 1.0803 
v 1.80517 0.914367 1.08296 
v 1.90236 0.914367 1.08296 
v 1.90236 0.948731 1.0972 
v 1.80517 0.948731 1.0972 
v 1.80517 0.914367 1.08296 
v 1.90236 0.666419 1.08296 
v 1.80517 0.666419 1.08296 
v 1.36774 0.914367 1.08296 
v 1.46494 0.914367 1.08296 
v 1.46494 0.948731 1.0972 
v 1.36774 0.948731 1.0972 
v 1.36774 0.666419 1.08296 
v 1.46494 0.666419 1.08296 
v 3.35058 0.630477 1.1006 
v 2.92446 0.651357 1.0869 
v 2.93192 0.630477 1.1006 
v 2.92446 0.651357 1.0869 
v 3.35058 0.630477 1.1006 
v 3.35898 0.651357 1.0869 
v 1.3277 0.470681 1.10728 
v 1.2768 0.413425 1.10728 
v 1.29379 0.412119 1.09461 
v 1.3277 0.470681 1.10728 
v 1.29379 0.412119 1.09461 
v 1.33379 0.457119 1.09461 
v 0.829822 0.682501 1.10728 
v 1.17842 0.668939 1.09461 
v 1.18749 0.682501 1.10728 
v 0.837923 0.668939 1.09461 
v 1.76717 0.888072 1.05132 
v 1.73066 0.945348 1.09125 
v 1.73066 0.876617 1.06278 
v 1.76717 0.945348 1.07505 
v 2.68812 0.590142 1.1006 
v 2.86148 0.590184 1.1006 
v 2.85204 0.609974 1.0869 
v 2.68812 0.590142 1.1006 
v 2.85204 0.609974 1.0869 
v 2.67616 0.609974 1.0869 
v -1.16706 0.346306 1.039 
v -1.05058 0.185358 1.039 
v -1.05058 0.508706 1.039 
v -1.16706 0.185358 1.039 
v -1.2253 0.375546 1.039 
v -1.45826 0.375546 1.039 
v -1.28354 0.346306 1.039 
v -1.63298 0.508705 1.039 
v -1.40002 0.346306 1.039 
v -1.28354 0.210009 1.039 
v -1.40002 0.210009 1.039 
v -1.5165 0.346306 1.039 
v -1.63298 0.112558 1.039 
v -1.5165 0.112558 1.039 
v 1.84585 0.306979 1.0803 
v 2.23596 -0.17981 1.05728 
v 2.24544 -0.159206 1.0803 
v 1.81596 0.31019 1.05728 
v 2.54506 0.0353109 0.930815 
v 1.69361 0.585607 1.09461 
v 1.424 0.572045 1.10728 
v 1.70733 0.572045 1.10728 
v 1.424 0.572045 1.10728 
v 1.69361 0.585607 1.09461 
v 1.43771 0.585607 1.09461 
v 2.31216 0.41832 1.0803 
v 2.54506 0.085311 1.05728 
v 2.56566 0.09238 1.0803 
v 2.27003 0.438924 1.05728 
v 2.54506 0.0353109 1.05728 
v 2.38207 -0.0852941 1.0803 
v 2.37506 -0.0646891 1.05728 
v 2.31506 -0.0646891 1.05728 
v 2.30623 -0.0852941 1.0803 
v 2.09639 0.135038 1.0803 
v 2.11506 0.145311 1.05728 
v 2.05506 0.385311 1.05728 
v 2.03013 0.4001 1.0803 
v 2.07997 0.41832 1.0803 
v 2.24058 0.438924 1.05728 
v 1.43771 0.585607 0.902273 
v 1.43829 0.646225 1.09461 
v 1.4099 0.662664 1.10728 
v 1.42467 0.641554 1.10728 
v 1.43829 0.646225 1.09461 
v 1.41644 0.676226 1.09461 
v 1.4099 0.662664 1.10728 
v 2.1837 0.555274 1.10728 
v 2.03954 0.568836 1.09461 
v 2.02945 0.555274 1.10728 
v 2.20874 0.568836 1.09461 
v 1.43771 0.585607 1.09461 
v 1.43829 0.646225 1.09461 
v 1.42467 0.641554 1.10728 
v 1.424 0.572045 1.10728 
v 1.63803 1.00042 1.0494 
v 1.63803 1.06291 1.0494 
v 1.6031 1.00042 1.03493 
v 1.6031 1.06291 1.03493 
v 1.67297 1.06291 0.965069 
v 1.67297 1.00042 1.03493 
v 1.67297 1.06291 1.03493 
v 1.63803 1.00042 1.0494 
v 1.63803 1.06291 1.0494 
v 1.87735 0.36767 1.10728 
v 1.80272 0.470681 1.10728 
v 1.7958 0.457119 1.09461 
v 1.87043 0.354108 1.09461 
v -0.976016 0.508366 1.05993 
v -1.72602 0.508366 1.05993 
v -0.976016 0.481077 0.994052 
v -1.72602 0.574248 1.08722 
v -0.976016 0.574248 1.08722 
v -0.976016 0.640129 1.05993 
v -1.72602 0.640129 1.05993 
v -0.976016 0.574248 1.08722 
v -1.72602 0.574248 1.08722 
v 1.58844 1.06291 1.04959 
v 1.63803 1.06291 1.07013 
v 1.58844 1.11802 1.04959 
v 1.63803 1.11802 1.07013 
v 1.68763 1.06291 0.950409 
v 1.70817 1.06291 1 
v 1.68763 1.11802 1.04959 
v 1.68763 1.06291 1.04959 
v 1.63803 1.11802 1.07013 
v 1.63803 1.06291 1.07013 
v 1.88775 0.530889 1.10921 
v 1.3001 0.530889 1.10921 
v 1.30817 0.513015 1.12684 
v 1.87968 0.513015 1.12684 
v -0.425332 0.526639 1.10728 
v 0.680545 0.526639 1.10728 
v 0.673039 0.540201 1.09461 
v -0.438894 0.540201 1.09461 
v 0.746536 0.525942 1.09461 
v 2.66517 0.492558 1.09655 
v 2.13316 0.50994 1.08274 
v 2.13319 0.492558 1.09655 
v 2.68661 0.50994 1.08274 
v 1.49717 0.888072 1.05132 
v 1.53367 0.876617 1.06278 
v 1.53367 0.945348 1.09125 
v 1.49717 0.945348 1.07505 
v 1.69304 0.646225 1.09461 
v 1.72142 0.662664 1.10728 
v 1.71488 0.676226 1.09461 
v 1.70666 0.641554 1.10728 
v 1.69304 0.646225 0.902273 
v 1.29704 0.488181 1.10728 
v 1.8289 0.488181 1.10728 
v 1.8358 0.501743 1.09461 
v 1.28559 0.501743 1.09461 
v -0.444627 0.513856 1.05444 
v 0.732404 0.659654 0.994052 
v 0.732404 0.513856 1.05444 
v -0.444627 0.574248 1.07946 
v 0.732404 0.574248 1.07946 
v 0.732404 0.634639 1.05444 
v -0.444627 0.634639 1.05444 
v 0.732404 0.574248 1.07946 
v -0.444627 0.574248 1.07946 
v 1.69361 0.585607 1.09461 
v 1.70666 0.641554 1.10728 
v 1.69304 0.646225 1.09461 
v 1.70733 0.572045 1.10728 
v 1.71473 0.25994 1.08274 
v 1.73211 0.422529 1.09655 
v 1.71473 0.439911 1.08274 
v 1.73211 0.27316 1.09655 
v 1.30442 0.676226 1.09461 
v 1.26442 0.76894 1.09461 
v 1.25524 0.755377 1.10728 
v 1.25524 0.755377 1.10728 
v 1.29524 0.662664 1.10728 
v 1.30442 0.676226 1.09461 
v 1.86615 0.437148 1.10728 
v 2.01148 0.435109 1.10728 
v 1.98043 0.449108 1.09461 
v 1.86615 0.437148 1.10728 
v 1.98043 0.449108 1.09461 
v 1.87311 0.450614 1.09461 
v 1.89644 0.561732 1.10728 
v 1.98043 0.449108 1.09461 
v 2.01148 0.435109 1.10728 
v 1.98043 0.449108 1.09461 
v 1.89644 0.561732 1.10728 
v 1.89043 0.54817 1.09461 
v 1.73211 0.422529 1.09655 
v 2.08762 0.422529 1.09655 
v 2.08561 0.439911 1.08274 
v 1.71473 0.439911 1.08274 
v -0.946016 0.519346 1.04895 
v -0.472682 0.519346 1.04895 
v -0.946016 0.574248 1.07169 
v -0.472682 0.574248 1.07169 
v -0.472682 0.629149 1.04895 
v -0.946016 0.629149 1.04895 
v -0.472682 0.574248 1.07169 
v -0.946016 0.574248 1.07169 
v 1.73066 0.848148 0.994048 
v 1.63803 0.880503 0.87512 
v 1.68763 0.901045 0.87512 
v 1.70817 0.950636 0.87512 
v 1.63803 0.880503 1.12488 
v 1.68763 1.00023 1.12488 
v 1.68763 0.901045 0.87512 
v 1.68743 0.950636 0.87512 
v 1.67297 0.915705 0.87512 
v 1.70817 0.950636 0.87512 
v 1.63803 0.880503 0.87512 
v 1.67297 0.985567 0.87512 
v 1.63803 0.901237 0.87512 
v 1.68763 1.00023 0.87512 
v 1.6031 0.915705 0.87512 
v 1.63803 1.00004 0.87512 
v 1.58844 0.901045 0.87512 
v 1.63803 1.02077 0.87512 
v 1.58863 0.950636 0.87512 
v 1.6031 0.985567 0.87512 
v 1.5679 0.950636 0.87512 
v 1.58844 1.00023 0.87512 
v 0.819941 0.355001 1.10728 
v 1.18254 0.355001 1.10728 
v 1.16782 0.368563 1.09461 
v 0.833279 0.368563 1.09461 
v 1.76717 0.945348 1.07505 
v 2.03717 0.945348 1.07505 
v 2.03717 1.00262 1.05132 
v 1.76717 1.00262 1.05132 
v 2.03717 1.02635 0.994048 
v 2.03717 0.888072 1.05132 
v 1.76717 0.888072 1.05132 
v 2.03717 0.945348 1.07505 
v 1.76717 0.945348 1.07505 
v 2.34537 0.287322 1.09655 
v 2.26537 0.370511 1.09655 
v 2.25797 0.353129 1.08274 
v 2.33797 0.26994 1.08274 
v 0.673039 0.540201 1.09461 
v 0.728579 0.526402 1.10728 
v 0.680545 0.526639 1.10728 
v 1.29379 0.412119 1.09461 
v 1.38889 0.239763 1.10728 
v 1.41379 0.226201 1.09461 
v 1.2768 0.413425 1.10728 
v 1.49717 0.864348 0.994048 
v 0.771613 1.02255 0.916851 
v 0.647166 1.02255 0.916851 
v 0.771613 0.945348 0.884874 
v 0.647166 0.945348 0.884874 
v 0.771613 0.868149 0.916851 
v 0.647166 0.868149 0.916851 
v 2.34717 0.945348 0.887938 
v 2.34717 1.02038 0.919017 
v 2.34717 0.839237 0.994048 
v 2.34717 1.05146 0.994048 
v 2.23717 0.870316 1.06908 
v 2.34717 0.870316 1.06908 
v 2.23717 0.945348 1.10016 
v 2.34717 0.945348 1.10016 
v 2.34717 1.02038 1.06908 
v 2.23717 1.02038 1.06908 
v 2.34717 0.945348 1.10016 
v 2.23717 0.945348 1.10016 
v 2.74858 0.0153919 1.0869 
v 2.51892 0.332699 1.1006 
v 2.49258 0.330639 1.0869 
v 2.76048 0.0352859 1.1006 
v 1.22717 0.888072 1.05132 
v 1.49717 0.888072 1.05132 
v 1.49717 0.945348 1.07505 
v 1.22717 0.945348 1.07505 
v 1.22717 0.864348 0.994048 
v 1.22717 1.00262 1.05132 
v 1.49717 1.00262 1.05132 
v 1.22717 0.945348 1.07505 
v 1.49717 0.945348 1.07505 
v 1.53367 0.876617 1.06278 
v 1.73066 0.876617 1.06278 
v 1.73066 0.945348 1.09125 
v 1.53367 0.945348 1.09125 
v 1.53367 1.01408 1.06278 
v 1.73066 1.01408 1.06278 
v 1.53367 0.945348 1.09125 
v 1.73066 0.945348 1.09125 
v 2.93192 0.630477 1.1006 
v 2.85204 0.609974 1.0869 
v 2.86148 0.590184 1.1006 
v 2.85204 0.609974 1.0869 
v 2.93192 0.630477 1.1006 
v 2.92446 0.651357 1.0869 
v 1.02717 1.04587 1.09457 
v 0.777166 1.04587 1.09457 
v 1.02717 0.945348 1.1362 
v 0.777166 0.945348 1.1362 
v 0.777166 0.945348 0.851893 
v 0.777166 0.844829 1.09457 
v 1.02717 0.844829 1.09457 
v 0.777166 0.945348 1.1362 
v 1.02717 0.945348 1.1362 
v 1.84585 0.306979 1.0803 
v 1.99289 0.41832 1.0803 
v 1.98596 0.438924 1.05728 
v 1.81596 0.31019 1.05728 
v 0.829822 0.682501 1.10728 
v 0.728579 0.526402 1.10728 
v 0.746536 0.525942 1.09461 
v 0.829822 0.682501 1.10728 
v 0.746536 0.525942 1.09461 
v 0.837923 0.668939 1.09461 
v 0.819941 0.355001 1.10728 
v 0.746536 0.525942 1.09461 
v 0.728579 0.526402 1.10728 
v 0.833279 0.368563 1.09461 
v 1.22717 0.888072 1.05132 
v 1.07717 0.83366 1.10574 
v 1.07717 0.945348 1.152 
v 1.22717 0.945348 1.07505 
v 1.22717 1.00262 1.05132 
v 1.07717 1.05703 1.10574 
v 1.07717 0.945348 1.152 
v 1.22717 0.945348 1.07505 
v 2.67616 0.609974 1.0869 
v 2.49258 0.330639 1.0869 
v 2.51892 0.332699 1.1006 
v 2.68812 0.590142 1.1006 
v 2.03717 0.888072 1.05132 
v 2.03717 1.00262 1.05132 
v 2.15717 0.851559 1.08784 
v 2.15717 0.945348 1.12669 
v 2.03717 0.945348 1.07505 
v 2.15717 1.03914 1.08784 
v 2.15717 0.945348 1.12669 
v 2.03717 0.945348 1.07505 
v 3.38596 0.63019 1.10353 
v 3.47452 0.677427 1.1185 
v 3.46596 0.70019 1.10353 
v 3.40507 0.616659 1.1185 
v 3.35596 0.21019 0.884567 
v 3.35596 0.21019 1.10353 
v 3.31053 0.380314 1.1185 
v 3.28596 0.38019 1.10353 
v 3.3785 0.215237 1.1185 
v 0.777166 1.04587 1.09457 
v 0.717166 1.06597 1.11467 
v 0.717166 0.945348 1.16463 
v 0.777166 0.945348 1.1362 
v 0.777166 0.844829 1.09457 
v 0.717166 0.824725 1.11467 
v 0.717166 0.945348 1.16463 
v 0.777166 0.945348 1.1362 
v 2.34717 1.02038 1.06908 
v 2.38717 1.03538 1.08409 
v 2.38717 0.945348 1.12138 
v 2.34717 0.945348 1.10016 
v 2.34717 0.870316 1.06908 
v 2.38717 0.85531 1.08409 
v 2.38717 0.945348 1.12138 
v 2.34717 0.945348 1.10016 
v 3.38596 0.63019 1.10353 
v 3.28596 0.38019 1.10353 
v 3.31053 0.380314 1.1185 
v 3.40507 0.616659 1.1185 
v 3.35596 0.21019 1.10353 
v 3.36596 0.01019 1.10353 
v 3.38769 0.03146 1.1185 
v 3.38769 0.03146 1.1185 
v 3.3785 0.215237 1.1185 
v 3.35596 0.21019 1.10353 
v -0.946016 0.629149 1.04895 
v -0.976016 0.640129 1.05993 
v -0.976016 0.574248 1.08722 
v -0.946016 0.574248 1.07169 
v -0.946016 0.519346 1.04895 
v -0.976016 0.508366 1.05993 
v -0.976016 0.574248 1.08722 
v -0.946016 0.574248 1.07169 
v -1.31228 0.605871 0.96243 
v -1.75601 0.605871 0.96243 
v -1.31228 0.574248 0.949332 
v -1.75601 0.574248 0.949331 
v -1.31228 0.542624 0.96243 
v -1.75601 0.542624 0.96243 
v -1.75601 0.499711 0.994052 
v -1.75601 0.542624 0.96243 
v -1.75601 0.521542 0.941347 
v -1.75601 0.574248 0.919517 
v -1.75601 0.529526 0.994052 
v -1.75601 0.574248 0.949331 
v -1.75601 0.542624 1.02568 
v -1.75601 0.626953 0.941347 
v -1.75601 0.521542 1.04676 
v -1.75601 0.574248 1.03877 
v -1.75601 0.574248 1.06859 
v -1.75601 0.605871 0.96243 
v -1.75601 0.648784 0.994052 
v -1.75601 0.618969 0.994052 
v -1.75601 0.605871 1.02568 
v -1.75601 0.626953 1.04676 
v -1.75601 0.574248 1.03877 
v -1.75601 0.574248 1.06859 
v -1.72602 0.574248 1.08722 
v -1.72602 0.640129 1.05993 
v -1.72602 0.574248 0.900882 
v -1.72602 0.481077 0.994052 
v -1.63298 0.508705 0.949099 
v -1.63298 0.112558 0.949099 
v -1.63298 0.112558 1.039 
v -1.63298 0.508705 1.039 
v -1.31228 0.574248 0.949332 
v -1.31228 0.529526 0.994053 
v -1.31228 0.618969 0.994053 
v -1.31228 0.542624 0.96243 
v -1.31228 0.605871 0.96243 
v -1.31228 0.574248 1.03878 
v -1.31228 0.542624 1.02568 
v -1.31228 0.605871 1.02568 
v -0.472682 0.629149 0.939152 
v -0.472682 0.496605 0.994052 
v -0.438894 0.540201 0.902273 
v -0.438894 0.412119 0.902273 
v -0.438894 0.540201 1.09461 
v -0.438894 0.412119 1.09461 
v -0.425332 0.526639 0.889601 
v 3.35898 0.651357 0.901192 
v 3.4567 0.0353239 1.1006 
v 3.4567 0.528651 1.1006 
v -0.233564 0.239763 1.10728 
v -0.233564 0.239763 0.889601 
v 2.77343 0.0480099 0.907797 
v 2.44717 1.03703 0.994048 
v 2.44717 1.02638 1.07508 
v -1.16706 0.346306 1.039 
v -1.16706 0.346306 0.949099 
v -1.16706 0.185358 0.949099 
v -1.16706 0.185358 1.039 
v 2.6097 0.438924 1.05728 
v 2.27003 0.438924 0.930815 
v 2.27003 0.438924 1.05728 
v 2.38717 0.945348 1.12138 
v 2.38717 0.85531 0.90401 
v 2.38717 1.03538 1.08409 
v 0.647166 0.868149 1.07125 
v 0.647166 0.808879 0.994048 
v 0.647166 0.84885 1.09055 
v 0.647166 0.836173 0.994048 
v 0.647166 0.945348 1.10322 
v 0.647166 0.868149 0.916851 
v 0.647166 0.945348 1.13052 
v 0.647166 0.84885 0.897551 
v 0.647166 1.04185 1.09055 
v 0.647166 0.945348 0.884874 
v 0.647166 1.02255 1.07125 
v 0.647166 0.945348 0.857579 
v 0.647166 1.05452 0.994048 
v 0.647166 1.04185 0.897551 
v 0.647166 1.08182 0.994048 
v 0.647166 1.02255 0.916851 
v 0.717166 0.945348 1.16463 
v 0.717166 1.06597 0.873425 
v 0.717166 0.945348 0.823462 
v 0.717166 0.824725 0.873425 
v 0.717166 0.824725 1.11467 
v 2.23596 -0.17981 0.930815 
v 0.771613 0.868149 0.916851 
v 0.771613 1.02255 0.916851 
v 0.771613 0.945348 0.884874 
v 0.771613 0.836173 0.994048 
v 0.771613 1.02255 1.07125 
v 0.771613 1.05452 0.994048 
v 0.771613 0.868149 1.07125 
v 0.771613 0.945348 1.10322 
v 0.628423 0.540201 1.09461 
v 0.770142 0.76894 0.902273 
v 0.628423 0.540201 0.902273 
v 0.770142 0.76894 1.09461 
v 2.59275 0.41832 0.907797 
v 2.59275 0.41832 1.0803 
v 2.15717 0.945348 1.12669 
v 2.15717 0.81271 0.994048 
v 2.15717 0.851559 1.08784 
v 2.24544 -0.159206 0.907797 
v 2.24544 -0.159206 1.0803 
v 2.74858 0.0153919 0.901192 
v 2.74858 0.0153919 1.0869 
v 1.65269 1.17984 1.01465 
v 3.36596 0.01019 1.10353 
v 3.36596 0.01019 0.884567 
v 1.36474 0.143234 0.88808 
v 1.82311 0.143234 1.10921 
v 1.36474 0.143234 1.10921 
v 1.61308 1.1361 1.02495 
v 1.62338 1.17984 1.01465 
v 1.60274 1.1361 1 
v 1.61731 1.17984 1 
v 1.62338 1.17984 0.985349 
v 1.61308 1.1361 0.975046 
v 2.24058 0.438924 0.930815 
v 1.9759 0.430889 0.88808 
v 1.9759 0.430889 1.10921 
v 1.58844 1.11802 0.950409 
v 1.63803 1.11802 1.07013 
v -1.40002 0.210009 0.949099 
v -1.40002 0.210009 1.039 
v 1.81236 0.161108 1.12684 
v 1.37548 0.161108 1.12684 
v 2.76048 0.0352859 1.1006 
v 1.81236 0.161108 0.870454 
v 1.95431 0.428349 1.12684 
v 1.36474 0.143234 0.88808 
v 1.21195 0.430889 1.10921 
v 1.21195 0.430889 0.88808 
v 1.36474 0.143234 1.10921 
v 2.33797 0.26994 0.905357 
v 2.33797 0.26994 1.08274 
v 1.90236 0.914367 1.08296 
v 1.90236 1.01746 1.06873 
v 1.90236 0.948731 1.0972 
v 1.90236 1.01746 0.931273 
v 1.90236 0.948731 0.902804 
v 3.38769 0.03146 0.869596 
v 3.38769 0.03146 1.1185 
v 1.79159 0.185337 0.905357 
v 1.23354 0.428349 1.12684 
v 1.53367 1.04255 0.994048 
v 3.16871 0.418356 1.0869 
v 3.16871 0.418356 0.901192 
v 3.22951 0.248098 1.0869 
v 3.22951 0.248098 0.901192 
v 3.22083 0.147333 0.901192 
v 3.22083 0.147333 1.0869 
v 1.17842 0.668939 1.09461 
v 1.22842 0.54817 1.09461 
v 1.17842 0.668939 0.902273 
v 1.23749 0.561732 0.889601 
v 1.22842 0.54817 0.902273 
v 1.87043 0.354108 0.902273 
v 1.7958 0.457119 0.902273 
v 1.7958 0.457119 1.09461 
v 1.87043 0.354108 0.902273 
v 1.87043 0.354108 1.09461 
v 2.26537 0.370511 0.891551 
v 2.26537 0.370511 1.09655 
v 1.65875 0.950636 1.24181 
v 1.62338 0.965288 0.758191 
v 1.62338 0.935985 1.24181 
v 1.60274 0.950636 1.19808 
v 1.61308 0.925681 1.19808 
v 1.61731 0.950636 1.24181 
v 1.62338 0.965288 1.24181 
v 1.61308 0.975591 1.19808 
v 1.66299 0.975591 1.19808 
v 1.61731 0.950636 0.758191 
v 1.60274 0.950636 0.801926 
v 1.62338 0.965288 0.758191 
v 1.62338 0.935985 0.758191 
v 1.61308 0.975591 0.801926 
v 1.61308 0.925681 0.801926 
v 1.3277 0.470681 1.10728 
v 1.80272 0.470681 1.10728 
v 1.3277 0.470681 0.889601 
v 1.63803 0.901543 1.19808 
v 1.60332 0.98535 1.19808 
v 1.63803 0.901543 0.801926 
v 1.58844 0.901045 0.820006 
v 1.58844 1.00023 0.820006 
v 1.71473 0.439911 0.905357 
v 1.71473 0.25994 0.905357 
v 1.71473 0.25994 1.08274 
v 1.71473 0.439911 1.08274 
v 1.8289 0.488181 0.889601 
v 1.80517 0.948731 0.902804 
v 1.80517 0.914367 0.917039 
v 1.80517 1.01746 0.931273 
v 1.80517 1.04593 1 
v 1.80517 1.01746 1.06873 
v 1.80517 0.666419 0.917039 
v 1.36774 0.948731 0.902804 
v 1.36774 1.01746 0.931273 
v 1.36774 0.914367 0.917039 
v 1.36774 0.666419 0.917039 
v 1.46494 1.01746 0.931273 
v 1.36774 1.04593 1 
v 1.46494 1.04593 1 
v 1.36774 1.01746 1.06873 
v 1.46494 1.01746 1.06873 
v 1.36774 1.04593 1 
v 1.36774 0.914367 1.08296 
v 1.36774 1.01746 1.06873 
v 1.36774 0.948731 1.0972 
v 1.36774 0.914367 0.917039 
v 1.36774 1.01746 0.931273 
v 1.36774 0.948731 0.902804 
v 1.36774 0.666419 1.08296 
v 1.36774 0.666419 0.917039 
v 1.26442 0.76894 1.09461 
v 1.89043 0.54817 1.09461 
v 1.89644 0.561732 1.10728 
v 1.89644 0.561732 0.889601 
v 1.89043 0.54817 0.902273 
v 3.40507 0.616659 0.869596 
v 1.29704 0.488181 1.10728 
v 3.40507 0.616659 1.1185 
v 1.29704 0.488181 0.889601 
v 3.46596 0.70019 1.10353 
v 1.6031 0.985567 0.937608 
v 1.6031 0.985567 0.87512 
v 1.58863 0.950636 0.937608 
v 1.58863 0.950636 0.87512 
v 1.6031 0.915705 0.937608 
v 1.6031 0.915705 0.87512 
v 1.63803 0.901237 0.937608 
v 1.6031 0.915705 1.06239 
v 1.6031 0.915705 1.12488 
v 1.58863 0.950636 1.06239 
v 1.58863 0.950636 1.12488 
v 1.6031 0.985567 1.06239 
v 1.6031 0.985567 1.12488 
v 1.29524 0.662664 1.10728 
v 1.4099 0.662664 1.10728 
v 2.68812 0.590142 0.887496 
v 3.11845 0.49552 0.887496 
v 3.11845 0.49552 1.1006 
v 2.68812 0.590142 1.1006 
v 2.51892 0.332699 1.1006 
v 2.13319 0.492558 0.891551 
v 2.08762 0.422529 0.891551 
v 2.13319 0.492558 1.09655 
v 2.08762 0.422529 1.09655 
v 1.89043 0.54817 0.902273 
v 1.89043 0.54817 1.09461 
v 1.98043 0.449108 0.902273 
v 1.98043 0.449108 1.09461 
v 2.56566 0.0251649 0.907797 
v 2.56566 0.09238 0.907797 
v 1.84585 0.306979 0.907797 
v 1.21195 0.430889 0.88808 
v 1.21195 0.430889 1.10921 
v 1.3001 0.530889 0.88808 
v 1.3001 0.530889 1.10921 
v 1.71488 0.676226 1.09461 
v 1.84585 0.306979 1.0803 
v 2.56566 0.0251649 1.0803 
v 2.56566 0.09238 1.0803 
v 1.71488 0.676226 0.902273 
v 1.80517 0.914367 1.08296 
v 1.80517 0.666419 1.08296 
v 2.67616 0.609974 0.901192 
v 2.67616 0.609974 1.0869 
v -1.40002 0.346306 0.949099 
v 1.81596 0.31019 0.930815 
v -1.40002 0.346306 1.039 
v 2.56566 0.09238 0.907797 
v 2.56566 0.0251649 0.907797 
v 2.54506 0.0353109 0.930815 
v 2.54506 0.085311 0.930815 
v 1.69361 0.585607 1.09461 
v 2.54506 0.085311 1.05728 
v 2.56566 0.09238 1.0803 
v 2.54506 0.0353109 1.05728 
v 2.56566 0.0251649 1.0803 
v 1.69361 0.585607 0.902273 
v 1.6031 1.00042 1.03493 
v 1.6031 1.06291 1.03493 
v 1.58863 1.00042 1 
v 1.58863 1.06291 1 
v 1.6031 1.06291 0.965069 
v 1.6031 1.00042 0.965069 
v -0.976016 0.640129 0.928171 
v 1.58844 1.06291 1.04959 
v 1.58844 1.11802 1.04959 
v 1.5679 1.11802 1 
v 1.5679 1.06291 1 
v 1.58844 1.11802 0.950409 
v 1.58844 1.06291 0.950409 
v 1.68763 1.06291 0.950409 
v 1.70817 1.06291 1 
v 1.68763 1.06291 1.04959 
v 1.17842 0.668939 0.902273 
v 1.22842 0.54817 0.902273 
v 1.17842 0.668939 1.09461 
v 1.22842 0.54817 1.09461 
v 2.13316 0.50994 0.905357 
v 2.13316 0.50994 1.08274 
v 0.732404 0.513856 0.933662 
v 0.732404 0.634639 0.933662 
v 0.732404 0.659654 0.994052 
v 1.69361 0.585607 1.09461 
v 1.69361 0.585607 0.902273 
v 1.69304 0.646225 1.09461 
v 1.69304 0.646225 0.902273 
v -0.946016 0.65189 0.994052 
v -0.946016 0.629149 1.04895 
v 1.58844 1.00023 0.820006 
v 1.58844 1.00023 0.87512 
v 1.5679 0.950636 0.820006 
v 1.5679 0.950636 0.87512 
v 1.58844 0.901045 0.820006 
v 1.58844 0.901045 0.87512 
v 1.63803 0.880503 0.87512 
v 1.58844 0.901045 1.12488 
v 1.63803 0.880503 1.12488 
v 1.58844 0.901045 1.17999 
v 1.5679 0.950636 1.17999 
v 1.5679 0.950636 1.12488 
v 1.58844 1.00023 1.17999 
v 1.58844 1.00023 1.12488 
v 1.69304 0.646225 0.902273 
v 1.71488 0.676226 1.09461 
v 1.71488 0.676226 0.902273 
v 1.69304 0.646225 1.09461 
v 1.49717 0.864348 0.994048 
v 2.34717 0.945348 0.887938 
v 2.34717 0.839237 0.994048 
v 2.34717 1.05146 0.994048 
v 2.34717 0.945348 1.10016 
v 2.49258 0.330639 0.901192 
v 2.49258 0.330639 1.0869 
v 1.28559 0.501743 1.09461 
v 1.28559 0.501743 0.902273 
v 1.16782 0.368563 1.09461 
v 1.16782 0.368563 0.902273 
v 1.22717 0.864348 0.994048 
v 2.13316 0.50994 1.08274 
v 2.08561 0.439911 0.905357 
v 2.08561 0.439911 1.08274 
v 2.13316 0.50994 0.905357 
v 1.80517 0.914367 0.917039 
v 1.80517 0.666419 0.917039 
v 1.80517 0.666419 1.08296 
v 1.80517 0.914367 1.08296 
v 1.80517 1.01746 0.931273 
v 1.80517 0.948731 0.902804 
v 1.80517 1.04593 1 
v 1.80517 1.01746 1.06873 
v 1.80517 0.948731 1.0972 
v 0.777166 1.0875 0.994048 
v 0.777166 0.945348 0.851893 
v 0.777166 0.844829 1.09457 
v 2.25797 0.353129 1.08274 
v 2.25797 0.353129 0.905357 
v 2.33797 0.26994 0.905357 
v 2.33797 0.26994 1.08274 
v 2.13319 0.492558 0.891551 
v 2.08762 0.422529 0.891551 
v 2.08561 0.439911 0.905357 
v 2.13316 0.50994 0.905357 
v 2.08561 0.439911 1.08274 
v 2.13319 0.492558 1.09655 
v 2.13316 0.50994 1.08274 
v 2.08762 0.422529 1.09655 
v 2.23596 -0.17981 1.05728 
v 1.81596 0.31019 1.05728 
v 2.23596 -0.17981 0.930815 
v 1.81596 0.31019 0.930815 
v 2.27003 0.438924 0.930815 
v 2.54506 0.085311 0.930815 
v 2.54506 0.085311 1.05728 
v 2.27003 0.438924 1.05728 
v 2.54506 0.0353109 1.05728 
v 2.54506 0.0353109 0.930815 
v 2.49258 0.330639 0.901192 
v 2.74858 0.0153919 0.901192 
v 2.49258 0.330639 1.0869 
v 2.74858 0.0153919 1.0869 
v 3.38596 0.63019 0.884567 
v 3.38596 0.63019 1.10353 
v 3.35596 0.21019 0.884567 
v 3.28596 0.38019 0.884567 
v 3.35596 0.21019 1.10353 
v 3.28596 0.38019 1.10353 
v 2.67616 0.609974 0.901192 
v 2.49258 0.330639 0.901192 
v 2.67616 0.609974 1.0869 
v 2.49258 0.330639 1.0869 
v -1.40002 0.346306 1.039 
v -1.40002 0.346306 0.949099 
v -1.40002 0.210009 0.949099 
v -1.40002 0.210009 1.039 
v 3.35596 0.21019 0.884567 
v 3.28596 0.38019 1.10353 
v 3.28596 0.38019 0.884567 
v 3.38596 0.63019 1.10353 
v 3.35596 0.21019 1.10353 
v 3.36596 0.01019 0.884567 
v 3.36596 0.01019 1.10353 
v 3.38596 0.63019 0.884567 
v -1.75601 0.499711 0.994052 
v -1.75601 0.521542 0.941347 
v -1.75601 0.529526 0.994052 
v -1.75601 0.574248 1.06859 
v -1.75601 0.648784 0.994052 
v -1.72602 0.574248 1.08722 
v -1.75601 0.521542 0.941347 
v -1.72602 0.508366 0.928171 
v -1.72602 0.481077 0.994052 
v -1.75601 0.499711 0.994052 
v -1.75601 0.521542 1.04676 
v -1.72602 0.508366 1.05993 
v -1.63298 0.112558 0.949099 
v -1.63298 0.112558 1.039 
v -1.31228 0.574248 0.949332 
v -1.31228 0.529526 0.994053 
v -1.31228 0.618969 0.994053 
v -1.31228 0.574248 1.03878 
v 3.75596 0.11019 0.884567 
v 3.64596 -0.00981003 1.10353 
v 3.64596 -0.00981003 0.884567 
v -0.472682 0.519346 0.939152 
v -0.444627 0.513856 0.933662 
v -0.444627 0.488841 0.994052 
v -0.472682 0.496605 0.994052 
v -0.472682 0.519346 1.04895 
v -0.444627 0.513856 1.05444 
v -0.438894 0.540201 0.902273 
v -0.438894 0.412119 0.902273 
v -0.438894 0.540201 1.09461 
v -0.438894 0.412119 1.09461 
v 3.47758 0.0153919 1.0869 
v 3.47758 0.0153919 0.901192 
v 3.58596 0.65019 1.10353 
v -0.438894 0.412119 0.902273 
v -0.238894 0.226201 0.902273 
v -0.238894 0.226201 1.09461 
v -0.438894 0.412119 1.09461 
v -0.425332 0.418029 1.10728 
v 3.35898 0.651357 0.901192 
v 3.63662 0.0136799 0.869596 
v 3.72712 0.112415 1.1185 
v 3.4567 0.0353239 1.1006 
v 3.4567 0.528651 1.1006 
v -0.233564 0.239763 1.10728 
v -0.233564 0.239763 0.889601 
v 2.55002 0.26994 1.08274 
v 2.55002 0.26994 0.905357 
v 2.64002 0.35994 0.905357 
v 2.44596 -0.17981 0.930815 
v 2.77343 0.0480099 0.907797 
v 2.79596 0.0401899 0.930815 
v 2.43834 -0.159206 0.907797 
v 2.44596 -0.17981 1.05728 
v 2.79596 0.0401899 1.05728 
v 2.77343 0.0480099 1.0803 
v 2.43834 -0.159206 1.0803 
v 2.44717 1.02638 0.913015 
v 2.44717 0.945348 0.902369 
v 2.44717 0.864314 0.913015 
v 2.44717 1.01017 0.929222 
v 2.44717 0.830748 0.994048 
v 2.44717 1.03703 0.994048 
v 2.44717 1.02638 1.07508 
v 2.44717 0.945348 1.10865 
v 2.44717 0.864314 1.07508 
v -1.28354 0.346306 0.949099 
v -1.2253 0.375546 0.949099 
v -1.2253 0.375546 1.039 
v -1.28354 0.346306 1.039 
v -1.28354 0.210009 1.039 
v -1.28354 0.210009 0.949099 
v -1.16706 0.346306 1.039 
v -1.16706 0.346306 0.949099 
v -1.16706 0.185358 0.949099 
v -1.16706 0.185358 1.039 
v 2.79596 0.0401899 1.05728 
v 2.44596 -0.17981 1.05728 
v 2.79596 0.0401899 0.930815 
v 2.44596 -0.17981 0.930815 
v 2.27003 0.438924 0.930815 
v 2.27003 0.438924 1.05728 
v 2.38717 0.818015 0.994048 
v 2.44717 0.864314 1.07508 
v 2.38717 0.85531 1.08409 
v 2.44717 0.830748 0.994048 
v 2.44717 0.864314 0.913015 
v 2.38717 0.85531 0.90401 
v 0.647166 0.84885 1.09055 
v 0.647166 0.836173 0.994048 
v 0.647166 0.84885 0.897551 
v 0.647166 1.02255 1.07125 
v 0.647166 1.08182 0.994048 
v 0.647166 1.02255 0.916851 
v 0.717166 0.945348 1.16463 
v 0.647166 0.84885 0.897551 
v 0.717166 0.824725 0.873425 
v 0.717166 0.774762 0.994048 
v 0.647166 0.808879 0.994048 
v 0.647166 0.84885 1.09055 
v 0.717166 0.824725 1.11467 
v 2.23596 -0.17981 0.930815 
v 2.44596 -0.17981 0.930815 
v 2.23596 -0.17981 1.05728 
v 2.44596 -0.17981 1.05728 
v 0.771613 1.02255 0.916851 
v 0.771613 0.945348 0.884874 
v 2.66517 0.492558 1.09655 
v 0.628423 0.540201 1.09461 
v 2.59275 0.41832 0.907797 
v 2.59275 0.41832 1.0803 
v 2.15717 0.945348 1.12669 
v 2.23717 0.870316 0.919017 
v 2.15717 0.851559 0.900259 
v 2.15717 0.81271 0.994048 
v 2.23717 0.839237 0.994048 
v 2.23717 0.870316 1.06908 
v 2.15717 0.851559 1.08784 
v 2.44596 -0.17981 0.930815 
v 2.23596 -0.17981 0.930815 
v 2.24544 -0.159206 0.907797 
v 2.43834 -0.159206 0.907797 
v 2.44596 -0.17981 1.05728 
v 2.24544 -0.159206 1.0803 
v 2.23596 -0.17981 1.05728 
v 2.43834 -0.159206 1.0803 
v 2.74858 0.0153919 0.901192 
v 3.47758 0.0153919 0.901192 
v 3.47758 0.0153919 1.0869 
v 2.74858 0.0153919 1.0869 
v 2.06861 0.354108 0.902273 
v 2.06861 0.354108 1.09461 
v -1.63298 0.112558 0.949099 
v -1.5165 0.112558 0.949099 
v -1.5165 0.112558 1.039 
v -1.63298 0.112558 1.039 
v 3.64596 -0.00981003 0.884567 
v 3.36596 0.01019 1.10353 
v 3.36596 0.01019 0.884567 
v 3.64596 -0.00981003 1.10353 
v 1.36474 0.143234 0.88808 
v 1.82311 0.143234 0.88808 
v 1.82311 0.143234 1.10921 
v 1.36474 0.143234 1.10921 
v 2.05506 0.385311 0.930815 
v 2.24058 0.438924 0.930815 
v 2.24058 0.438924 1.05728 
v 2.05506 0.385311 1.05728 
v 2.11506 0.145311 0.930815 
v 2.11506 0.145311 1.05728 
v 1.9759 0.430889 0.88808 
v 1.9759 0.430889 1.10921 
v 2.13635 0.185337 0.905357 
v 2.13635 0.185337 1.08274 
v 1.02717 0.844829 1.09457 
v 1.02717 0.803193 0.994048 
v 1.07717 0.787398 0.994048 
v 1.02717 0.844829 0.893529 
v 1.07717 0.83366 1.10574 
v 1.07717 0.83366 0.882361 
v 1.07717 0.945348 0.836098 
v -1.16706 0.185358 0.949099 
v -1.05058 0.185358 0.949099 
v -1.05058 0.185358 1.039 
v -1.16706 0.185358 1.039 
v -1.40002 0.210009 0.949099 
v -1.28354 0.210009 0.949099 
v -1.28354 0.210009 1.039 
v -1.40002 0.210009 1.039 
v 1.81236 0.161108 1.12684 
v 1.37548 0.161108 1.12684 
v 2.76048 0.0352859 1.1006 
v 1.81236 0.161108 0.870454 
v 1.95431 0.428349 1.12684 
v -0.238894 0.226201 0.902273 
v 1.41379 0.226201 0.902273 
v 1.41379 0.226201 1.09461 
v -0.238894 0.226201 1.09461 
v 1.73066 1.01408 0.925318 
v 2.33797 0.26994 0.905357 
v 2.55002 0.26994 0.905357 
v 2.33797 0.26994 1.08274 
v 2.55002 0.26994 1.08274 
v 1.90236 0.948731 1.0972 
v 1.90236 0.948731 0.902804 
v 3.38769 0.03146 0.869596 
v 3.38769 0.03146 1.1185 
v 1.79159 0.185337 0.905357 
v 1.53367 1.04255 0.994048 
v 2.09518 0.353129 0.905357 
v 2.25797 0.353129 0.905357 
v 2.09518 0.353129 1.08274 
v 2.25797 0.353129 1.08274 
v 2.79103 0.45484 0.901192 
v 2.79103 0.45484 1.0869 
v 2.87963 0.45484 1.0869 
v 2.87963 0.45484 0.901192 
v 2.91611 0.475688 1.0869 
v 2.91611 0.475688 0.901192 
v 3.10896 0.475688 1.0869 
v 3.10896 0.475688 0.901192 
v 3.16871 0.418356 1.0869 
v 3.16871 0.418356 0.901192 
v 1.17842 0.668939 1.09461 
v 1.22842 0.54817 1.09461 
v 1.17842 0.668939 0.902273 
v 1.23749 0.561732 0.889601 
v 1.22842 0.54817 0.902273 
v 1.87043 0.354108 0.902273 
v 1.33379 0.457119 0.902273 
v 1.33379 0.457119 1.09461 
v 1.7958 0.457119 0.902273 
v 1.7958 0.457119 1.09461 
v 1.87043 0.354108 0.902273 
v 1.87043 0.354108 1.09461 
v 2.06861 0.354108 0.902273 
v 2.06861 0.354108 1.09461 
v 2.26537 0.370511 0.891551 
v 2.26537 0.370511 1.09655 
v 1.62338 0.935985 1.24181 
v 1.61308 0.925681 1.19808 
v 1.63803 0.915345 1.19808 
v 1.63803 0.929916 1.24181 
v 1.65269 0.935985 1.24181 
v 1.66299 0.925681 1.19808 
v 1.63803 0.915345 1.19808 
v 1.63803 0.929916 1.24181 
v 1.62338 0.935985 0.758191 
v 1.61308 0.925681 0.801926 
v 1.63803 0.915345 0.801926 
v 1.63803 0.929916 0.758191 
v 1.65269 0.935985 0.758191 
v 1.66299 0.925681 0.801926 
v 2.35645 1.03703 0.994048 
v 2.44717 1.03703 0.994048 
v 2.35645 1.01017 1.05888 
v 2.44717 1.01017 1.05888 
v 2.44717 1.01017 0.929222 
v 2.35645 1.01017 0.929222 
v 1.3277 0.470681 1.10728 
v 1.80272 0.470681 1.10728 
v 1.3277 0.470681 0.889601 
v 1.63803 0.901543 1.19808 
v 1.63803 0.901543 0.801926 
v 1.68763 0.901045 1.17999 
v 1.63803 0.880503 1.17999 
v 1.58844 0.901045 0.820006 
v 1.71473 0.439911 0.905357 
v 1.71473 0.25994 0.905357 
v 1.71473 0.25994 1.08274 
v 1.79159 0.185337 0.905357 
v 1.79159 0.185337 1.08274 
v 2.13635 0.185337 1.08274 
v 2.13635 0.185337 0.905357 
v 1.53367 0.945348 1.09125 
v 1.8289 0.488181 0.889601 
v 1.89043 0.54817 1.09461 
v 1.89644 0.561732 1.10728 
v 1.89644 0.561732 0.889601 
v 1.89043 0.54817 0.902273 
v 3.40507 0.616659 0.869596 
v 1.29704 0.488181 1.10728 
v 3.40507 0.616659 1.1185 
v 1.29704 0.488181 0.889601 
v 1.6031 0.985567 0.937608 
v 1.6031 0.915705 0.937608 
v 1.6031 0.915705 0.87512 
v 1.63803 0.901237 0.937608 
v 1.63803 0.901237 0.87512 
v 1.67297 0.915705 0.937608 
v 1.67297 0.915705 0.87512 
v 1.63803 0.901237 1.06239 
v 1.63803 0.901237 1.12488 
v 1.6031 0.915705 1.06239 
v 1.6031 0.915705 1.12488 
v 1.67297 0.915705 1.06239 
v 1.67297 0.915705 1.12488 
v 1.63803 0.901237 1.06239 
v 1.63803 0.901237 1.12488 
v 1.29524 0.662664 1.10728 
v 2.77976 0.47572 0.887496 
v 3.11845 0.49552 0.887496 
v 3.11845 0.49552 1.1006 
v 2.67245 0.312439 1.1006 
v 2.08762 0.422529 0.891551 
v 2.08762 0.422529 1.09655 
v 1.22842 0.54817 0.902273 
v 1.89043 0.54817 0.902273 
v 1.89043 0.54817 1.09461 
v 1.22842 0.54817 1.09461 
v 1.98043 0.449108 0.902273 
v 1.84585 0.306979 0.907797 
v 1.84585 0.306979 1.0803 
v 1.46494 0.914367 1.08296 
v 1.73066 0.876617 0.925318 
v 0.837923 0.668939 1.09461 
v 1.73066 0.876617 1.06278 
v 0.837923 0.668939 0.902273 
v -1.05058 0.508706 0.949099 
v -1.5165 0.346306 0.949099 
v -1.40002 0.346306 0.949099 
v -1.40002 0.346306 1.039 
v -1.5165 0.346306 1.039 
v 1.67297 1.06291 0.965069 
v -0.976016 0.508366 1.05993 
v -1.72602 0.508366 1.05993 
v -0.976016 0.481077 0.994052 
v -0.976016 0.574248 1.08722 
v -1.72602 0.481077 0.994052 
v -0.976016 0.508366 0.928171 
v -1.72602 0.508366 0.928171 
v 1.17842 0.668939 0.902273 
v 1.17842 0.668939 1.09461 
v 0.837923 0.668939 1.09461 
v 0.837923 0.668939 0.902273 
v 0.746536 0.525942 1.09461 
v 0.746536 0.525942 0.902273 
v 1.49717 0.888072 0.936772 
v 0.732404 0.513856 0.933662 
v -0.444627 0.513856 0.933662 
v 0.732404 0.574248 0.908647 
v -0.444627 0.488841 0.994052 
v 0.732404 0.488841 0.994052 
v -0.444627 0.513856 1.05444 
v 0.732404 0.659654 0.994052 
v 0.732404 0.513856 1.05444 
v 0.732404 0.574248 1.07946 
v -0.472682 0.519346 0.939152 
v -0.946016 0.519346 0.939152 
v -0.946016 0.496605 0.994052 
v -0.472682 0.496605 0.994052 
v -0.946016 0.519346 1.04895 
v -0.472682 0.519346 1.04895 
v 1.76717 0.888072 0.936772 
v 1.73066 0.848148 0.994048 
v 1.73066 0.876617 0.925318 
v 1.76717 0.864348 0.994048 
v 1.73066 0.848148 0.994048 
v 1.76717 0.864348 0.994048 
v 1.76717 0.888072 1.05132 
v 1.73066 0.876617 1.06278 
v 1.58844 0.901045 0.820006 
v 1.58844 0.901045 0.87512 
v 1.63803 0.880503 0.820006 
v 1.63803 0.880503 0.87512 
v 1.68763 0.901045 0.820006 
v 1.68763 0.901045 0.87512 
v 1.70817 0.950636 0.87512 
v 1.58844 0.901045 1.12488 
v 1.63803 0.880503 1.12488 
v 1.58844 0.901045 1.17999 
v 1.63803 0.880503 1.17999 
v 1.5679 0.950636 1.12488 
v 1.68763 1.00023 1.12488 
v 1.68763 0.901045 1.17999 
v 1.68763 0.901045 1.12488 
v 1.63803 0.880503 1.17999 
v 1.63803 0.880503 1.12488 
v 2.03717 0.888072 0.936772 
v 1.76717 0.888072 0.936772 
v 2.03717 0.864348 0.994048 
v 1.76717 0.864348 0.994048 
v 2.03717 0.888072 1.05132 
v 1.76717 0.888072 1.05132 
v 1.49717 0.888072 0.936772 
v 1.53367 0.876617 0.925318 
v 1.53367 0.848148 0.994048 
v 1.49717 0.864348 0.994048 
v 1.53367 0.848148 0.994048 
v 1.49717 0.888072 1.05132 
v 1.49717 0.864348 0.994048 
v 1.53367 0.876617 1.06278 
v 0.771613 1.05452 0.994048 
v 0.647166 1.02255 1.07125 
v 0.647166 1.05452 0.994048 
v 0.771613 1.02255 1.07125 
v 0.771613 1.02255 0.916851 
v 0.647166 1.02255 0.916851 
v 2.23717 0.870316 0.919017 
v 2.34717 0.870316 0.919017 
v 2.34717 1.02038 0.919017 
v 2.23717 0.839237 0.994048 
v 2.34717 0.839237 0.994048 
v 2.34717 1.05146 0.994048 
v 2.23717 0.870316 1.06908 
v 2.34717 0.870316 1.06908 
v 2.34717 0.945348 1.10016 
v 1.22717 0.888072 1.05132 
v 1.49717 0.888072 1.05132 
v 1.22717 0.864348 0.994048 
v 1.49717 0.864348 0.994048 
v 1.22717 0.888072 0.936772 
v 1.49717 0.888072 0.936772 
v 1.22717 0.945348 0.913049 
v 1.53367 0.876617 1.06278 
v 1.73066 0.876617 1.06278 
v 1.53367 0.848148 0.994048 
v 1.73066 0.848148 0.994048 
v 1.53367 0.876617 0.925318 
v 1.73066 0.876617 0.925318 
v 0.777166 1.0875 0.994048 
v 0.777166 0.844829 0.893529 
v 1.02717 0.844829 0.893529 
v 0.777166 0.803193 0.994048 
v 1.02717 0.803193 0.994048 
v 0.777166 0.844829 1.09457 
v 1.02717 0.844829 1.09457 
v 1.22717 0.888072 0.936772 
v 1.07717 0.83366 0.882361 
v 1.07717 0.787398 0.994048 
v 1.22717 0.864348 0.994048 
v 1.22717 0.888072 1.05132 
v 1.07717 0.83366 1.10574 
v 1.63803 1.06291 1.07013 
v 1.6031 1.06291 1.03493 
v 1.63803 1.06291 1.0494 
v 1.67297 1.06291 1.03493 
v 1.58844 1.06291 1.04959 
v 1.68763 1.06291 1.04959 
v 1.58863 1.06291 1 
v 1.68743 1.06291 1 
v 1.5679 1.06291 1 
v 1.70817 1.06291 1 
v 1.6031 1.06291 0.965069 
v 1.67297 1.06291 0.965069 
v 1.58844 1.06291 0.950409 
v 1.68763 1.06291 0.950409 
v 1.63803 1.06291 0.929868 
v 1.63803 1.06291 0.950601 
v 2.03717 0.888072 0.936772 
v 2.15717 0.851559 0.900259 
v 2.15717 0.81271 0.994048 
v 2.03717 0.864348 0.994048 
v 2.03717 0.888072 1.05132 
v 2.15717 0.851559 1.08784 
v 0.777166 0.844829 0.893529 
v 0.717166 0.824725 0.873425 
v 0.717166 0.774762 0.994048 
v 0.777166 0.803193 0.994048 
v 0.777166 0.844829 1.09457 
v 0.717166 0.824725 1.11467 
v 2.34717 0.870316 0.919017 
v 2.38717 0.85531 0.90401 
v 2.38717 0.818015 0.994048 
v 2.34717 0.839237 0.994048 
v 2.34717 0.870316 1.06908 
v 2.38717 0.85531 1.08409 
v -1.5165 0.346306 1.039 
v -1.5165 0.346306 0.949099 
v -1.45826 0.375546 1.039 
v -1.45826 0.375546 0.949099 
v -1.40002 0.346306 1.039 
v -1.40002 0.346306 0.949099 
v -0.946016 0.519346 0.939152 
v -0.976016 0.508366 0.928171 
v -0.976016 0.481077 0.994052 
v -0.946016 0.496605 0.994052 
v -0.946016 0.519346 1.04895 
v -0.976016 0.508366 1.05993 
v -1.31228 0.618969 0.994053 
v -1.75601 0.605871 1.02568 
v -1.75601 0.618969 0.994052 
v -1.31228 0.605871 1.02568 
v -1.31228 0.605871 0.96243 
v -1.75601 0.605871 0.96243 
v -1.75601 0.499711 0.994052 
v -1.75601 0.521542 0.941347 
v -1.75601 0.648784 0.994052 
v -1.75601 0.626953 0.941347 
v -1.72602 0.640129 0.928171 
v -1.72602 0.574248 0.900882 
v -1.75601 0.574248 0.919517 
v -1.75601 0.521542 0.941347 
v -1.72602 0.508366 0.928171 
v -1.63298 0.508705 0.949099 
v -1.63298 0.112558 0.949099 
v -1.31228 0.618969 0.994053 
v 3.75596 0.11019 0.884567 
v 3.64596 -0.00981003 0.884567 
v -0.472682 0.629149 0.939152 
v -0.444627 0.659654 0.994052 
v -0.444627 0.634639 0.933662 
v -0.444627 0.574248 0.908647 
v -0.472682 0.574248 0.916411 
v -0.472682 0.519346 0.939152 
v -0.444627 0.513856 0.933662 
v -0.472682 0.496605 0.994052 
v -0.438894 0.540201 0.902273 
v -0.438894 0.412119 0.902273 
v 3.47758 0.537554 0.901192 
v 3.47758 0.0153919 1.0869 
v 3.47758 0.0153919 0.901192 
v 3.55596 0.41019 0.884567 
v 3.55596 0.41019 1.10353 
v 3.58596 0.65019 0.884567 
v -0.438894 0.412119 0.902273 
v -0.438894 0.540201 0.902273 
v -0.425332 0.526639 0.889601 
v -0.425332 0.418029 0.889601 
v 3.35898 0.651357 0.901192 
v 3.55596 0.41019 0.884567 
v 3.562 0.641966 0.869596 
v 3.58596 0.65019 0.884567 
v 3.562 0.641966 0.869596 
v 3.55596 0.41019 0.884567 
v 3.53233 0.40461 0.869596 
v 3.64596 -0.00981003 0.884567 
v 3.72712 0.112415 0.869596 
v 3.75596 0.11019 0.884567 
v 3.63662 0.0136799 0.869596 
v 3.47758 0.537554 0.901192 
v 3.4567 0.0353239 0.887496 
v 3.4567 0.528651 0.887496 
v 3.47758 0.0153919 0.901192 
v -0.233564 0.239763 1.10728 
v -0.238894 0.226201 0.902273 
v -0.438894 0.412119 0.902273 
v -0.425332 0.418029 0.889601 
v -0.233564 0.239763 0.889601 
v 2.55002 0.26994 0.905357 
v 2.64002 0.35994 0.905357 
v 3.55596 0.41019 0.884567 
v 3.75596 0.11019 0.884567 
v 3.72712 0.112415 0.869596 
v 3.72712 0.112415 0.869596 
v 3.53233 0.40461 0.869596 
v 3.55596 0.41019 0.884567 
v 2.44596 -0.17981 0.930815 
v 2.77343 0.0480099 0.907797 
v 2.79596 0.0401899 0.930815 
v 2.43834 -0.159206 0.907797 
v 2.44717 1.02638 0.913015 
v 2.44717 0.864314 0.913015 
v 2.44717 0.830748 0.994048 
v 2.44717 1.03703 0.994048 
v 2.44717 1.02638 1.07508 
v 2.44717 0.864314 1.07508 
v -1.28354 0.346306 0.949099 
v -1.2253 0.375546 0.949099 
v -1.28354 0.210009 0.949099 
v -1.16706 0.346306 0.949099 
v -1.16706 0.185358 0.949099 
v 2.6097 0.438924 0.930815 
v 2.6097 0.438924 1.05728 
v 2.27003 0.438924 0.930815 
v 3.53596 0.70019 0.884567 
v 3.58596 0.65019 0.884567 
v 3.562 0.641966 0.869596 
v 3.52654 0.677427 0.869596 
v 2.44717 0.864314 0.913015 
v 2.38717 0.85531 0.90401 
v 2.38717 0.945348 0.866717 
v 2.44717 0.945348 0.879449 
v 2.44717 1.02638 0.913015 
v 2.38717 1.03538 0.90401 
v 0.647166 0.84885 1.09055 
v 0.647166 0.84885 0.897551 
v 0.647166 1.02255 1.07125 
v 0.647166 0.945348 0.857579 
v 0.647166 1.04185 0.897551 
v 0.647166 1.04185 0.897551 
v 0.717166 1.06597 0.873425 
v 0.717166 0.945348 0.823462 
v 0.647166 0.945348 0.857579 
v 0.647166 0.84885 0.897551 
v 0.717166 0.824725 0.873425 
v 2.23596 -0.17981 0.930815 
v 2.64002 0.35994 0.905357 
v 2.66517 0.492558 0.891551 
v 2.68661 0.50994 0.905357 
v 2.62408 0.368583 0.891551 
v 3.35898 0.651357 0.901192 
v 3.4567 0.528651 0.887496 
v 3.35058 0.630477 0.887496 
v 3.47758 0.537554 0.901192 
v 0.771613 0.945348 1.10322 
v 2.66517 0.492558 1.09655 
v 0.770142 0.76894 0.902273 
v 0.628423 0.540201 0.902273 
v 2.79596 0.0401899 0.930815 
v 2.59275 0.41832 0.907797 
v 2.6097 0.438924 0.930815 
v 2.54282 0.287322 0.891551 
v 2.64002 0.35994 0.905357 
v 2.55002 0.26994 0.905357 
v 2.62408 0.368583 0.891551 
v 2.23717 1.02038 0.919017 
v 2.15717 1.03914 0.900259 
v 2.15717 0.945348 0.86141 
v 2.23717 0.945348 0.887938 
v 2.23717 0.870316 0.919017 
v 2.15717 0.851559 0.900259 
v 2.15717 0.81271 0.994048 
v 2.24544 -0.159206 0.907797 
v 2.74858 0.0153919 0.901192 
v 2.20874 0.568836 0.902273 
v 2.06861 0.354108 0.902273 
v -1.5165 0.112558 0.949099 
v 0.7783 0.755377 0.889601 
v 0.628423 0.540201 0.902273 
v 0.770142 0.76894 0.902273 
v 0.628423 0.540201 0.902273 
v 0.7783 0.755377 0.889601 
v 0.637169 0.526165 0.889601 
v 1.65269 1.17984 1.01465 
v 3.36596 0.01019 0.884567 
v 1.36474 0.143234 0.88808 
v 1.36474 0.143234 1.10921 
v 1.62338 1.17984 0.985349 
v 1.61308 1.1361 0.975046 
v 1.63803 1.1361 0.964709 
v 1.63803 1.17984 0.97928 
v 1.65269 1.17984 0.985349 
v 1.66299 1.1361 0.975046 
v 2.24058 0.438924 0.930815 
v 2.11506 0.145311 0.930815 
v 2.31506 -0.0646891 0.930815 
v 1.9759 0.430889 0.88808 
v 1.9759 0.430889 1.10921 
v 2.06861 0.354108 0.902273 
v 2.1837 0.555274 0.889601 
v 2.20874 0.568836 0.902273 
v 2.1837 0.555274 0.889601 
v 2.06861 0.354108 0.902273 
v 2.06127 0.36767 0.889601 
v 2.13635 0.185337 0.905357 
v 1.02717 0.844829 0.893529 
v 1.07717 0.83366 0.882361 
v 1.07717 0.945348 0.836098 
v 1.02717 0.945348 0.851893 
v 1.02717 1.04587 0.893529 
v 1.07717 1.05703 0.882361 
v 1.07717 1.1033 0.994048 
v 1.58844 1.11802 0.950409 
v -1.05058 0.185358 0.949099 
v -1.40002 0.210009 0.949099 
v 2.74858 0.0153919 0.901192 
v 3.4567 0.0353239 0.887496 
v 3.47758 0.0153919 0.901192 
v 2.76048 0.0352859 0.887496 
v 1.82311 0.143234 0.88808 
v 1.36474 0.143234 0.88808 
v 1.37548 0.161108 0.870454 
v 1.81236 0.161108 0.870454 
v 1.82311 0.143234 0.88808 
v 1.95431 0.428349 0.870454 
v 1.9759 0.430889 0.88808 
v 1.81236 0.161108 0.870454 
v 1.41379 0.226201 0.902273 
v 1.41379 0.226201 1.09461 
v 1.73066 1.01408 0.925318 
v 1.99945 0.662664 0.889601 
v 2.03954 0.568836 0.902273 
v 2.02945 0.555274 0.889601 
v 2.03954 0.568836 0.902273 
v 1.99945 0.662664 0.889601 
v 2.00954 0.676226 0.902273 
v 1.21195 0.430889 0.88808 
v 2.33797 0.26994 0.905357 
v 1.90236 0.914367 0.917039 
v 1.90236 0.666419 0.917039 
v 1.90236 1.01746 0.931273 
v 1.90236 0.948731 0.902804 
v 3.64596 -0.00981003 0.884567 
v 3.38769 0.03146 0.869596 
v 3.63662 0.0136799 0.869596 
v 3.38769 0.03146 0.869596 
v 3.64596 -0.00981003 0.884567 
v 3.36596 0.01019 0.884567 
v 2.11418 0.202719 0.891551 
v 2.07302 0.370511 0.891551 
v 2.09518 0.353129 0.905357 
v 2.13635 0.185337 0.905357 
v 2.11418 0.202719 0.891551 
v 1.79159 0.185337 0.905357 
v 1.79395 0.202719 0.891551 
v 2.13635 0.185337 0.905357 
v -0.238894 0.226201 0.902273 
v 1.38889 0.239763 0.889601 
v 1.41379 0.226201 0.902273 
v -0.233564 0.239763 0.889601 
v 1.23354 0.428349 1.12684 
v 1.23354 0.428349 0.870454 
v 1.36474 0.143234 0.88808 
v 1.21195 0.430889 0.88808 
v 1.36474 0.143234 0.88808 
v 1.23354 0.428349 0.870454 
v 1.37548 0.161108 0.870454 
v 1.53367 1.04255 0.994048 
v 2.55002 0.26994 0.905357 
v 2.33797 0.26994 0.905357 
v 2.34537 0.287322 0.891551 
v 2.54282 0.287322 0.891551 
v 2.69854 0.314116 0.901192 
v 2.79103 0.45484 0.901192 
v 2.69854 0.314116 1.0869 
v 2.82751 0.147333 1.0869 
v 2.82751 0.147333 0.901192 
v 2.91611 0.475688 0.901192 
v 3.10896 0.475688 0.901192 
v 3.16871 0.418356 0.901192 
v 3.22951 0.248098 0.901192 
v 3.22083 0.147333 0.901192 
v 3.22083 0.147333 1.0869 
v 1.17842 0.668939 0.902273 
v 1.23749 0.561732 0.889601 
v 1.22842 0.54817 0.902273 
v 1.23749 0.561732 0.889601 
v 1.17842 0.668939 0.902273 
v 1.18749 0.682501 0.889601 
v 2.06127 0.36767 0.889601 
v 1.87043 0.354108 0.902273 
v 1.87735 0.36767 0.889601 
v 2.06861 0.354108 0.902273 
v 1.76717 1.00262 0.936772 
v 1.73066 0.945348 0.896848 
v 1.73066 1.01408 0.925318 
v 1.76717 0.945348 0.913049 
v 1.73066 0.945348 1.09125 
v 2.26537 0.370511 0.891551 
v 2.09518 0.353129 0.905357 
v 2.07302 0.370511 0.891551 
v 2.25797 0.353129 0.905357 
v 1.61731 0.950636 0.758191 
v 1.63803 0.971357 0.758191 
v 1.65269 0.965288 0.758191 
v 1.62338 0.965288 0.758191 
v 1.65269 0.935985 0.758191 
v 1.65875 0.950636 0.758191 
v 1.63803 0.929916 0.758191 
v 1.62338 0.935985 0.758191 
v 1.67333 0.950636 0.801926 
v 1.88775 0.530889 0.88808 
v 1.9759 0.430889 0.88808 
v 1.95431 0.428349 0.870454 
v 1.87968 0.513015 0.870454 
v 2.35645 1.01017 1.05888 
v 2.44717 1.01017 1.05888 
v 2.35645 0.945348 1.08573 
v 2.44717 0.945348 1.08573 
v 2.44717 0.88052 1.05888 
v 2.35645 0.88052 1.05888 
v 2.44717 0.945348 1.08573 
v 2.35645 0.945348 1.08573 
v 1.80272 0.470681 1.10728 
v 1.7958 0.457119 0.902273 
v 1.3277 0.470681 0.889601 
v 1.80272 0.470681 0.889601 
v 1.3277 0.470681 0.889601 
v 1.7958 0.457119 0.902273 
v 1.33379 0.457119 0.902273 
v 1.58894 0.950636 0.801926 
v 1.61308 0.925681 0.801926 
v 1.60332 0.915922 0.801926 
v 1.63803 0.901543 0.801926 
v 1.60274 0.950636 0.801926 
v 1.63803 0.915345 0.801926 
v 1.61308 0.975591 0.801926 
v 1.66299 0.925681 0.801926 
v 1.60332 0.98535 0.801926 
v 1.67275 0.915922 0.801926 
v 1.63803 0.985928 0.801926 
v 1.68713 0.950636 0.801926 
v 1.63803 0.999729 0.801926 
v 1.67333 0.950636 0.801926 
v 1.67275 0.98535 0.801926 
v 1.66299 0.975591 0.801926 
v 1.63803 0.880503 1.17999 
v 1.49717 1.00262 0.936772 
v 1.53367 1.01408 0.925318 
v 1.53367 0.945348 0.896848 
v 1.49717 0.945348 0.913049 
v 1.60332 0.915922 0.801926 
v 1.63803 0.901543 0.801926 
v 1.63803 0.880503 0.820006 
v 1.58844 0.901045 0.820006 
v 1.68763 0.901045 0.820006 
v 1.58894 0.950636 0.801926 
v 1.67275 0.915922 0.801926 
v 1.5679 0.950636 0.820006 
v 1.68713 0.950636 0.801926 
v 1.60332 0.98535 0.801926 
v 1.70817 0.950636 0.820006 
v 1.58844 1.00023 0.820006 
v 1.63803 1.02077 0.820006 
v 1.63803 0.999729 0.801926 
v 1.67275 0.98535 0.801926 
v 1.68763 1.00023 0.820006 
v 1.63803 0.999729 0.801926 
v 1.63803 1.02077 0.820006 
v 1.71473 0.439911 0.905357 
v 1.71473 0.25994 0.905357 
v 1.53367 0.945348 1.09125 
v 1.8289 0.488181 0.889601 
v 1.87311 0.450614 0.902273 
v 1.86615 0.437148 0.889601 
v 1.80517 0.948731 0.902804 
v 1.90236 0.948731 0.902804 
v 1.90236 0.914367 0.917039 
v 1.80517 0.914367 0.917039 
v 1.80517 1.01746 0.931273 
v 1.90236 1.01746 0.931273 
v 1.90236 0.666419 0.917039 
v 1.80517 0.914367 0.917039 
v 1.80517 0.666419 0.917039 
v 1.36774 0.948731 0.902804 
v 1.46494 0.948731 0.902804 
v 1.46494 0.914367 0.917039 
v 1.36774 1.01746 0.931273 
v 1.36774 0.914367 0.917039 
v 1.46494 0.666419 0.917039 
v 1.36774 0.666419 0.917039 
v 1.46494 1.01746 0.931273 
v 1.79395 0.202719 0.891551 
v 1.71473 0.25994 0.905357 
v 1.73211 0.27316 0.891551 
v 1.79159 0.185337 0.905357 
v 1.26442 0.76894 1.09461 
v 0.770142 0.76894 0.902273 
v 1.26442 0.76894 0.902273 
v 1.25524 0.755377 0.889601 
v 0.7783 0.755377 0.889601 
v 1.23354 0.428349 0.870454 
v 1.3001 0.530889 0.88808 
v 1.30817 0.513015 0.870454 
v 1.21195 0.430889 0.88808 
v 1.23749 0.561732 0.889601 
v 1.89644 0.561732 0.889601 
v 1.89043 0.54817 0.902273 
v 1.22842 0.54817 0.902273 
v 3.40507 0.616659 0.869596 
v 3.562 0.641966 0.869596 
v 3.53233 0.40461 0.869596 
v 3.47452 0.677427 0.869596 
v 3.52654 0.677427 0.869596 
v 3.31053 0.380314 0.869596 
v 3.3785 0.215237 0.869596 
v 3.72712 0.112415 0.869596 
v 3.63662 0.0136799 0.869596 
v 3.38769 0.03146 0.869596 
v 1.30817 0.513015 0.870454 
v 1.81236 0.161108 0.870454 
v 1.37548 0.161108 0.870454 
v 1.23354 0.428349 0.870454 
v 1.87968 0.513015 0.870454 
v 1.95431 0.428349 0.870454 
v 3.47452 0.677427 1.1185 
v 1.16782 0.368563 0.902273 
v 1.29704 0.488181 0.889601 
v 1.18254 0.355001 0.889601 
v 1.28559 0.501743 0.902273 
v 3.46596 0.70019 0.884567 
v 3.53596 0.70019 0.884567 
v 3.52654 0.677427 0.869596 
v 3.47452 0.677427 0.869596 
v 2.86148 0.590184 0.887496 
v 2.77976 0.47572 0.887496 
v 2.68812 0.590142 0.887496 
v 2.87217 0.47572 0.887496 
v 2.67245 0.312439 0.887496 
v 2.90667 0.495478 0.887496 
v 2.51892 0.332699 0.887496 
v 2.93192 0.630477 0.887496 
v 2.76048 0.0352859 0.887496 
v 3.11845 0.49552 0.887496 
v 2.81555 0.127336 0.887496 
v 3.35058 0.630477 0.887496 
v 3.24006 0.127302 0.887496 
v 3.18672 0.430015 0.887496 
v 3.4567 0.0353239 0.887496 
v 3.4567 0.528651 0.887496 
v 3.25071 0.250837 0.887496 
v 0.7783 0.755377 0.889601 
v 1.18749 0.682501 0.889601 
v 0.829822 0.682501 0.889601 
v 1.18749 0.682501 0.889601 
v 0.7783 0.755377 0.889601 
v 1.25524 0.755377 0.889601 
v 1.18254 0.355001 0.889601 
v 1.29704 0.488181 0.889601 
v 1.2768 0.413425 0.889601 
v 1.3277 0.470681 0.889601 
v 1.8289 0.488181 0.889601 
v 1.38889 0.239763 0.889601 
v 0.819941 0.355001 0.889601 
v -0.233564 0.239763 0.889601 
v 0.680545 0.526639 0.889601 
v 0.728579 0.526402 0.889601 
v -0.425332 0.526639 0.889601 
v -0.425332 0.418029 0.889601 
v 1.89644 0.561732 0.889601 
v 1.99945 0.662664 0.889601 
v 2.02945 0.555274 0.889601 
v 1.72142 0.662664 0.889601 
v 1.70733 0.572045 0.889601 
v 1.23749 0.561732 0.889601 
v 1.424 0.572045 0.889601 
v 2.01148 0.435109 0.889601 
v 2.1837 0.555274 0.889601 
v 2.06127 0.36767 0.889601 
v 1.87735 0.36767 0.889601 
v 1.86615 0.437148 0.889601 
v 1.80272 0.470681 0.889601 
v 1.8289 0.488181 0.889601 
v 1.3277 0.470681 0.889601 
v 1.29524 0.662664 0.889601 
v 1.18749 0.682501 0.889601 
v 1.25524 0.755377 0.889601 
v 1.23749 0.561732 0.889601 
v 1.424 0.572045 0.889601 
v 1.4099 0.662664 0.889601 
v 1.42467 0.641554 0.889601 
v 1.72142 0.662664 0.889601 
v 1.70733 0.572045 0.889601 
v 1.70666 0.641554 0.889601 
v 0.637169 0.526165 0.889601 
v 0.7783 0.755377 0.889601 
v 0.728579 0.526402 0.889601 
v 0.829822 0.682501 0.889601 
v 2.54282 0.287322 0.891551 
v 2.26537 0.370511 0.891551 
v 2.62408 0.368583 0.891551 
v 2.34537 0.287322 0.891551 
v 2.66517 0.492558 0.891551 
v 2.13319 0.492558 0.891551 
v 2.08762 0.422529 0.891551 
v 2.07302 0.370511 0.891551 
v 1.73211 0.422529 0.891551 
v 1.79395 0.202719 0.891551 
v 1.73211 0.27316 0.891551 
v 2.11418 0.202719 0.891551 
v 2.87217 0.47572 0.887496 
v 2.79103 0.45484 0.901192 
v 2.77976 0.47572 0.887496 
v 2.87963 0.45484 0.901192 
v 2.69854 0.314116 0.901192 
v 2.91611 0.475688 0.901192 
v 2.67245 0.312439 0.887496 
v 2.90667 0.495478 0.887496 
v 2.81555 0.127336 0.887496 
v 3.10896 0.475688 0.901192 
v 2.82751 0.147333 0.901192 
v 3.11845 0.49552 0.887496 
v 3.22083 0.147333 0.901192 
v 3.18672 0.430015 0.887496 
v 3.24006 0.127302 0.887496 
v 3.16871 0.418356 0.901192 
v 3.25071 0.250837 0.887496 
v 3.22951 0.248098 0.901192 
v 2.08762 0.422529 1.09655 
v 1.98043 0.449108 0.902273 
v 2.43834 -0.159206 0.907797 
v 2.56566 0.0251649 0.907797 
v 2.77343 0.0480099 0.907797 
v 2.56566 0.09238 0.907797 
v 2.59275 0.41832 0.907797 
v 2.31216 0.41832 0.907797 
v 2.38207 -0.0852941 0.907797 
v 2.30623 -0.0852941 0.907797 
v 2.24544 -0.159206 0.907797 
v 2.09639 0.135038 0.907797 
v 1.84585 0.306979 0.907797 
v 2.03013 0.4001 0.907797 
v 1.99289 0.41832 0.907797 
v 2.07997 0.41832 0.907797 
v 1.30442 0.676226 0.902273 
v 1.41644 0.676226 0.902273 
v 1.4099 0.662664 0.889601 
v 1.29524 0.662664 0.889601 
v 1.71488 0.676226 0.902273 
v 2.00954 0.676226 0.902273 
v 1.99945 0.662664 0.889601 
v 1.71488 0.676226 0.902273 
v 1.99945 0.662664 0.889601 
v 1.72142 0.662664 0.889601 
v 3.35058 0.630477 0.887496 
v 2.92446 0.651357 0.901192 
v 3.35898 0.651357 0.901192 
v 2.92446 0.651357 0.901192 
v 3.35058 0.630477 0.887496 
v 2.93192 0.630477 0.887496 
v 1.46494 0.914367 1.08296 
v 1.73066 0.945348 0.896848 
v 1.76717 0.945348 0.913049 
v 1.76717 0.888072 0.936772 
v 1.73066 0.876617 0.925318 
v 1.3277 0.470681 0.889601 
v 1.29379 0.412119 0.902273 
v 1.2768 0.413425 0.889601 
v 1.29379 0.412119 0.902273 
v 1.3277 0.470681 0.889601 
v 1.33379 0.457119 0.902273 
v 1.73066 0.876617 1.06278 
v 0.829822 0.682501 0.889601 
v 1.18749 0.682501 0.889601 
v 1.17842 0.668939 0.902273 
v 0.837923 0.668939 0.902273 
v 2.85204 0.609974 0.901192 
v 2.68812 0.590142 0.887496 
v 2.67616 0.609974 0.901192 
v 2.68812 0.590142 0.887496 
v 2.85204 0.609974 0.901192 
v 2.86148 0.590184 0.887496 
v 2.67616 0.609974 1.0869 
v -1.16706 0.346306 0.949099 
v -1.05058 0.185358 0.949099 
v -1.16706 0.185358 0.949099 
v -1.05058 0.508706 0.949099 
v -1.2253 0.375546 0.949099 
v -1.45826 0.375546 0.949099 
v -1.63298 0.508705 0.949099 
v -1.28354 0.346306 0.949099 
v -1.5165 0.346306 0.949099 
v -1.63298 0.112558 0.949099 
v -1.5165 0.112558 0.949099 
v -1.40002 0.346306 0.949099 
v -1.40002 0.210009 0.949099 
v -1.28354 0.210009 0.949099 
v 1.84585 0.306979 0.907797 
v 2.24544 -0.159206 0.907797 
v 2.23596 -0.17981 0.930815 
v 1.81596 0.31019 0.930815 
v 2.56566 0.09238 0.907797 
v 2.54506 0.0353109 0.930815 
v 2.38207 -0.0852941 0.907797 
v 2.54506 0.085311 0.930815 
v 2.31216 0.41832 0.907797 
v 2.27003 0.438924 0.930815 
v 2.37506 -0.0646891 0.930815 
v 2.31506 -0.0646891 0.930815 
v 2.30623 -0.0852941 0.907797 
v 2.09639 0.135038 0.907797 
v 2.11506 0.145311 0.930815 
v 2.05506 0.385311 0.930815 
v 2.03013 0.4001 0.907797 
v 2.07997 0.41832 0.907797 
v 2.24058 0.438924 0.930815 
v 1.70733 0.572045 0.889601 
v 1.424 0.572045 0.889601 
v 1.43771 0.585607 0.902273 
v 1.70733 0.572045 0.889601 
v 1.43771 0.585607 0.902273 
v 1.69361 0.585607 0.902273 
v 1.4099 0.662664 0.889601 
v 1.43829 0.646225 0.902273 
v 1.42467 0.641554 0.889601 
v 1.41644 0.676226 0.902273 
v 2.03954 0.568836 0.902273 
v 2.20874 0.568836 0.902273 
v 2.1837 0.555274 0.889601 
v 2.02945 0.555274 0.889601 
v 1.42467 0.641554 0.889601 
v 1.43771 0.585607 0.902273 
v 1.424 0.572045 0.889601 
v 1.43829 0.646225 0.902273 
v 1.6031 1.06291 0.965069 
v 1.6031 1.00042 0.965069 
v 1.63803 1.00042 0.950601 
v 1.63803 1.06291 0.950601 
v 1.67297 1.00042 0.965069 
v 1.67297 1.06291 0.965069 
v -0.976016 0.481077 0.994052 
v -0.976016 0.508366 0.928171 
v -1.72602 0.508366 0.928171 
v -0.976016 0.574248 0.900882 
v -1.72602 0.574248 0.900882 
v -0.976016 0.640129 0.928171 
v -1.72602 0.640129 0.928171 
v 1.7958 0.457119 0.902273 
v 1.87735 0.36767 0.889601 
v 1.87043 0.354108 0.902273 
v 1.80272 0.470681 0.889601 
v 1.58844 1.11802 0.950409 
v 1.58844 1.06291 0.950409 
v 1.63803 1.11802 0.929868 
v 1.63803 1.06291 0.929868 
v 1.68763 1.11802 0.950409 
v 1.68763 1.06291 0.950409 
v 1.70817 1.06291 1 
v 1.88775 0.530889 0.88808 
v 1.30817 0.513015 0.870454 
v 1.3001 0.530889 0.88808 
v 1.87968 0.513015 0.870454 
v 0.673039 0.540201 0.902273 
v -0.425332 0.526639 0.889601 
v -0.438894 0.540201 0.902273 
v 0.680545 0.526639 0.889601 
v 1.87311 0.450614 0.902273 
v 1.8289 0.488181 0.889601 
v 1.8358 0.501743 0.902273 
v 1.98043 0.449108 0.902273 
v 1.86615 0.437148 0.889601 
v 2.01148 0.435109 0.889601 
v 0.746536 0.525942 0.902273 
v 2.13316 0.50994 0.905357 
v 2.68661 0.50994 0.905357 
v 2.66517 0.492558 0.891551 
v 2.13319 0.492558 0.891551 
v 1.53367 0.945348 0.896848 
v 1.49717 0.888072 0.936772 
v 1.49717 0.945348 0.913049 
v 1.53367 0.876617 0.925318 
v 1.69304 0.646225 0.902273 
v 1.72142 0.662664 0.889601 
v 1.70666 0.641554 0.889601 
v 1.71488 0.676226 0.902273 
v 0.732404 0.513856 0.933662 
v -0.444627 0.513856 0.933662 
v 0.732404 0.574248 0.908647 
v -0.444627 0.574248 0.908647 
v 0.732404 0.634639 0.933662 
v -0.444627 0.634639 0.933662 
v 0.732404 0.659654 0.994052 
v 1.8358 0.501743 0.902273 
v 1.29704 0.488181 0.889601 
v 1.28559 0.501743 0.902273 
v 1.8289 0.488181 0.889601 
v 1.69361 0.585607 0.902273 
v 1.69304 0.646225 0.902273 
v 1.70666 0.641554 0.889601 
v 1.70666 0.641554 0.889601 
v 1.70733 0.572045 0.889601 
v 1.69361 0.585607 0.902273 
v 1.71473 0.25994 0.905357 
v 1.71473 0.439911 0.905357 
v 1.73211 0.422529 0.891551 
v 1.73211 0.27316 0.891551 
v 2.08561 0.439911 0.905357 
v 1.73211 0.422529 0.891551 
v 1.71473 0.439911 0.905357 
v 2.08762 0.422529 0.891551 
v 1.25524 0.755377 0.889601 
v 1.30442 0.676226 0.902273 
v 1.29524 0.662664 0.889601 
v 1.26442 0.76894 0.902273 
v 1.89644 0.561732 0.889601 
v 2.01148 0.435109 0.889601 
v 1.98043 0.449108 0.902273 
v 1.89644 0.561732 0.889601 
v 1.98043 0.449108 0.902273 
v 1.89043 0.54817 0.902273 
v -0.472682 0.519346 0.939152 
v -0.946016 0.519346 0.939152 
v -0.472682 0.574248 0.916411 
v -0.946016 0.574248 0.916411 
v -0.472682 0.629149 0.939152 
v -0.946016 0.629149 0.939152 
v 1.73066 0.848148 0.994048 
v 1.70817 0.950636 0.87512 
v 1.63803 0.880503 1.12488 
v 1.98596 0.438924 0.930815 
v 2.34537 0.287322 0.891551 
v 2.25797 0.353129 0.905357 
v 2.26537 0.370511 0.891551 
v 2.33797 0.26994 0.905357 
v 0.819941 0.355001 0.889601 
v 1.16782 0.368563 0.902273 
v 1.18254 0.355001 0.889601 
v 0.833279 0.368563 0.902273 
v 2.03717 1.02635 0.994048 
v 2.03717 1.00262 0.936772 
v 1.76717 1.00262 0.936772 
v 2.03717 0.945348 0.913049 
v 1.76717 0.945348 0.913049 
v 2.03717 0.888072 0.936772 
v 1.76717 0.888072 0.936772 
v 1.68763 1.00023 1.12488 
v 1.63803 1.00004 1.12488 
v 1.63803 1.02077 1.12488 
v 1.67297 0.985567 1.12488 
v 1.6031 0.985567 1.12488 
v 1.70817 0.950636 1.12488 
v 1.58844 1.00023 1.12488 
v 1.68743 0.950636 1.12488 
v 1.5679 0.950636 1.12488 
v 1.68763 0.901045 1.12488 
v 1.58863 0.950636 1.12488 
v 1.67297 0.915705 1.12488 
v 1.63803 0.880503 1.12488 
v 1.63803 0.901237 1.12488 
v 1.58844 0.901045 1.12488 
v 1.6031 0.915705 1.12488 
v 1.63803 0.880503 1.12488 
v 1.63803 0.901237 1.12488 
v 0.673039 0.540201 0.902273 
v 0.728579 0.526402 0.889601 
v 0.680545 0.526639 0.889601 
v 1.29379 0.412119 0.902273 
v 1.41379 0.226201 0.902273 
v 1.38889 0.239763 0.889601 
v 1.2768 0.413425 0.889601 
v 1.49717 0.864348 0.994048 
v 0.647166 1.02255 1.07125 
v 0.771613 1.02255 1.07125 
v 0.647166 0.945348 1.10322 
v 0.771613 0.945348 1.10322 
v 0.771613 0.868149 1.07125 
v 0.647166 0.868149 1.07125 
v 0.771613 0.945348 1.10322 
v 0.647166 0.945348 1.10322 
v 2.34717 0.945348 0.887938 
v 2.23717 0.870316 0.919017 
v 2.23717 0.945348 0.887938 
v 2.34717 0.870316 0.919017 
v 2.34717 1.02038 0.919017 
v 2.23717 1.02038 0.919017 
v 2.34717 0.839237 0.994048 
v 2.34717 1.05146 0.994048 
v 2.34717 0.870316 1.06908 
v 2.34717 0.945348 1.10016 
v 2.51892 0.332699 0.887496 
v 2.76048 0.0352859 0.887496 
v 2.74858 0.0153919 0.901192 
v 2.49258 0.330639 0.901192 
v 1.22717 0.864348 0.994048 
v 1.22717 0.888072 0.936772 
v 1.49717 0.888072 0.936772 
v 1.22717 0.945348 0.913049 
v 1.49717 0.945348 0.913049 
v 1.22717 1.00262 0.936772 
v 1.49717 1.00262 0.936772 
v 1.53367 0.876617 0.925318 
v 1.73066 0.876617 0.925318 
v 1.53367 0.945348 0.896848 
v 1.73066 0.945348 0.896848 
v 1.53367 1.01408 0.925318 
v 1.73066 1.01408 0.925318 
v 2.93192 0.630477 0.887496 
v 2.86148 0.590184 0.887496 
v 2.85204 0.609974 0.901192 
v 2.85204 0.609974 0.901192 
v 2.92446 0.651357 0.901192 
v 2.93192 0.630477 0.887496 
v 1.84585 0.306979 0.907797 
v 1.98596 0.438924 0.930815 
v 1.99289 0.41832 0.907797 
v 1.81596 0.31019 0.930815 
v 0.777166 1.0875 0.994048 
v 0.777166 1.04587 0.893529 
v 1.02717 1.04587 0.893529 
v 0.777166 0.945348 0.851893 
v 1.02717 0.945348 0.851893 
v 0.777166 0.844829 0.893529 
v 1.02717 0.844829 0.893529 
v 0.777166 0.844829 1.09457 
v 0.829822 0.682501 0.889601 
v 0.746536 0.525942 0.902273 
v 0.728579 0.526402 0.889601 
v 0.837923 0.668939 0.902273 
v 0.746536 0.525942 0.902273 
v 0.819941 0.355001 0.889601 
v 0.728579 0.526402 0.889601 
v 0.833279 0.368563 0.902273 
v 1.07717 0.945348 0.836098 
v 1.22717 0.888072 0.936772 
v 1.07717 0.83366 0.882361 
v 1.22717 0.945348 0.913049 
v 1.22717 1.00262 0.936772 
v 1.07717 1.05703 0.882361 
v 2.51892 0.332699 0.887496 
v 2.67616 0.609974 0.901192 
v 2.68812 0.590142 0.887496 
v 2.49258 0.330639 0.901192 
v 2.15717 0.945348 0.86141 
v 2.03717 0.888072 0.936772 
v 2.03717 0.945348 0.913049 
v 2.03717 1.00262 0.936772 
v 2.15717 0.851559 0.900259 
v 2.15717 1.03914 0.900259 
v 3.38596 0.63019 0.884567 
v 3.47452 0.677427 0.869596 
v 3.40507 0.616659 0.869596 
v 3.46596 0.70019 0.884567 
v 3.35596 0.21019 0.884567 
v 3.28596 0.38019 0.884567 
v 3.31053 0.380314 0.869596 
v 3.31053 0.380314 0.869596 
v 3.3785 0.215237 0.869596 
v 3.35596 0.21019 0.884567 
v 3.35596 0.21019 1.10353 
v 0.717166 0.945348 0.823462 
v 0.717166 1.06597 0.873425 
v 0.777166 1.04587 0.893529 
v 0.777166 0.945348 0.851893 
v 0.777166 0.844829 0.893529 
v 0.717166 0.824725 0.873425 
v 2.38717 1.03538 0.90401 
v 2.34717 1.02038 0.919017 
v 2.38717 0.945348 0.866717 
v 2.34717 0.945348 0.887938 
v 2.34717 0.870316 0.919017 
v 2.38717 0.85531 0.90401 
v 3.38596 0.63019 0.884567 
v 3.31053 0.380314 0.869596 
v 3.28596 0.38019 0.884567 
v 3.40507 0.616659 0.869596 
v 3.35596 0.21019 0.884567 
v 3.38769 0.03146 0.869596 
v 3.36596 0.01019 0.884567 
v 3.3785 0.215237 0.869596 
v -0.946016 0.629149 0.939152 
v -0.976016 0.640129 0.928171 
v -0.976016 0.574248 0.900882 
v -0.946016 0.574248 0.916411 
v -0.946016 0.519346 0.939152 
v -0.976016 0.508366 0.928171 
v -1.75601 0.605871 1.02568 
v -1.31228 0.605871 1.02568 
v -1.75601 0.574248 1.03877 
v -1.31228 0.574248 1.03878 
v -1.75601 0.542624 1.02568 
v -1.31228 0.542624 1.02568 
v -1.31228 0.574248 1.03878 
v -1.75601 0.574248 1.03877 

vn 0.740157 -0.677165 0 
vn 0.740157 -0.677165 0 
vn 0.740157 -0.677165 0 
vn 0.740157 -0.677165 0 
vn 0.92126 0.393701 0 
vn 0.708661 -0.708661 0 
vn 0.708661 -0.708661 0 
vn 0.92126 0.393701 0 
vn 0.976378 0.228346 0 
vn 0.834646 0.551181 0 
vn 0.834646 0.551181 0 
vn 0.976378 0.228346 0 
vn 0.944882 0.322835 0 
vn 0.944882 0.322835 0 
vn 0.385827 0.92126 0 
vn 0.385827 0.92126 0 
vn 0.944882 0.322835 0 
vn 0.944882 0.322835 0 
vn 0.692913 0.724409 0 
vn 0.401575 -0.370079 -0.834646 
vn 0.401575 -0.370079 0.834646 
vn 0.299213 -0.307087 0.905512 
vn 0.472441 0.204724 0.858268 
vn 0.708661 -0.708661 0 
vn 0.708661 -0.708661 0 
vn 0.858268 -0.519685 0 
vn 0.858268 -0.519685 0 
vn 0.952756 -0.299213 0 
vn 0.952756 -0.299213 0 
vn 0.858268 -0.519685 0 
vn 0.622047 -0.173228 -0.76378 
vn 0.614173 -0.19685 -0.76378 
vn 1 0 0 
vn 1 0 0 
vn 1 0 0 
vn 1 0 0 
vn 1 0 0 
vn 1 0 0 
vn 1 0 0 
vn 1 0 0 
vn 1 0 0 
vn 1 0 0 
vn 1 0 0 
vn 1 0 0 
vn 1 0 0 
vn 1 0 0 
vn 1 0 0 
vn 1 0 0 
vn 1 0 0 
vn 1 0 0 
vn 0.850394 -0.527559 0 
vn 0.850394 -0.527559 0 
vn 1 0 0 
vn 1 0 0 
vn 0.96063 -0.283465 0 
vn 0.96063 -0.283465 0 
vn 0.535433 0.84252 0 
vn 0.535433 0.84252 0 
vn 0.19685 0.480315 -0.858268 
vn 0.204724 0 0.976378 
vn 0 -1 0 
vn 0.614173 -0.19685 -0.76378 
vn 0.614173 -0.19685 0.76378 
vn -0.850394 0.527559 0 
vn 0.614173 -0.19685 -0.76378 
vn 0.346457 0.590551 -0.724409 
vn 0.622047 -0.173228 -0.76378 
vn 0.614173 -0.19685 0.76378 
vn 0.346457 0.590551 0.724409 
vn 0.622047 -0.173228 0.76378 
vn 0.314961 0.952756 0 
vn 0.314961 0.669291 0.669291 
vn 0.314961 0 0.952756 
vn 0 -0.748031 -0.669291 
vn 0 -0.748031 0.669291 
vn 0 -1 0 
vn 0 -1 0 
vn 0.834646 -0.543307 0 
vn 0.834646 -0.543307 0 
vn 0.834646 -0.543307 0 
vn 0.834646 -0.543307 0 
vn 0.834646 -0.543307 0 
vn 0.834646 -0.543307 0 
vn 0 -1 0 
vn 0 -1 0 
vn 0 1 0 
vn 0 -1 0 
vn 0.669291 0.314961 -0.669291 
vn 0.669291 0.314961 -0.669291 
vn 0.944882 0.314961 0 
vn 0.944882 0.314961 0 
vn 0.669291 0.314961 0.669291 
vn 0.669291 0.314961 0.669291 
vn 0.866142 -0.496063 0 
vn 0.866142 -0.496063 0 
vn 0.874016 0.480315 0 
vn 0.874016 0.480315 0 
vn 0.393701 0.92126 0 
vn 0.393701 0.92126 0 
vn 0.88189 -0.472441 0 
vn 0.88189 -0.472441 0 
vn 0.88189 -0.472441 0 
vn 0.88189 -0.472441 0 
vn 0.574803 -0.370079 0.732283 
vn 0.968504 0.23622 0 
vn 0.968504 0.23622 0 
vn 0.968504 0.23622 0 
vn 0.968504 0.23622 0 
vn -0.299213 0 0.952756 
vn -0.299213 0.952756 0 
vn 0 0.755906 0.653543 
vn 0 -1 0 
vn 0 -1 0 
vn 0 -0.700787 0.708661 
vn 0 -0.566929 0.826772 
vn 0 -0.700787 -0.708661 
vn 0.622047 -0.330709 0.708661 
vn 0 -1 0 
vn 0 -1 0 
vn 0.409449 0.645669 -0.645669 
vn 0.362205 0.472441 0.80315 
vn 0.661417 0.188976 0.724409 
vn 0.362205 0.472441 -0.80315 
vn 0.661417 0.188976 -0.724409 
vn 1 0 0 
vn 1 0 0 
vn 1 0 0 
vn 1 0 0 
vn 1 0 0 
vn 1 0 0 
vn 1 0 0 
vn 1 0 0 
vn 1 0 0 
vn 1 0 0 
vn 1 0 0 
vn -0.0393701 -0.551181 -0.834646 
vn 0.606299 0.149606 0.779528 
vn -0.409449 0.913386 0 
vn 1 0.0393701 0 
vn 0.472441 -0.88189 0 
vn 1 0.0393701 0 
vn 0.440945 0.897638 0 
vn 0.440945 0.897638 0 
vn 0.472441 -0.88189 0 
vn -0.338583 -0.511811 -0.787402 
vn -0.629921 -0.259843 -0.732283 
vn 0.409449 0 0.913386 
vn 1 -0.0787402 0 
vn 0.84252 0.543307 0 
vn 1 -0.0787402 0 
vn 0.84252 0.543307 0 
vn 0.409449 -0.913386 0 
vn 0.409449 -0.913386 0 
vn 0 0 1 
vn 0.669291 0.669291 0.314961 
vn 0.669291 0.669291 0.314961 
vn 0.944882 0 0.314961 
vn 0.944882 0 0.314961 
vn 0.669291 -0.669291 0.314961 
vn 0.669291 -0.669291 0.314961 
vn 0.669291 -0.669291 -0.314961 
vn 0.669291 -0.669291 -0.314961 
vn 0.944882 0 -0.314961 
vn 0.944882 0 -0.314961 
vn 0.669291 0.669291 -0.314961 
vn 0.669291 0.669291 -0.314961 
vn 0.606299 0.795276 0 
vn 0.606299 0.795276 0 
vn 0.96063 0.267717 0 
vn 0.96063 0.267717 0 
vn 0.267717 -0.590551 0.76378 
vn 0.267717 -0.590551 -0.76378 
vn 0 0 1 
vn 0 0 -1 
vn 0 0 -1 
vn 0.464567 0.464567 0.755906 
vn 0.464567 -0.464567 0.755906 
vn 0 -0.653543 0.755906 
vn 0.748031 0.661417 0 
vn 0.748031 0.661417 0 
vn 0.748031 0.661417 0 
vn 0.748031 0.661417 0 
vn -0.409449 0 -0.913386 
vn 0 -0.19685 -0.984252 
vn 0 0 -1 
vn 0 0.708661 -0.708661 
vn 0 1 0 
vn 0 0.708661 0.708661 
vn 0.338583 0.511811 0.787402 
vn 0.338583 0.511811 -0.787402 
vn -0.259843 -0.590551 0.76378 
vn -0.259843 -0.590551 0.76378 
vn -0.259843 -0.590551 -0.76378 
vn -0.259843 -0.590551 -0.76378 
vn 0 0 -1 
vn -0.19685 0.559055 0.80315 
vn 0 0 1 
vn 0 0 1 
vn -0.19685 0.559055 -0.80315 
vn -0.708661 0.708661 0 
vn 0 -1 0 
vn 0.708661 -0.708661 0 
vn 0.708661 -0.708661 0 
vn 1 0 0 
vn 1 0 0 
vn 0.708661 0.708661 0 
vn 0.708661 0.708661 0 
vn -0.708661 0.708661 0 
vn 0.708661 0.708661 0 
vn 0.708661 0.708661 0 
vn 1 0 0 
vn 1 0 0 
vn 0.708661 -0.708661 0 
vn 0.708661 -0.708661 0 
vn 0 0 1 
vn 0 0 1 
vn 0 0 1 
vn 0 0 1 
vn 0 0 -1 
vn 0 0 -1 
vn 0 0 -1 
vn 0 0 1 
vn 0 0 1 
vn 0 0 1 
vn 0 0 -1 
vn 0 0 1 
vn -0.913386 0.409449 0 
vn 0 0 -1 
vn 0 0 -1 
vn 0.330709 0.511811 0.787402 
vn 0.330709 0.511811 -0.787402 
vn 0 0.685039 -0.732283 
vn 0 -0.19685 0.984252 
vn 0 0 1 
vn 0.283465 -0.551181 0.787402 
vn 0.409449 -0.645669 0.645669 
vn 0.283465 -0.551181 -0.787402 
vn 0 0 -1 
vn 0 0 -1 
vn 0 0 1 
vn 0.551181 0.834646 0 
vn 0.551181 0.834646 0 
vn 0.551181 0.834646 0 
vn 0.551181 0.834646 0 
vn 0.645669 0.354331 -0.677165 
vn 0.645669 0.354331 -0.677165 
vn 0.535433 -0.275591 -0.80315 
vn 0.519685 -0.291339 -0.80315 
vn 0.393701 0.385827 0.834646 
vn 0.645669 0.354331 0.677165 
vn 0.645669 0.354331 0.677165 
vn 0.535433 -0.275591 0.80315 
vn 0.519685 -0.291339 0.80315 
vn 0.393701 0.385827 -0.834646 
vn 0.559055 0.401575 0.732283 
vn 0.708661 0 -0.708661 
vn 0.708661 0 -0.708661 
vn 1 0 0 
vn 1 0 0 
vn 0.708661 0 0.708661 
vn 0.708661 0 0.708661 
vn 0 -0.708661 0.708661 
vn 0 0 -1 
vn 0 0.708661 -0.708661 
vn 0.708661 0 -0.708661 
vn 0.708661 0 -0.708661 
vn 1 0 0 
vn 1 0 0 
vn 0.708661 0 0.708661 
vn 0.708661 0 0.708661 
vn 0.480315 -0.874016 0 
vn 0.480315 -0.874016 0 
vn 0.84252 -0.535433 0 
vn 0.84252 -0.535433 0 
vn -0.251969 0.590551 -0.76378 
vn -0.409449 -0.645669 -0.645669 
vn 0 -0.708661 -0.708661 
vn 0 0.708661 -0.708661 
vn 1 -0.00787402 0 
vn 0.708661 0.700787 0 
vn 0.708661 0.700787 0 
vn 1 -0.00787402 0 
vn 1 0 0 
vn 1 0 0 
vn 1 0 0 
vn 1 0 0 
vn 1 0 0 
vn 1 0 0 
vn 1 0 0 
vn 1 0 0 
vn 1 0 0 
vn 1 0 0 
vn 1 0 0 
vn 0.811024 0.590551 0 
vn 0.811024 0.590551 0 
vn 0.811024 0.590551 0 
vn 0.811024 0.590551 0 
vn 0 1 0 
vn 0.409449 -0.913386 0 
vn 0 -1 0 
vn 0.708661 -0.708661 0 
vn 0.708661 -0.708661 0 
vn 1 0 0 
vn 1 0 0 
vn 0.708661 0.708661 0 
vn 0.708661 0.708661 0 
vn 0 -1 0 
vn -1 0 0 
vn 0.708661 0.708661 0 
vn 0.708661 0.708661 0 
vn 1 0 0 
vn 1 0 0 
vn 0.708661 -0.708661 0 
vn 0.708661 -0.708661 0 
vn 0.251969 0.535433 0.811024 
vn 0.251969 0.535433 -0.811024 
vn -0.409449 -0.913386 0 
vn 0.456693 0.889764 0 
vn 0.456693 0.889764 0 
vn 0.456693 0.889764 0 
vn 0.456693 0.889764 0 
vn 0.511811 0.858268 0 
vn 0.511811 0.858268 0 
vn 0.874016 0.480315 0 
vn 0.874016 0.480315 0 
vn 0 -1 0 
vn 0.850394 -0.527559 0 
vn 1 0 0 
vn 0.850394 -0.527559 0 
vn 1 0 0 
vn 1 0 0 
vn 1 0 0 
vn 1 0 0 
vn 1 0 0 
vn -1 0 0 
vn -1 0 0 
vn -1 0 0 
vn -1 0 0 
vn -0.527559 0 0.850394 
vn -0.527559 0.598425 0.598425 
vn -0.527559 0.598425 0.598425 
vn -0.527559 0.850394 0 
vn -0.527559 0.850394 0 
vn -0.527559 0.598425 -0.598425 
vn -0.527559 0.598425 -0.598425 
vn -0.527559 0 -0.850394 
vn -0.629921 0 0.779528 
vn -0.629921 0.779528 0 
vn -0.629921 0 -0.779528 
vn -0.267717 0.685039 -0.685039 
vn -0.267717 0.96063 0 
vn -0.267717 0.685039 -0.685039 
vn -0.267717 0.96063 0 
vn -0.267717 0.685039 0.685039 
vn -0.267717 -0.685039 -0.685039 
vn -0.267717 0.685039 0.685039 
vn -0.267717 -0.96063 0 
vn -1 0 0 
vn -1 0 0 
vn 0.92126 0.393701 0 
vn 0.92126 0.393701 0 
vn 0.944882 0.322835 0 
vn 0.944882 0.322835 0 
vn -0.685039 0 0.732283 
vn 0.92126 0.393701 0 
vn 0.692913 0.724409 0 
vn 0.92126 0.393701 0 
vn 0.692913 0.724409 0 
vn 0.472441 0.204724 0.858268 
vn 1 0 0 
vn 1 0 0 
vn 1 0 0 
vn 1 0 0 
vn 1 0 0 
vn 1 0 0 
vn 1 0 0 
vn 0.850394 -0.527559 0 
vn -0.850394 -0.527559 0 
vn 0.535433 0.84252 0 
vn 0.535433 0.84252 0 
vn 0 1 0 
vn 0 1 0 
vn 0.19685 0.480315 -0.858268 
vn 0.204724 0.692913 -0.692913 
vn 0.204724 0.692913 -0.692913 
vn 0.204724 0.976378 0 
vn 0.204724 0.976378 0 
vn 0.204724 0.692913 0.692913 
vn 0.204724 0.692913 0.692913 
vn 0.19685 0.480315 0.858268 
vn -1 0 0 
vn -1 0 0 
vn -1 0 0 
vn -1 0 0 
vn -1 0 0 
vn -1 0 0 
vn -0.440945 0 0.897638 
vn -0.440945 0.637795 0.637795 
vn -0.440945 0.637795 0.637795 
vn -0.440945 0.897638 0 
vn -0.440945 0.897638 0 
vn -0.440945 0.637795 -0.637795 
vn -0.440945 0.637795 -0.637795 
vn -0.440945 -0.637795 -0.637795 
vn -0.440945 -0.637795 0.637795 
vn 0 -1 0 
vn -0.629921 0.551181 0.551181 
vn -0.629921 0 0.779528 
vn 0.614173 -0.19685 0.76378 
vn -0.850394 0.527559 0 
vn -0.850394 0.527559 0 
vn -0.850394 0.527559 0 
vn -0.850394 0.527559 0 
vn 0.346457 0.590551 -0.724409 
vn 0.346457 0.590551 0.724409 
vn 0.314961 0.952756 0 
vn 0.314961 0.952756 0 
vn 0.314961 0.669291 0.669291 
vn 0.314961 0.669291 -0.669291 
vn 0.314961 0.669291 0.669291 
vn 0.314961 0 0.952756 
vn 0.314961 0.669291 -0.669291 
vn 0 -0.748031 -0.669291 
vn 0 -0.748031 0.669291 
vn 0 -1 0 
vn 0.834646 -0.543307 0 
vn 0.834646 -0.543307 0 
vn 0 1 0 
vn 0 1 0 
vn 0 1 0 
vn 0 1 0 
vn 0 1 0 
vn 0 1 0 
vn 0 1 0 
vn 0 1 0 
vn 0.992126 0.141732 0 
vn 0.393701 0.92126 0 
vn 0.393701 0.92126 0 
vn -0.259843 0.968504 0 
vn -0.259843 0.968504 0 
vn 0.88189 -0.472441 0 
vn 0.88189 -0.472441 0 
vn 0.574803 -0.370079 0.732283 
vn 0 1 0 
vn 0 1 0 
vn 0 1 0 
vn 0 1 0 
vn 0 1 0 
vn 0 1 0 
vn 0 1 0 
vn 0 1 0 
vn 0 1 0 
vn 0 1 0 
vn 0 1 0 
vn 0 1 0 
vn 0 1 0 
vn 0 1 0 
vn 0 1 0 
vn 0 1 0 
vn -0.299213 0.677165 -0.677165 
vn -0.299213 0.677165 -0.677165 
vn -0.299213 0.952756 0 
vn -0.299213 0.952756 0 
vn -0.299213 0.677165 0.677165 
vn -0.299213 0.677165 0.677165 
vn 0.464567 0.755906 -0.464567 
vn 0 0.755906 -0.653543 
vn 0 0.755906 -0.653543 
vn 0.464567 0.755906 -0.464567 
vn -0.464567 0.755906 -0.464567 
vn 0.653543 0.755906 0 
vn -0.464567 0.755906 -0.464567 
vn 0.653543 0.755906 0 
vn -0.653543 0.755906 0 
vn 0.464567 0.755906 0.464567 
vn -0.653543 0.755906 0 
vn 0.464567 0.755906 0.464567 
vn 0 0.755906 0.653543 
vn 0 0.755906 0.653543 
vn -0.464567 0.755906 0.464567 
vn -0.464567 0.755906 0.464567 
vn 0 0.755906 0.653543 
vn 0 0.755906 0.653543 
vn 0 -0.566929 0.826772 
vn 0.622047 -0.330709 0.708661 
vn 0.409449 0.645669 -0.645669 
vn 0.409449 0.913386 0 
vn 0.409449 0.645669 -0.645669 
vn 0.409449 0.913386 0 
vn 0.409449 0.913386 0 
vn 0.409449 0.645669 0.645669 
vn 0.409449 0.913386 0 
vn 0.409449 0.645669 0.645669 
vn 0.362205 0.472441 0.80315 
vn 0.661417 0.188976 0.724409 
vn 0.362205 0.472441 -0.80315 
vn 0.661417 0.188976 -0.724409 
vn -0.88189 -0.472441 0 
vn -0.88189 -0.472441 0 
vn 1 0 0 
vn 1 0 0 
vn 1 0 0 
vn 1 0 0 
vn -0.409449 0.645669 -0.645669 
vn -0.409449 0.913386 0 
vn -0.409449 0.645669 -0.645669 
vn -0.409449 0.913386 0 
vn -0.409449 0.645669 0.645669 
vn -0.409449 0.913386 0 
vn -0.409449 0.913386 0 
vn -0.409449 0.645669 0.645669 
vn 0.440945 0.897638 0 
vn 0.440945 0.897638 0 
vn -0.677165 0.740157 0 
vn -0.677165 0.740157 0 
vn -0.338583 -0.511811 -0.787402 
vn -0.629921 -0.259843 -0.732283 
vn -0.291339 -0.566929 -0.771654 
vn 0.409449 0 0.913386 
vn -0.456693 -0.889764 0 
vn 0 -0.622047 0.779528 
vn 0 0 1 
vn 0 0 -1 
vn -0.669291 0.669291 0.314961 
vn -0.669291 0.669291 0.314961 
vn 0 0.944882 0.314961 
vn 0 0.944882 0.314961 
vn 0.669291 0.669291 0.314961 
vn 0.669291 0.669291 0.314961 
vn -0.669291 0.669291 -0.314961 
vn -0.669291 0.669291 -0.314961 
vn 0 0.944882 -0.314961 
vn 0 0.944882 -0.314961 
vn 0.944882 0 -0.314961 
vn 0.669291 0.669291 -0.314961 
vn 0.669291 0.669291 -0.314961 
vn 0 0.944882 -0.314961 
vn 0 0.944882 -0.314961 
vn 0 1 0 
vn 0.606299 0.795276 0 
vn 0 1 0 
vn 0.606299 0.795276 0 
vn 0 0.708661 0.708661 
vn 0 0.708661 0.708661 
vn 0 1 0 
vn 0 1 0 
vn 0 0.708661 -0.708661 
vn 0 0.708661 -0.708661 
vn 0.267717 -0.590551 0.76378 
vn -0.291339 -0.566929 0.771654 
vn 0.267717 -0.590551 -0.76378 
vn 0 0 1 
vn 0 0 -1 
vn 0.464567 0.464567 0.755906 
vn -0.464567 0.464567 -0.755906 
vn -1 0 0 
vn -1 0 0 
vn -0.409449 0 0.913386 
vn 0.291339 0.566929 -0.771654 
vn 0 0.708661 -0.708661 
vn 0 0.708661 -0.708661 
vn 0 1 0 
vn 0 1 0 
vn 0 0.708661 0.708661 
vn 0 0.708661 0.708661 
vn 0 0.708661 -0.708661 
vn 0 0.708661 -0.708661 
vn 0 1 0 
vn 0 1 0 
vn 0 0.708661 0.708661 
vn 0 0.708661 0.708661 
vn 0.338583 0.511811 0.787402 
vn 0.338583 0.511811 -0.787402 
vn -0.527559 0.464567 0.708661 
vn -0.259843 -0.590551 0.76378 
vn -0.527559 0.464567 -0.708661 
vn -0.259843 -0.590551 -0.76378 
vn 0 0 -1 
vn -0.181102 0.574803 0.80315 
vn -0.19685 0.559055 0.80315 
vn 0 0 1 
vn 0 0 1 
vn -0.181102 0.574803 -0.80315 
vn -0.19685 0.559055 -0.80315 
vn -0.181102 0.488189 0.850394 
vn -0.708661 0.708661 0 
vn 0 1 0 
vn -0.708661 0.708661 0 
vn 0 1 0 
vn 0.708661 0.708661 0 
vn 0.708661 0.708661 0 
vn 0 1 0 
vn 0 1 0 
vn -0.708661 0.708661 0 
vn -0.708661 0.708661 0 
vn 0 1 0 
vn 0 1 0 
vn 0.708661 0.708661 0 
vn 0.708661 0.708661 0 
vn 0 0 1 
vn 0 0 1 
vn 0 0 1 
vn 0 0 1 
vn 0 0 1 
vn 0 0 -1 
vn 0 0 -1 
vn 0 0 -1 
vn 0 0 1 
vn 0 0 1 
vn 0 0 1 
vn 0 0 -1 
vn 0 0 1 
vn -0.913386 0.409449 0 
vn 0 0 -1 
vn 0 0 -1 
vn 0 0 -1 
vn 0 0 -1 
vn 0 0.685039 0.732283 
vn 0.330709 0.511811 0.787402 
vn 0 0 1 
vn 0 0 1 
vn 0.330709 0.511811 -0.787402 
vn 0 0.685039 -0.732283 
vn 0 0.685039 -0.732283 
vn -0.141732 0.503937 -0.850394 
vn -0.141732 0.503937 0.850394 
vn -0.11811 0.527559 -0.84252 
vn 0 0.566929 -0.818898 
vn -0.11811 0.527559 0.84252 
vn 0 0.566929 0.818898 
vn -0.606299 0.0629921 -0.795276 
vn 0 0 1 
vn 0 1 0 
vn 0.551181 0.834646 0 
vn 0 1 0 
vn 0.551181 0.834646 0 
vn 0.551181 0.834646 0 
vn 0.551181 0.834646 0 
vn 0 1 0 
vn 0 1 0 
vn -0.614173 0.338583 -0.716535 
vn -0.606299 0.354331 -0.716535 
vn -0.204724 0.708661 -0.677165 
vn -0.188976 0.708661 -0.677165 
vn 0.283465 0.661417 -0.700787 
vn 0.283465 0.661417 -0.700787 
vn -0.393701 0.385827 0.834646 
vn 0.393701 0.385827 0.834646 
vn -0.606299 0.354331 0.716535 
vn -0.614173 0.338583 0.716535 
vn -0.204724 0.708661 0.677165 
vn -0.188976 0.708661 0.677165 
vn 0.283465 0.661417 0.700787 
vn 0.283465 0.661417 0.700787 
vn 0 1 0 
vn 0 1 0 
vn 0 1 0 
vn 0 1 0 
vn 0.393701 0.385827 -0.834646 
vn -0.393701 0.385827 -0.834646 
vn 0.559055 0.401575 0.732283 
vn -0.708661 0 -0.708661 
vn 0.708661 0 -0.708661 
vn 0 0 1 
vn 0 0 -1 
vn 0 0.708661 -0.708661 
vn 0 0.708661 -0.708661 
vn 0 1 0 
vn 0 1 0 
vn 0 0.708661 0.708661 
vn 0 0.708661 0.708661 
vn 0.708661 0 -0.708661 
vn 1 0 0 
vn 0.84252 -0.535433 0 
vn 0.84252 -0.535433 0 
vn -0.251969 0.590551 -0.76378 
vn -0.251969 0.590551 0.76378 
vn -0.559055 0.401575 -0.732283 
vn 0 -0.708661 -0.708661 
vn 0 0 -1 
vn 0 0.708661 -0.708661 
vn 0 0.708661 -0.708661 
vn 0 1 0 
vn 0 0 1 
vn 0 1 0 
vn 0 0.708661 0.708661 
vn 0 0.708661 0.708661 
vn 0.708661 0.700787 0 
vn 0.708661 0.700787 0 
vn -0.708661 0.700787 0 
vn -0.708661 0.700787 0 
vn 0 0 -1 
vn 0 0.708661 -0.708661 
vn 0 0.708661 -0.708661 
vn 0 1 0 
vn 0 1 0 
vn 0 0.708661 0.708661 
vn 0 0.708661 0.708661 
vn -0.259843 0.968504 0 
vn 0 1 0 
vn -0.259843 0.968504 0 
vn 0 1 0 
vn -0.259843 0.968504 0 
vn -0.259843 0.968504 0 
vn 0 1 0 
vn 0 1 0 
vn -0.708661 0.708661 0 
vn 0 1 0 
vn 0 1 0 
vn -0.708661 0.708661 0 
vn 1 0 0 
vn 0.708661 0.708661 0 
vn 0.708661 0.708661 0 
vn 0 1 0 
vn 0 1 0 
vn -1 0 0 
vn -0.708661 0.708661 0 
vn -0.708661 0.708661 0 
vn 0 1 0 
vn 0 1 0 
vn 0.708661 0.708661 0 
vn 0.708661 0.708661 0 
vn -0.228346 0.692913 -0.685039 
vn 0.149606 0.015748 -0.992126 
vn 0.141732 0.0708661 -0.984252 
vn -0.228346 0.692913 -0.685039 
vn 0.393701 0.566929 -0.724409 
vn 0 0.748031 -0.669291 
vn 0 0.748031 -0.669291 
vn 0.346457 0.590551 -0.724409 
vn 0.393701 0.566929 0.724409 
vn 0 0.748031 0.669291 
vn 0 0.748031 0.669291 
vn 0.346457 0.590551 0.724409 
vn 0.141732 0.0708661 0.984252 
vn -0.228346 0.692913 0.685039 
vn -0.228346 0.692913 0.685039 
vn 0.149606 0.015748 0.992126 
vn 0 1 0 
vn 0 1 0 
vn 0 1 0 
vn 0 1 0 
vn 0.251969 0.535433 0.811024 
vn 0.251969 0.535433 -0.811024 
vn 0 0 1 
vn 0 0.708661 0.708661 
vn 0 0.708661 0.708661 
vn 0 1 0 
vn 0 1 0 
vn 0 0.708661 -0.708661 
vn 0 0.708661 -0.708661 
vn 0.0944882 0.992126 0 
vn 0 1 0 
vn 0 1 0 
vn 0.0944882 0.992126 0 
vn 0.188976 0.984252 0 
vn 0.188976 0.984252 0 
vn 0.0393701 0.755906 -0.653543 
vn 0.102362 0.866142 -0.488189 
vn 0.102362 0.866142 -0.488189 
vn 0.0393701 0.755906 0.653543 
vn 0.102362 0.866142 0.488189 
vn 0.102362 0.866142 0.488189 
vn -0.629921 0.551181 0.551181 
vn 0 0.708661 0.708661 
vn -0.629921 0.779528 0 
vn 0 1 0 
vn -0.629921 0.551181 -0.551181 
vn 0 0.708661 -0.708661 
vn 0 0.708661 -0.708661 
vn 0 0.708661 -0.708661 
vn 0 -1 0 
vn 0 1 0 
vn 0 1 0 
vn 0 -0.708661 0.708661 
vn 0 0 1 
vn 0 0.708661 0.708661 
vn 0 0.708661 0.708661 
vn 0 1 0 
vn -0.464567 0.88189 0 
vn -0.464567 0.88189 0 
vn 0 1 0 
vn 0.456693 0.889764 0 
vn 0.456693 0.889764 0 
vn 0.456693 0.889764 0 
vn -0.913386 0.409449 0 
vn -0.913386 0.409449 0 
vn 0.456693 0.889764 0 
vn -0.409449 0.913386 0 
vn -0.409449 0.913386 0 
vn -0.409449 0.913386 0 
vn -0.409449 0.913386 0 
vn 0.511811 0.858268 0 
vn 0.511811 0.858268 0 
vn 0 -1 0 
vn 0 0.708661 -0.708661 
vn 0 0.708661 -0.708661 
vn 0 1 0 
vn 0 1 0 
vn 0 0.708661 0.708661 
vn 0 0.708661 0.708661 
vn 0 0.708661 -0.708661 
vn 0 0.708661 -0.708661 
vn 0 1 0 
vn 0 1 0 
vn 0 0.708661 0.708661 
vn 0 0.708661 0.708661 
vn -0.464567 0.88189 0 
vn 0 1 0 
vn 0 1 0 
vn -0.464567 0.88189 0 
vn 0 0.708661 0.708661 
vn 0 0.708661 0.708661 
vn 0 1 0 
vn 0 1 0 
vn 0 0.708661 -0.708661 
vn 0 0.708661 -0.708661 
vn 0 -0.708661 0.708661 
vn 0.456693 0.629921 -0.629921 
vn 0.456693 0.629921 -0.629921 
vn 0.456693 0.889764 0 
vn 0.456693 0.889764 0 
vn 0.456693 0.629921 0.629921 
vn 0.456693 0.629921 0.629921 
vn -0.992126 0.110236 0 
vn -0.992126 0.110236 0 
vn -0.314961 0.944882 0 
vn -0.314961 0.944882 0 
vn 0.992126 0.141732 0 
vn 0.992126 0.141732 0 
vn 0.440945 0.897638 0 
vn -0.677165 0.740157 0 
vn -0.677165 0.740157 0 
vn 0.440945 0.897638 0 
vn -0.393701 0.645669 -0.645669 
vn -0.393701 0.645669 -0.645669 
vn -0.393701 0.92126 0 
vn -0.393701 0.92126 0 
vn -0.393701 0.645669 0.645669 
vn -0.393701 0.645669 0.645669 
vn -0.440945 0.314961 -0.84252 
vn -0.440945 0.314961 0.84252 
vn 0.425197 0.637795 -0.637795 
vn 0.425197 0.637795 -0.637795 
vn 0.425197 0.905512 0 
vn 0.425197 0.905512 0 
vn 0.425197 0.637795 0.637795 
vn 0.425197 0.637795 0.637795 
vn -0.472441 0.88189 0 
vn -0.472441 0.622047 -0.622047 
vn -0.472441 0.622047 -0.622047 
vn -0.472441 0.88189 0 
vn -0.472441 0.622047 0.622047 
vn -0.472441 0.622047 0.622047 
vn -0.259843 0.968504 0 
vn -0.866142 0.496063 0 
vn -0.866142 0.496063 0 
vn -0.259843 0.968504 0 
vn -0.818898 0.574803 0 
vn -0.818898 0.574803 0 
vn -0.354331 0.937008 0 
vn -0.354331 0.937008 0 
vn 0.385827 0.92126 0 
vn 0.385827 0.92126 0 
vn 0.456693 0.889764 0 
vn 0.456693 0.629921 0.629921 
vn 0.456693 0.889764 0 
vn 0.456693 0.629921 -0.629921 
vn 0.456693 0.629921 0.629921 
vn 0.456693 0.629921 -0.629921 
vn -0.629921 0.551181 0.551181 
vn 0 0.708661 0.708661 
vn 0 1 0 
vn -0.629921 0.779528 0 
vn 0 0.708661 -0.708661 
vn -0.629921 0.551181 -0.551181 
vn -1 0 0 
vn -1 0 0 
vn -1 0 0 
vn -1 0 0 
vn -0.527559 0 0.850394 
vn -0.527559 0 0.850394 
vn -0.527559 0.598425 0.598425 
vn -0.527559 0.598425 0.598425 
vn -0.527559 -0.850394 0 
vn -0.527559 -0.598425 0.598425 
vn -0.527559 -0.598425 0.598425 
vn -0.527559 0 0.850394 
vn -0.527559 0 0.850394 
vn -1 0 0 
vn -1 0 0 
vn -0.629921 0 0.779528 
vn -0.629921 -0.779528 0 
vn 0.740157 -0.677165 0 
vn 0.740157 -0.677165 0 
vn -0.267717 0.685039 0.685039 
vn -0.267717 0.685039 0.685039 
vn -0.267717 0 0.96063 
vn -0.267717 0 0.96063 
vn -0.267717 -0.685039 0.685039 
vn -0.267717 -0.685039 0.685039 
vn -0.267717 0 0.96063 
vn -0.267717 0 0.96063 
vn -1 0 0 
vn -1 0 0 
vn 0.708661 -0.708661 0 
vn 0.708661 -0.708661 0 
vn 0.92126 0.393701 0 
vn 0.976378 0.228346 0 
vn 0.976378 0.228346 0 
vn 0.944882 0.322835 0 
vn -0.685039 0 0.732283 
vn -0.685039 0 0.732283 
vn -0.685039 0 0.732283 
vn -0.685039 0 0.732283 
vn 0.692913 0.724409 0 
vn 0.511811 0.11811 0.850394 
vn 0.480315 0.165354 0.858268 
vn 0.511811 0.11811 0.850394 
vn 0.480315 0.165354 0.858268 
vn 0.401575 -0.370079 0.834646 
vn 0.401575 -0.370079 0.834646 
vn 0.401575 -0.370079 0.834646 
vn 0.401575 -0.370079 0.834646 
vn 0.401575 -0.370079 0.834646 
vn 0.401575 -0.370079 0.834646 
vn 0.472441 0.204724 0.858268 
vn 0.299213 -0.307087 0.905512 
vn 0.307087 -0.299213 0.905512 
vn 0.472441 0.204724 0.858268 
vn -0.464567 -0.503937 0.732283 
vn -0.464567 -0.503937 0.732283 
vn -0.464567 -0.503937 0.732283 
vn -0.464567 -0.503937 0.732283 
vn -0.464567 -0.503937 -0.732283 
vn 0.708661 -0.708661 0 
vn 0.511811 0.11811 0.850394 
vn 0.456693 0.307087 0.834646 
vn 0.456693 0.307087 0.834646 
vn 0.456693 0.307087 0.834646 
vn 0.511811 0.11811 0.850394 
vn 0.511811 0.11811 0.850394 
vn 0.401575 -0.637795 0.653543 
vn 0.622047 -0.173228 0.76378 
vn 0.401575 -0.637795 0.653543 
vn 1 0 0 
vn 1 0 0 
vn 1 0 0 
vn 1 0 0 
vn 1 0 0 
vn 0.850394 -0.527559 0 
vn 0 -1 0 
vn 0.850394 -0.527559 0 
vn 1 0 0 
vn -0.850394 -0.527559 0 
vn -1 0 0 
vn 0.535433 0.84252 0 
vn 0 1 0 
vn 0.19685 0.480315 -0.858268 
vn 0.204724 -0.692913 0.692913 
vn 0.204724 -0.692913 0.692913 
vn 0.204724 0 0.976378 
vn 0.204724 0 0.976378 
vn 0.204724 0.692913 0.692913 
vn 0.204724 0.692913 0.692913 
vn 0.204724 0 0.976378 
vn 0.204724 0 0.976378 
vn 0.19685 0.480315 0.858268 
vn 0.480315 0.165354 0.858268 
vn 0.480315 0.165354 0.858268 
vn 0.19685 0.480315 0.858268 
vn -1 0 0 
vn -1 0 0 
vn -1 0 0 
vn -1 0 0 
vn -1 0 0 
vn -0.440945 0 0.897638 
vn -0.440945 0 0.897638 
vn -0.440945 0.637795 0.637795 
vn -0.440945 0.637795 0.637795 
vn -0.440945 -0.637795 0.637795 
vn -0.440945 -0.637795 0.637795 
vn -0.440945 0 0.897638 
vn -0.440945 0 0.897638 
vn 0.377953 0.393701 0.834646 
vn 0.472441 0.204724 0.858268 
vn 0.472441 0.204724 0.858268 
vn 0.377953 0.393701 0.834646 
vn -0.629921 0.551181 0.551181 
vn -0.629921 -0.551181 0.551181 
vn 0.228346 -0.543307 0.80315 
vn 0.535433 -0.314961 0.779528 
vn 0.527559 -0.322835 0.787402 
vn 0.228346 -0.543307 0.80315 
vn 0.614173 -0.19685 0.76378 
vn 0.614173 -0.19685 0.76378 
vn -0.850394 0.527559 0 
vn -0.850394 0.527559 0 
vn 0.614173 -0.19685 0.76378 
vn 0.393701 0.566929 0.724409 
vn 0.346457 0.590551 0.724409 
vn 0.314961 0.952756 0 
vn 0.314961 0.952756 0 
vn 0.314961 0.669291 0.669291 
vn 0.314961 0.669291 0.669291 
vn 0.314961 0 0.952756 
vn 0.314961 0 0.952756 
vn 0.314961 -0.669291 0.669291 
vn 0.314961 -0.669291 0.669291 
vn 0.314961 0 0.952756 
vn 0.314961 0 0.952756 
vn 0 -0.748031 0.669291 
vn 0 -1 0 
vn 0.834646 -0.543307 0 
vn 0.834646 -0.543307 0 
vn 0 -1 0 
vn -0.559055 0.346457 0.748031 
vn -0.559055 0.346457 0.748031 
vn -0.559055 0.346457 0.748031 
vn -0.559055 0.346457 0.748031 
vn -0.0708661 -1 0 
vn 0 -1 0 
vn 0 -1 0 
vn 0 -1 0 
vn -0.669291 0.314961 0.669291 
vn -0.669291 0.314961 0.669291 
vn 0 0.314961 0.944882 
vn 0 0.314961 0.944882 
vn 0.669291 0.314961 0.669291 
vn 0.669291 0.314961 0.669291 
vn 0 0.314961 0.944882 
vn 0 0.314961 0.944882 
vn 0.866142 -0.496063 0 
vn 0.874016 0.480315 0 
vn 0.874016 0.480315 0 
vn 0.393701 0.92126 0 
vn 0.393701 0.92126 0 
vn 0.88189 -0.472441 0 
vn 0.88189 -0.472441 0 
vn 0.574803 -0.370079 0.732283 
vn 0.574803 -0.370079 0.732283 
vn 0.574803 -0.370079 0.732283 
vn 0.574803 -0.370079 0.732283 
vn 0.574803 -0.370079 0.732283 
vn 0.574803 -0.370079 0.732283 
vn 0.968504 0.23622 0 
vn 0.968504 0.23622 0 
vn -0.299213 -0.677165 0.677165 
vn -0.299213 -0.677165 0.677165 
vn -0.299213 0 0.952756 
vn -0.299213 0 0.952756 
vn -0.299213 0.952756 0 
vn -0.299213 0.677165 0.677165 
vn -0.299213 0.677165 0.677165 
vn -0.299213 0 0.952756 
vn -0.299213 0 0.952756 
vn 0 -1 0 
vn 0 -1 0 
vn 0 -0.700787 0.708661 
vn 0 -0.700787 0.708661 
vn 0 -0.700787 0.708661 
vn 0 -0.700787 0.708661 
vn 0 -0.566929 0.826772 
vn 0.307087 -0.299213 0.905512 
vn 0.299213 -0.307087 0.905512 
vn 0 -0.566929 0.826772 
vn 0.622047 -0.330709 0.708661 
vn 0.622047 -0.330709 0.708661 
vn 0.622047 -0.330709 0.708661 
vn 0.622047 -0.330709 0.708661 
vn 0.622047 -0.330709 0.708661 
vn 0.622047 -0.330709 0.708661 
vn 0 -1 0 
vn 0 -1 0 
vn 0.362205 0.472441 0.80315 
vn 0.661417 0.188976 0.724409 
vn 0.661417 0.188976 0.724409 
vn 0.661417 0.188976 0.724409 
vn 0.362205 0.480315 0.80315 
vn 0.362205 0.472441 0.80315 
vn -0.88189 -0.472441 0 
vn 0 -1 0 
vn 1 0 0 
vn 1 0 0 
vn 1 0 0 
vn -0.0393701 -0.551181 0.834646 
vn -0.0393701 -0.551181 0.834646 
vn -0.0393701 -0.551181 0.834646 
vn -0.0393701 -0.551181 0.834646 
vn -0.0393701 -0.551181 0.834646 
vn -0.0393701 -0.551181 0.834646 
vn 0.606299 0.149606 0.779528 
vn 0.606299 0.149606 0.779528 
vn 0.606299 0.149606 0.779528 
vn 0.606299 0.149606 0.779528 
vn 0 -0.685039 0.732283 
vn 0 -0.685039 0.732283 
vn 0 -0.685039 0.732283 
vn 0 -0.685039 0.732283 
vn -0.19685 -0.551181 0.811024 
vn 0 -0.622047 0.779528 
vn 0 -0.622047 0.779528 
vn -0.251969 -0.527559 0.811024 
vn -0.622047 -0.330709 0.708661 
vn -0.622047 -0.330709 0.708661 
vn -0.622047 -0.330709 0.708661 
vn -0.622047 -0.330709 0.708661 
vn -0.409449 0.913386 0 
vn 0.228346 -0.543307 0.80315 
vn 0 -0.622047 0.779528 
vn 0 -0.622047 0.779528 
vn 0.228346 -0.543307 0.80315 
vn 1 0.0393701 0 
vn 1 0.0393701 0 
vn 0.440945 0.897638 0 
vn 0.440945 0.897638 0 
vn 0.472441 -0.88189 0 
vn 0.259843 -0.968504 0 
vn -0.370079 -0.929134 0 
vn -0.84252 -0.543307 0 
vn -0.992126 -0.125984 0 
vn -0.677165 0.740157 0 
vn -0.677165 0.740157 0 
vn -0.338583 -0.511811 0.787402 
vn -0.629921 -0.259843 0.732283 
vn -0.629921 -0.259843 0.732283 
vn -0.629921 -0.259843 0.732283 
vn -0.338583 -0.511811 0.787402 
vn -0.338583 -0.511811 0.787402 
vn -0.338583 -0.511811 -0.787402 
vn -0.629921 -0.259843 -0.732283 
vn -0.291339 -0.566929 0.771654 
vn 0 -0.685039 0.732283 
vn 0 -0.685039 0.732283 
vn -0.291339 -0.566929 0.771654 
vn 0 -0.685039 0.732283 
vn -0.291339 -0.566929 0.771654 
vn 0.409449 0 0.913386 
vn 0.409449 0 0.913386 
vn 0.409449 0.645669 0.645669 
vn 0.409449 0.645669 0.645669 
vn -0.456693 -0.889764 0 
vn 0 -0.622047 0.779528 
vn 0 -0.622047 0.779528 
vn 0 -0.622047 0.779528 
vn 0 -0.622047 0.779528 
vn 0 0 1 
vn 0 0 1 
vn 0 0 1 
vn 0 0 1 
vn 0 0 1 
vn 0 0 1 
vn 0 0 1 
vn 0 0 1 
vn 0.669291 0.669291 0.314961 
vn 0.527559 0.464567 0.708661 
vn 0.527559 0.464567 0.708661 
vn 0.527559 0.464567 0.708661 
vn 0.527559 0.464567 0.708661 
vn 0 -0.708661 0.708661 
vn 0 -0.708661 0.708661 
vn 0 0 1 
vn 0 0 1 
vn 0 0.708661 0.708661 
vn 0 0.708661 0.708661 
vn -0.291339 -0.566929 0.771654 
vn 0.267717 -0.590551 0.76378 
vn 0.267717 -0.590551 0.76378 
vn -0.291339 -0.566929 0.771654 
vn 0 0 1 
vn 0 0 1 
vn 0 0 1 
vn 0 0 1 
vn 0 0 1 
vn 0 0 1 
vn 0 0 1 
vn 0 0 1 
vn 0 0 1 
vn 0 0 1 
vn 0 0 1 
vn 0 0 1 
vn 0 0 1 
vn 0 0 1 
vn 0 0 1 
vn 0 0 1 
vn 0 0 1 
vn 0 0 1 
vn 0.464567 0.464567 0.755906 
vn 0 0.653543 0.755906 
vn 0.464567 0.464567 0.755906 
vn 0 0.653543 0.755906 
vn 0.653543 0 0.755906 
vn -0.464567 0.464567 0.755906 
vn 0.653543 0 0.755906 
vn -0.464567 0.464567 0.755906 
vn 0.464567 -0.464567 0.755906 
vn -0.653543 0 0.755906 
vn 0.464567 -0.464567 0.755906 
vn 0 -0.653543 0.755906 
vn 0 -0.653543 0.755906 
vn -0.653543 0 0.755906 
vn -0.464567 -0.464567 0.755906 
vn -0.464567 -0.464567 0.755906 
vn 0 -0.653543 0.755906 
vn 0 -0.653543 0.755906 
vn -0.92126 -0.385827 0 
vn -1 0 0 
vn -0.409449 0 0.913386 
vn -0.409449 0.645669 0.645669 
vn -0.409449 0 0.913386 
vn -0.409449 0.645669 0.645669 
vn 0.291339 0.566929 0.771654 
vn 0.291339 0.566929 0.76378 
vn 0.291339 0.566929 0.771654 
vn 0.291339 0.566929 0.76378 
vn 0.291339 0.566929 0.771654 
vn 0.291339 0.566929 0.76378 
vn 0.291339 0.566929 -0.771654 
vn 0 0.708661 0.708661 
vn 0 0.708661 0.708661 
vn 0 0 1 
vn 0 0 1 
vn 0 0.708661 -0.708661 
vn 0 0.708661 0.708661 
vn 0 0.708661 0.708661 
vn 0 0 1 
vn 0 0 1 
vn -1 0 0 
vn -0.251969 -0.527559 0.811024 
vn -0.559055 -0.188976 0.80315 
vn -0.535433 -0.251969 0.811024 
vn -0.19685 -0.551181 0.811024 
vn 0.330709 0.511811 0.787402 
vn 0 0.685039 0.732283 
vn 0 0.685039 0.732283 
vn 0 0.685039 0.732283 
vn 0.330709 0.511811 0.787402 
vn 0.338583 0.511811 0.787402 
vn -0.527559 0.464567 0.708661 
vn -0.527559 0.464567 0.708661 
vn -0.527559 0.464567 0.708661 
vn -0.527559 0.464567 0.708661 
vn -0.259843 -0.590551 0.76378 
vn 0 -0.685039 0.732283 
vn 0 -0.685039 0.732283 
vn -0.259843 -0.590551 0.76378 
vn -0.259843 -0.590551 -0.76378 
vn 0 0 1 
vn 0 0 1 
vn 0 0 1 
vn 0 0 1 
vn 0 0 1 
vn 0 0 1 
vn -0.181102 0.574803 0.80315 
vn -0.19685 0.559055 0.80315 
vn -0.259843 0.511811 0.818898 
vn -0.275591 0.503937 0.818898 
vn 0 0 1 
vn 0 0 1 
vn 0 0 1 
vn 0 0 1 
vn 0 0 1 
vn 0 0 1 
vn 0 0 1 
vn 0 0 1 
vn 0 0 1 
vn 0 0 1 
vn 0.19685 0.480315 0.858268 
vn -0.181102 0.488189 0.850394 
vn -0.181102 0.488189 0.850394 
vn 0.19685 0.480315 0.858268 
vn 0 0 1 
vn 0 0 1 
vn 0 0 1 
vn 0 0 1 
vn 0 0 1 
vn 0 0 1 
vn 0 0 1 
vn 0 0 1 
vn 0 0 1 
vn 0 0 1 
vn 0 0 1 
vn 0 0 1 
vn 0 0 1 
vn 0 0 1 
vn 0 0 1 
vn 0 0 1 
vn 0 0 1 
vn 0 0 1 
vn 0 0 1 
vn 0 0 1 
vn 0 0 1 
vn 0 0 1 
vn 0 0 1 
vn 0 0 1 
vn 0 0 1 
vn 0 0 1 
vn 0 0 1 
vn 0 0 1 
vn 0 0 1 
vn 0 0 1 
vn 0 0 1 
vn 0 0 1 
vn 0 0 1 
vn 0 0 1 
vn 0 0 1 
vn 0 0 1 
vn 0 0 1 
vn 0 0 1 
vn 0 0 1 
vn 0 0 1 
vn 0 0 1 
vn 0 0 1 
vn 0 0 1 
vn 0 0 1 
vn 0 0 1 
vn 0 0 1 
vn 0 0 1 
vn 0 0 1 
vn 0 0 1 
vn 0 0 1 
vn 0 0 1 
vn 0 0 1 
vn 0 0 1 
vn 0 0 1 
vn 0 0 1 
vn 0 0 1 
vn 0 0 1 
vn 0 0 1 
vn 0 0 1 
vn 0 0 1 
vn 0 0 1 
vn 0 0 1 
vn 0 0 -1 
vn 0 0 1 
vn 0 0 1 
vn 0 0 1 
vn 0 0 1 
vn 0 0 1 
vn 0 0 1 
vn 0 0 1 
vn 0 0 1 
vn 0 0 1 
vn 0 0 1 
vn 0 0 1 
vn 0 0 1 
vn 0.228346 0.448819 0.858268 
vn -0.299213 0.322835 0.897638 
vn -0.291339 0.330709 0.897638 
vn -0.535433 -0.0708661 0.84252 
vn 0.212598 0.464567 0.858268 
vn -0.535433 -0.0708661 0.84252 
vn 0.464567 0.00787402 0.88189 
vn -0.448819 -0.291339 0.84252 
vn 0.464567 0.023622 0.88189 
vn -0.448819 -0.291339 0.84252 
vn 0.23622 -0.440945 0.866142 
vn -0.188976 -0.496063 0.850394 
vn 0.23622 -0.440945 0.866142 
vn -0.204724 -0.488189 0.850394 
vn 0.125984 -0.511811 0.850394 
vn 0.149606 -0.511811 0.84252 
vn 0.141732 -0.503937 0.850394 
vn 0.11811 -0.527559 0.84252 
vn 0 0.685039 0.732283 
vn 0 0.685039 0.732283 
vn 0 0.685039 0.732283 
vn 0 0.685039 0.732283 
vn 0 0.685039 0.732283 
vn 0 0.685039 0.732283 
vn 0 0.685039 0.732283 
vn 0.330709 0.511811 0.787402 
vn 0.338583 0.511811 0.787402 
vn 0.330709 0.511811 0.787402 
vn 0 0.685039 0.732283 
vn 0 0.685039 0.732283 
vn 0 0 1 
vn 0 0 1 
vn 0 0 1 
vn 0 0 1 
vn 0 0 1 
vn 0 0 1 
vn 0 0 1 
vn 0 0 1 
vn 0 0 1 
vn 0 0 1 
vn 0 0 1 
vn 0 0 1 
vn 0 0 1 
vn 0 0 1 
vn 0 -0.19685 0.984252 
vn 0 -0.19685 0.984252 
vn 0 0 1 
vn 0 0 1 
vn 0 -0.19685 0.984252 
vn 0 0 1 
vn 0 0 1 
vn 0 -0.19685 0.984252 
vn 0 -0.19685 0.984252 
vn 0 0 1 
vn 0 0 1 
vn 0 0 1 
vn 0 0 1 
vn 0 0.551181 0.834646 
vn -0.141732 0.503937 0.850394 
vn -0.125984 0.511811 0.850394 
vn -0.141732 0.503937 0.850394 
vn 0 0.551181 0.834646 
vn 0 0.551181 0.834646 
vn 0.267717 -0.590551 0.76378 
vn 0.598425 -0.0472441 0.80315 
vn 0.598425 -0.0472441 0.80315 
vn 0.267717 -0.590551 0.76378 
vn 0.598425 -0.0472441 0.80315 
vn 0.267717 -0.590551 0.76378 
vn 0.299213 -0.543307 0.787402 
vn -0.338583 -0.511811 0.787402 
vn -0.338583 -0.511811 0.787402 
vn 0.283465 -0.551181 0.787402 
vn 0.409449 -0.645669 0.645669 
vn 0.409449 0 0.913386 
vn 0.409449 -0.645669 0.645669 
vn 0.409449 0 0.913386 
vn 0 0.566929 0.818898 
vn -0.149606 0.511811 0.84252 
vn -0.11811 0.527559 0.84252 
vn 0 0.566929 0.818898 
vn -0.11811 0.527559 0.84252 
vn 0 0.566929 0.818898 
vn 0 0 1 
vn 0 0 1 
vn 0 0 1 
vn 0 0 1 
vn 0 0 1 
vn 0 0 1 
vn 0 0 1 
vn 0 0 1 
vn 0 0 1 
vn 0 0 1 
vn 0 0 1 
vn 0 0 1 
vn 0 0 1 
vn 0 0 1 
vn -0.606299 0.0629921 0.795276 
vn -0.566929 -0.488189 0.669291 
vn -0.566929 -0.488189 0.669291 
vn -0.606299 0.0629921 0.795276 
vn -0.606299 0.354331 -0.716535 
vn -0.393701 0.385827 0.834646 
vn 0.393701 0.385827 0.834646 
vn -0.393701 0.385827 0.834646 
vn 0.393701 0.385827 0.834646 
vn -0.393701 0.385827 0.834646 
vn 0.393701 0.385827 0.834646 
vn -0.590551 -0.456693 0.669291 
vn -0.685039 -0.23622 0.685039 
vn -0.685039 -0.23622 0.685039 
vn -0.590551 -0.456693 0.669291 
vn -0.606299 0.354331 0.716535 
vn -0.204724 0.708661 0.677165 
vn -0.188976 0.708661 0.677165 
vn 0.283465 0.661417 0.700787 
vn 0.283465 0.661417 0.700787 
vn 0.645669 0.354331 0.677165 
vn 0.645669 0.354331 0.677165 
vn 0.535433 -0.275591 0.80315 
vn 0.519685 -0.291339 0.80315 
vn 0.141732 0.0708661 0.984252 
vn 0.149606 0.015748 0.992126 
vn 0.393701 0.385827 -0.834646 
vn 0.559055 0.401575 0.732283 
vn 0.559055 0.401575 0.732283 
vn 0.559055 0.401575 0.732283 
vn 0.559055 0.401575 0.732283 
vn 0.559055 0.401575 0.732283 
vn 0.559055 0.401575 0.732283 
vn 0 0.685039 0.732283 
vn 0.362205 0.472441 0.80315 
vn 0.362205 0.480315 0.80315 
vn 0 0.685039 0.732283 
vn 0.393701 0.385827 0.834646 
vn 0.685039 -0.00787402 0.732283 
vn 0.685039 -0.00787402 0.732283 
vn 0.393701 0.385827 0.834646 
vn 0 0 1 
vn 0 0 1 
vn -0.708661 0 0.708661 
vn -0.708661 0 0.708661 
vn 0.708661 0 -0.708661 
vn 0.708661 0 0.708661 
vn 0.708661 0 0.708661 
vn 0 0 1 
vn 0 0 1 
vn -0.291339 -0.566929 0.771654 
vn -0.291339 -0.566929 0.771654 
vn -0.291339 -0.566929 0.771654 
vn -0.291339 -0.566929 0.771654 
vn 0 -0.708661 0.708661 
vn 0 -0.708661 0.708661 
vn 0 -1 0 
vn 0 0 1 
vn 0 0 1 
vn 0 0.708661 0.708661 
vn 0 0.708661 0.708661 
vn 0 0 1 
vn 0 0 1 
vn -0.708661 0 0.708661 
vn 0 0 1 
vn -0.708661 0 0.708661 
vn 0 0 1 
vn 0.708661 0 -0.708661 
vn 1 0 0 
vn 0.708661 0 0.708661 
vn 0.708661 0 0.708661 
vn 0 0 1 
vn 0 0 1 
vn 0 0.700787 0.708661 
vn 0 0.700787 0.708661 
vn 0 0.700787 0.708661 
vn 0 0.700787 0.708661 
vn 0 0.685039 0.732283 
vn 0.0629921 0.80315 0.590551 
vn 0.0393701 0.755906 0.653543 
vn 0 0.685039 0.732283 
vn 0.84252 -0.535433 0 
vn 0 0.622047 0.779528 
vn -0.251969 0.590551 0.76378 
vn -0.417323 0.551181 0.724409 
vn 0 0.622047 0.779528 
vn -0.409449 -0.645669 0.645669 
vn -0.409449 -0.645669 0.645669 
vn -0.409449 0 0.913386 
vn -0.409449 0 0.913386 
vn -0.559055 0.401575 0.732283 
vn -0.559055 0.401575 0.732283 
vn -0.559055 0.401575 0.732283 
vn -0.559055 0.401575 0.732283 
vn -0.559055 0.401575 -0.732283 
vn -0.19685 0.559055 0.80315 
vn 0.291339 0.566929 0.771654 
vn 0.291339 0.566929 0.771654 
vn -0.259843 0.511811 0.818898 
vn 0 -0.708661 0.708661 
vn 0 1 0 
vn 0 -0.708661 0.708661 
vn 0 0 1 
vn 0 0 1 
vn 0 0.708661 0.708661 
vn 0 0.708661 0.708661 
vn 0 0 1 
vn 0 0 1 
vn -0.393701 0.385827 0.834646 
vn -0.685039 -0.00787402 0.732283 
vn -0.685039 -0.00787402 0.732283 
vn -0.393701 0.385827 0.834646 
vn -0.535433 -0.251969 0.811024 
vn -0.346457 0.346457 0.874016 
vn -0.346457 0.346457 0.874016 
vn -0.559055 -0.188976 0.80315 
vn 0.330709 0.511811 0.787402 
vn 0.338583 0.511811 0.787402 
vn 0.330709 0.511811 0.787402 
vn 0.330709 0.511811 0.787402 
vn 0.338583 0.511811 0.787402 
vn 0.330709 0.511811 0.787402 
vn 0.291339 0.566929 0.76378 
vn -0.314961 0.141732 0.937008 
vn -0.314961 0.141732 0.937008 
vn 0.291339 0.566929 0.76378 
vn -0.314961 0.141732 0.937008 
vn 0.291339 0.566929 0.76378 
vn -0.259843 -0.590551 0.76378 
vn -0.314961 0.141732 0.937008 
vn -0.314961 0.141732 0.937008 
vn -0.314961 0.141732 0.937008 
vn -0.259843 -0.590551 0.76378 
vn -0.259843 -0.590551 0.76378 
vn -0.346457 0.346457 0.874016 
vn -0.267717 0.590551 0.76378 
vn -0.401575 0.551181 0.724409 
vn -0.346457 0.346457 0.874016 
vn 0 -0.708661 0.708661 
vn 0 -0.708661 0.708661 
vn 0 0 1 
vn 0 0 1 
vn 0 0.708661 0.708661 
vn 0 0.708661 0.708661 
vn 0 0 1 
vn 0 0 1 
vn 0.409449 -0.913386 0 
vn 0 -1 0 
vn 0.708661 -0.708661 0 
vn 1 0 0 
vn 0 -1 0 
vn 0.708661 0.708661 0 
vn 0 0 1 
vn 0 0 1 
vn 0 0 1 
vn 0 0 1 
vn 0 0 1 
vn 0 0 1 
vn 0 0 1 
vn 0 0 1 
vn 0 0 1 
vn 0 0 1 
vn 0 0 1 
vn 0 0 1 
vn 0 0 1 
vn 0 0 1 
vn 0 0 1 
vn 0 0 1 
vn 0.322835 0.480315 0.818898 
vn -0.275591 0.503937 0.818898 
vn -0.181102 0.574803 0.80315 
vn 0.251969 0.535433 0.811024 
vn 0 0 1 
vn 0 0 1 
vn 0 0.708661 0.708661 
vn 0 0.708661 0.708661 
vn 0 1 0 
vn 0 -0.708661 0.708661 
vn 0 -0.708661 0.708661 
vn 0 0 1 
vn 0 0 1 
vn -0.448819 -0.433071 0.779528 
vn -0.448819 -0.433071 0.779528 
vn -0.448819 -0.433071 0.779528 
vn -0.448819 -0.433071 0.779528 
vn 0.0393701 0.755906 0.653543 
vn 0.102362 0.866142 0.488189 
vn 0.0629921 0.80315 0.590551 
vn 0.598425 -0.0472441 0.80315 
vn 0.574803 0.370079 0.732283 
vn 0.574803 0.370079 0.732283 
vn 0.598425 -0.0472441 0.80315 
vn -0.409449 -0.913386 0 
vn -0.629921 -0.551181 0.551181 
vn 0 -0.708661 0.708661 
vn -0.629921 0 0.779528 
vn 0 0 1 
vn -0.629921 0.551181 0.551181 
vn 0 0.708661 0.708661 
vn 0 0 -1 
vn 0 0.708661 -0.708661 
vn 0 -1 0 
vn 0 1 0 
vn 0 -0.708661 0.708661 
vn 0 -0.708661 0.708661 
vn 0 0 1 
vn 0 0 1 
vn 0 0.708661 0.708661 
vn 0 0.708661 0.708661 
vn 0 0 1 
vn 0 0 1 
vn -0.417323 -0.338583 0.84252 
vn -0.417323 -0.338583 0.84252 
vn -0.417323 -0.338583 0.84252 
vn -0.417323 -0.338583 0.84252 
vn 0 -0.708661 0.708661 
vn 0 -0.708661 0.708661 
vn 0 0 1 
vn 0 0 1 
vn 0 -1 0 
vn 0 0.708661 0.708661 
vn 0 0.708661 0.708661 
vn 0 0 1 
vn 0 0 1 
vn 0 -0.708661 0.708661 
vn 0 -0.708661 0.708661 
vn 0 0 1 
vn 0 0 1 
vn 0 0.708661 0.708661 
vn 0 0.708661 0.708661 
vn 0 0 1 
vn 0 0 1 
vn -0.125984 0.511811 0.850394 
vn -0.11811 0.527559 0.84252 
vn -0.149606 0.511811 0.84252 
vn -0.11811 0.527559 0.84252 
vn -0.125984 0.511811 0.850394 
vn -0.141732 0.503937 0.850394 
vn 0 0.708661 0.708661 
vn 0 0.708661 0.708661 
vn 0 0 1 
vn 0 0 1 
vn 0 0 -1 
vn 0 -0.708661 0.708661 
vn 0 -0.708661 0.708661 
vn 0 0 1 
vn 0 0 1 
vn -0.606299 0.0629921 0.795276 
vn -0.228346 0.692913 0.685039 
vn -0.228346 0.692913 0.685039 
vn -0.606299 0.0629921 0.795276 
vn 0.299213 -0.543307 0.787402 
vn 0.551181 -0.354331 0.755906 
vn 0.551181 -0.354331 0.755906 
vn 0.299213 -0.543307 0.787402 
vn 0.551181 -0.354331 0.755906 
vn 0.283465 -0.551181 0.787402 
vn 0.322835 0.480315 0.818898 
vn 0.527559 0.283465 0.80315 
vn 0.527559 0.283465 0.80315 
vn 0.251969 0.535433 0.811024 
vn 0.456693 -0.629921 0.629921 
vn 0.456693 -0.629921 0.629921 
vn 0.456693 0 0.889764 
vn 0.456693 0 0.889764 
vn 0.456693 0.629921 0.629921 
vn 0.456693 0.629921 0.629921 
vn 0.456693 0 0.889764 
vn 0.456693 0 0.889764 
vn -0.456693 0.299213 0.834646 
vn -0.456693 0.299213 0.834646 
vn -0.456693 0.299213 0.834646 
vn -0.456693 0.299213 0.834646 
vn -0.393701 -0.645669 0.645669 
vn -0.393701 0.645669 0.645669 
vn -0.393701 -0.645669 0.645669 
vn -0.393701 0 0.92126 
vn -0.393701 0 0.92126 
vn -0.393701 0.645669 0.645669 
vn -0.393701 0 0.92126 
vn -0.393701 0 0.92126 
vn -0.440945 0.314961 0.84252 
vn -0.181102 0.488189 0.850394 
vn -0.181102 0.488189 0.850394 
vn -0.440945 0.314961 0.84252 
vn -0.527559 -0.11811 -0.84252 
vn -0.527559 -0.11811 0.84252 
vn -0.519685 0 0.850394 
vn -0.519685 0 0.850394 
vn -0.527559 -0.11811 0.84252 
vn 0.425197 0.637795 0.637795 
vn 0.425197 0.637795 0.637795 
vn 0.425197 0 0.905512 
vn 0.425197 0 0.905512 
vn 0.425197 -0.637795 0.637795 
vn 0.425197 -0.637795 0.637795 
vn 0.425197 0 0.905512 
vn 0.425197 0 0.905512 
vn -0.472441 0.622047 0.622047 
vn -0.472441 0.622047 0.622047 
vn -0.472441 0 0.88189 
vn -0.472441 0 0.88189 
vn -0.472441 -0.622047 0.622047 
vn -0.472441 -0.622047 0.622047 
vn -0.472441 0 0.88189 
vn -0.472441 0 0.88189 
vn -0.440945 0.314961 0.84252 
vn -0.519685 0 0.850394 
vn -0.519685 0 0.850394 
vn -0.440945 0.314961 0.84252 
vn -0.527559 -0.11811 0.84252 
vn -0.551181 -0.023622 0.834646 
vn -0.551181 -0.023622 0.834646 
vn -0.551181 -0.023622 0.834646 
vn -0.527559 -0.11811 0.84252 
vn -0.527559 -0.11811 0.84252 
vn 0.456693 0.629921 0.629921 
vn 0.456693 0.629921 0.629921 
vn 0.456693 0 0.889764 
vn 0.456693 0 0.889764 
vn 0.456693 -0.629921 0.629921 
vn 0.456693 -0.629921 0.629921 
vn 0.456693 0 0.889764 
vn 0.456693 0 0.889764 
vn -0.629921 -0.551181 0.551181 
vn 0 -0.708661 0.708661 
vn -0.629921 0 0.779528 
vn 0 0 1 
vn -0.629921 0.551181 0.551181 
vn 0 0.708661 0.708661 
vn -1 0 0 
vn -1 0 0 
vn -1 0 0 
vn -1 0 0 
vn -1 0 0 
vn -1 0 0 
vn -1 0 0 
vn -1 0 0 
vn -1 0 0 
vn -1 0 0 
vn -1 0 0 
vn -1 0 0 
vn -1 0 0 
vn -1 0 0 
vn -1 0 0 
vn -1 0 0 
vn -1 0 0 
vn -1 0 0 
vn -0.527559 0 0.850394 
vn -0.527559 0.598425 0.598425 
vn -0.527559 0 -0.850394 
vn -0.527559 -0.850394 0 
vn -1 0 0 
vn -1 0 0 
vn -1 0 0 
vn -1 0 0 
vn -0.629921 0 0.779528 
vn -0.629921 0.779528 0 
vn -0.629921 -0.779528 0 
vn -0.629921 0.551181 0.551181 
vn -0.629921 -0.551181 0.551181 
vn -0.629921 0 -0.779528 
vn -0.629921 0.551181 -0.551181 
vn -0.629921 -0.551181 -0.551181 
vn -0.267717 0.685039 -0.685039 
vn -0.267717 -0.96063 0 
vn -1 0 0 
vn -1 0 0 
vn -1 0 0 
vn -1 0 0 
vn -0.685039 0 -0.732283 
vn 0.692913 0.724409 0 
vn 0.299213 -0.307087 0.905512 
vn 0.472441 0.204724 0.858268 
vn -0.464567 -0.503937 0.732283 
vn -0.464567 -0.503937 -0.732283 
vn 0.622047 -0.173228 -0.76378 
vn 1 0 0 
vn 1 0 0 
vn -0.850394 -0.527559 0 
vn -0.850394 -0.527559 0 
vn -1 0 0 
vn -1 0 0 
vn 0.535433 0.84252 0 
vn 0 1 0 
vn 0 1 0 
vn 0.204724 0 0.976378 
vn 0.204724 -0.692913 -0.692913 
vn 0.204724 0.692913 0.692913 
vn -1 0 0 
vn -1 0 0 
vn -1 0 0 
vn -1 0 0 
vn -1 0 0 
vn -1 0 0 
vn -1 0 0 
vn -1 0 0 
vn -1 0 0 
vn -1 0 0 
vn -1 0 0 
vn -1 0 0 
vn -1 0 0 
vn -1 0 0 
vn -1 0 0 
vn -1 0 0 
vn -0.440945 0 0.897638 
vn -0.440945 0.637795 -0.637795 
vn -0.440945 0 -0.897638 
vn -0.440945 -0.637795 -0.637795 
vn -0.440945 -0.637795 0.637795 
vn 0 -1 0 
vn -0.629921 0.551181 0.551181 
vn -0.629921 -0.551181 0.551181 
vn -0.629921 0 0.779528 
vn -0.629921 0.779528 0 
vn -0.629921 -0.551181 -0.551181 
vn -0.629921 -0.779528 0 
vn -0.629921 0.551181 -0.551181 
vn -0.629921 0 -0.779528 
vn -0.850394 0.527559 0 
vn -0.850394 0.527559 0 
vn -0.850394 0.527559 0 
vn -0.850394 0.527559 0 
vn 0.346457 0.590551 -0.724409 
vn 0.346457 0.590551 0.724409 
vn 0.314961 0 0.952756 
vn 0.314961 -0.952756 0 
vn 0.314961 -0.669291 0.669291 
vn 0 -0.748031 -0.669291 
vn 0 -0.748031 0.669291 
vn 0 -1 0 
vn 0 -1 0 
vn 0 1 0 
vn -0.0708661 -1 0 
vn -0.0708661 -1 0 
vn 0 -1 0 
vn 0 -1 0 
vn 0 -1 0 
vn -0.669291 0.314961 0.669291 
vn -0.669291 0.314961 0.669291 
vn -0.944882 0.314961 0 
vn -0.944882 0.314961 0 
vn -0.669291 0.314961 -0.669291 
vn -0.669291 0.314961 -0.669291 
vn 0.992126 0.141732 0 
vn 0.88189 -0.472441 0 
vn 0.88189 -0.472441 0 
vn -0.464567 0.755906 -0.464567 
vn 0 0.755906 0.653543 
vn 0 -1 0 
vn 0 -1 0 
vn 0 -0.700787 0.708661 
vn 0 -0.700787 0.708661 
vn 0 -0.566929 0.826772 
vn 0 -0.700787 -0.708661 
vn 0.622047 -0.330709 0.708661 
vn -0.88189 -0.472441 0 
vn -0.88189 -0.472441 0 
vn -0.88189 -0.472441 0 
vn -0.88189 -0.472441 0 
vn 0 -1 0 
vn 0 -1 0 
vn 1 0 0 
vn 1 0 0 
vn 1 0 0 
vn 1 0 0 
vn 1 0 0 
vn -0.0393701 -0.551181 -0.834646 
vn -0.0393701 -0.551181 0.834646 
vn -0.19685 -0.551181 -0.811024 
vn -0.622047 -0.330709 0.708661 
vn -0.409449 0.913386 0 
vn -0.84252 -0.543307 0 
vn -0.84252 -0.543307 0 
vn -0.992126 -0.125984 0 
vn -0.992126 -0.125984 0 
vn -0.677165 0.740157 0 
vn -0.677165 0.740157 0 
vn -0.338583 -0.511811 0.787402 
vn -0.629921 -0.259843 0.732283 
vn -0.338583 -0.511811 -0.787402 
vn -0.629921 -0.259843 -0.732283 
vn -0.629921 -0.259843 -0.732283 
vn -0.291339 -0.566929 -0.771654 
vn -0.456693 -0.889764 0 
vn -0.456693 -0.889764 0 
vn -0.456693 -0.889764 0 
vn -0.456693 -0.889764 0 
vn 0 -0.622047 -0.779528 
vn 0 -0.622047 0.779528 
vn 0 0 1 
vn 0 0 -1 
vn -0.669291 -0.669291 0.314961 
vn -0.944882 0 0.314961 
vn -0.669291 -0.669291 0.314961 
vn -0.944882 0 0.314961 
vn -0.669291 0.669291 0.314961 
vn -0.669291 0.669291 0.314961 
vn 0.669291 0.669291 0.314961 
vn -0.944882 0 -0.314961 
vn -0.944882 0 -0.314961 
vn -0.669291 0.669291 -0.314961 
vn -0.669291 -0.669291 -0.314961 
vn -0.669291 0.669291 -0.314961 
vn -0.669291 -0.669291 -0.314961 
vn 0.267717 -0.590551 0.76378 
vn -0.291339 -0.566929 0.771654 
vn 0.267717 -0.590551 -0.76378 
vn 0 0 1 
vn 0 0 1 
vn 0 0 -1 
vn -0.464567 -0.464567 -0.755906 
vn -0.464567 0.464567 -0.755906 
vn -1 0 0 
vn -0.92126 -0.385827 0 
vn -0.92126 -0.385827 0 
vn -1 0 0 
vn 0.291339 0.566929 -0.771654 
vn 0 0 -1 
vn 0 -0.19685 -0.984252 
vn 0 0.708661 -0.708661 
vn 0 1 0 
vn 0 0.708661 0.708661 
vn 0 0 -1 
vn 0 0 -1 
vn 0 0.708661 -0.708661 
vn 0 -0.19685 -0.984252 
vn 0 0 -1 
vn 0 0.708661 -0.708661 
vn 0 1 0 
vn 0 1 0 
vn 0 0.708661 0.708661 
vn 0 0.708661 0.708661 
vn -1 0 0 
vn -1 0 0 
vn -1 0 0 
vn -1 0 0 
vn -1 0 0 
vn -1 0 0 
vn -1 0 0 
vn -1 0 0 
vn -1 0 0 
vn 0.338583 0.511811 0.787402 
vn -0.259843 -0.590551 0.76378 
vn -0.259843 -0.590551 0.76378 
vn -0.259843 -0.590551 -0.76378 
vn -0.259843 -0.590551 -0.76378 
vn 0 0 -1 
vn -0.19685 0.559055 0.80315 
vn 0 0 1 
vn -0.19685 0.559055 -0.80315 
vn -0.181102 0.488189 0.850394 
vn -0.708661 0.708661 0 
vn -0.708661 0.708661 0 
vn -1 0 0 
vn -1 0 0 
vn -0.708661 -0.708661 0 
vn -0.708661 -0.708661 0 
vn 0 -1 0 
vn -0.708661 -0.708661 0 
vn -0.708661 -0.708661 0 
vn -1 0 0 
vn -1 0 0 
vn -0.708661 0.708661 0 
vn -0.708661 0.708661 0 
vn 0 0 1 
vn 0 0 1 
vn 0 0 -1 
vn 0 0 -1 
vn 0 0 1 
vn 0 0 1 
vn 0 0 1 
vn 0 0 -1 
vn 0 0 -1 
vn 0 0 1 
vn 0 0 1 
vn -0.401575 -0.913386 0 
vn -0.401575 -0.913386 0 
vn -0.913386 0.409449 0 
vn -0.913386 0.409449 0 
vn 0 0 -1 
vn 0 0 -1 
vn 0 0 -1 
vn -0.748031 0.661417 0 
vn -0.748031 0.661417 0 
vn -0.748031 0.661417 0 
vn -0.748031 0.661417 0 
vn 0 0.685039 0.732283 
vn 0 0 1 
vn 0 0 1 
vn 0 0 1 
vn 0 0.685039 -0.732283 
vn 0 -0.19685 0.984252 
vn 0 0 1 
vn 0 0.566929 -0.818898 
vn 0 0.566929 0.818898 
vn 0 0 -1 
vn -0.606299 0.0629921 -0.795276 
vn 0 0 1 
vn -0.685039 -0.23622 -0.685039 
vn -0.614173 0.338583 -0.716535 
vn -0.606299 0.354331 -0.716535 
vn -0.685039 -0.23622 -0.685039 
vn -0.393701 0.385827 0.834646 
vn -0.685039 -0.23622 0.685039 
vn -0.685039 -0.23622 0.685039 
vn -0.606299 0.354331 0.716535 
vn -0.614173 0.338583 0.716535 
vn -0.393701 0.385827 -0.834646 
vn -0.708661 0 0.708661 
vn -0.708661 0 0.708661 
vn -1 0 0 
vn -1 0 0 
vn -0.708661 0 -0.708661 
vn -0.708661 0 -0.708661 
vn 0 0.708661 -0.708661 
vn -0.708661 0 0.708661 
vn -0.708661 0 0.708661 
vn -1 0 0 
vn -1 0 0 
vn -0.708661 0 -0.708661 
vn -0.708661 0 -0.708661 
vn 0.708661 0 -0.708661 
vn 1 0 0 
vn 0.708661 0 0.708661 
vn -0.559055 -0.834646 0 
vn -0.92126 -0.385827 0 
vn -0.559055 -0.834646 0 
vn -0.92126 -0.385827 0 
vn -0.251969 0.590551 -0.76378 
vn -0.251969 0.590551 0.76378 
vn 0 -0.708661 -0.708661 
vn 0 0.708661 -0.708661 
vn 0 1 0 
vn -0.708661 0.700787 0 
vn -0.708661 0.700787 0 
vn -1 -0.00787402 0 
vn -1 -0.00787402 0 
vn 0 1 0 
vn 0 0.708661 0.708661 
vn -0.708661 0.708661 0 
vn -0.708661 0.708661 0 
vn -1 0 0 
vn -1 0 0 
vn -0.708661 -0.708661 0 
vn -0.708661 -0.708661 0 
vn 0 -1 0 
vn -0.708661 -0.708661 0 
vn 0 -1 0 
vn -0.708661 -0.708661 0 
vn -1 0 0 
vn -1 0 0 
vn -0.708661 0.708661 0 
vn -0.708661 0.708661 0 
vn -0.811024 0.590551 0 
vn -0.811024 0.590551 0 
vn -0.811024 0.590551 0 
vn -0.811024 0.590551 0 
vn -0.409449 -0.913386 0 
vn 0 0 -1 
vn 0 -1 0 
vn 0 1 0 
vn 0 0 1 
vn -0.417323 -0.338583 -0.84252 
vn -0.417323 -0.338583 0.84252 
vn -0.409449 0.913386 0 
vn -0.409449 0.913386 0 
vn -0.409449 0.913386 0 
vn -0.409449 0.913386 0 
vn 0 -1 0 
vn -0.464567 0.88189 0 
vn -0.464567 0.88189 0 
vn -0.464567 0.88189 0 
vn -0.464567 0.88189 0 
vn -1 0 0 
vn -1 0 0 
vn -1 0 0 
vn -1 0 0 
vn -1 0 0 
vn -1 0 0 
vn -1 0 0 
vn -1 0 0 
vn -1 0 0 
vn 0 1 0 
vn 0 0 -1 
vn 0 -0.708661 0.708661 
vn -0.724409 -0.692913 0 
vn -0.724409 -0.692913 0 
vn -0.724409 -0.692913 0 
vn -0.724409 -0.692913 0 
vn -0.417323 0.551181 -0.724409 
vn -0.267717 0.590551 -0.76378 
vn -0.401575 0.551181 -0.724409 
vn -0.251969 0.590551 -0.76378 
vn -0.401575 0.551181 0.724409 
vn -0.417323 0.551181 0.724409 
vn -0.251969 0.590551 0.76378 
vn -0.267717 0.590551 0.76378 
vn -0.755906 -0.653543 0 
vn -0.992126 0.110236 0 
vn -0.755906 -0.653543 0 
vn -0.992126 0.110236 0 
vn -0.787402 -0.614173 0 
vn -0.944882 -0.322835 0 
vn -0.944882 -0.322835 0 
vn -0.787402 -0.614173 0 
vn -0.866142 0.496063 0 
vn -0.866142 0.496063 0 
vn -0.779528 -0.629921 0 
vn -0.779528 -0.629921 0 
vn -0.779528 -0.629921 0 
vn -0.779528 -0.629921 0 
vn -0.440945 0.314961 -0.84252 
vn -0.440945 0.314961 0.84252 
vn -0.527559 -0.11811 -0.84252 
vn -0.519685 0 -0.850394 
vn -0.527559 -0.11811 0.84252 
vn -0.519685 0 0.850394 
vn -0.834646 0.551181 0 
vn -0.834646 0.551181 0 
vn -0.834646 0.551181 0 
vn -0.834646 0.551181 0 
vn -0.850394 -0.527559 0 
vn -0.850394 -0.527559 0 
vn -1 0 0 
vn -1 0 0 
vn -0.976378 -0.220472 0 
vn -1 -0.00787402 0 
vn -1 -0.00787402 0 
vn -0.818898 0.574803 0 
vn -0.976378 -0.220472 0 
vn -1 -0.0472441 0 
vn -1 -0.0472441 0 
vn -0.818898 0.574803 0 
vn -1 0 0 
vn -1 0 0 
vn -1 0 0 
vn -1 0 0 
vn -1 0 0 
vn -0.527559 0 0.850394 
vn -0.527559 -0.598425 -0.598425 
vn -0.527559 -0.598425 -0.598425 
vn -0.527559 -0.850394 0 
vn -0.527559 -0.850394 0 
vn -0.527559 -0.598425 0.598425 
vn -0.527559 -0.598425 0.598425 
vn -1 0 0 
vn -1 0 0 
vn -0.629921 0 0.779528 
vn -0.629921 0.779528 0 
vn -0.629921 -0.779528 0 
vn -0.629921 0 -0.779528 
vn 0.740157 -0.677165 0 
vn 0.740157 -0.677165 0 
vn 0.740157 -0.677165 0 
vn -0.267717 -0.685039 -0.685039 
vn -0.267717 -0.685039 -0.685039 
vn -0.267717 -0.96063 0 
vn -0.267717 -0.96063 0 
vn -0.267717 -0.685039 0.685039 
vn -0.267717 -0.685039 0.685039 
vn -1 0 0 
vn -1 0 0 
vn -1 0 0 
vn -1 0 0 
vn 0.708661 -0.708661 0 
vn 0.708661 -0.708661 0 
vn 0.944882 0.322835 0 
vn -0.677165 -0.732283 0 
vn -0.677165 -0.732283 0 
vn -0.677165 -0.732283 0 
vn -0.677165 -0.732283 0 
vn -0.685039 0 0.732283 
vn 0.692913 0.724409 0 
vn 0.401575 -0.370079 -0.834646 
vn 0.401575 -0.370079 0.834646 
vn 0.299213 -0.307087 0.905512 
vn 0.472441 0.204724 0.858268 
vn -0.464567 -0.503937 0.732283 
vn -0.464567 -0.503937 -0.732283 
vn 0.708661 -0.708661 0 
vn 0.708661 -0.708661 0 
vn 0.858268 -0.519685 0 
vn 0.401575 -0.637795 -0.653543 
vn 0.622047 -0.173228 -0.76378 
vn 0.614173 -0.19685 -0.76378 
vn 0.401575 -0.637795 -0.653543 
vn 0.401575 -0.637795 0.653543 
vn 0.614173 -0.19685 0.76378 
vn 0.622047 -0.173228 0.76378 
vn 0.401575 -0.637795 0.653543 
vn 1 0 0 
vn 1 0 0 
vn 1 0 0 
vn 1 0 0 
vn 1 0 0 
vn 1 0 0 
vn 1 0 0 
vn 1 0 0 
vn 1 0 0 
vn 0.850394 -0.527559 0 
vn 0 -1 0 
vn 0 -1 0 
vn 0.850394 -0.527559 0 
vn 1 0 0 
vn 1 0 0 
vn -0.850394 -0.527559 0 
vn -0.850394 -0.527559 0 
vn -1 0 0 
vn -1 0 0 
vn 0.96063 -0.283465 0 
vn 0.535433 -0.850394 0 
vn 0.96063 -0.283465 0 
vn 0.535433 -0.850394 0 
vn 0 1 0 
vn 0 1 0 
vn 0.204724 -0.976378 0 
vn 0.204724 -0.692913 0.692913 
vn 0.204724 -0.692913 0.692913 
vn 0.204724 -0.976378 0 
vn 0.204724 -0.692913 -0.692913 
vn 0.204724 -0.692913 -0.692913 
vn -1 0 0 
vn -1 0 0 
vn -1 0 0 
vn -1 0 0 
vn -1 0 0 
vn -1 0 0 
vn -0.440945 0 0.897638 
vn -0.440945 -0.637795 -0.637795 
vn -0.440945 -0.637795 -0.637795 
vn -0.440945 -0.897638 0 
vn -0.440945 -0.897638 0 
vn -0.440945 -0.637795 0.637795 
vn -0.440945 -0.637795 0.637795 
vn 0 -1 0 
vn 0 -1 0 
vn 0 -1 0 
vn 0 -1 0 
vn -0.629921 -0.551181 0.551181 
vn -0.629921 0 0.779528 
vn 0.614173 -0.19685 0.76378 
vn -0.850394 0.527559 0 
vn 0.346457 0.590551 -0.724409 
vn 0.346457 0.590551 0.724409 
vn 0.314961 0 0.952756 
vn 0.314961 -0.669291 -0.669291 
vn 0.314961 -0.669291 -0.669291 
vn 0.314961 -0.952756 0 
vn 0.314961 -0.952756 0 
vn 0.314961 -0.669291 0.669291 
vn 0.314961 -0.669291 0.669291 
vn 0 -0.748031 -0.669291 
vn 0 -0.748031 -0.669291 
vn 0 -0.748031 -0.669291 
vn 0 -0.748031 -0.669291 
vn 0 -0.748031 0.669291 
vn 0 -0.748031 0.669291 
vn 0 -0.748031 0.669291 
vn 0 -0.748031 0.669291 
vn 0 -1 0 
vn 0.708661 -0.708661 0 
vn 0.708661 -0.708661 0 
vn 0 -1 0 
vn 0.834646 -0.543307 0 
vn 0.834646 -0.543307 0 
vn 0 -1 0 
vn 0 -1 0 
vn 0 -1 0 
vn 0 -1 0 
vn -0.0708661 -1 0 
vn -0.0708661 -1 0 
vn -0.0708661 -1 0 
vn -0.0708661 -1 0 
vn 0 -1 0 
vn 0 -1 0 
vn 0 -1 0 
vn 0 -1 0 
vn 0.866142 -0.496063 0 
vn 0.992126 0.141732 0 
vn 0.992126 0.141732 0 
vn 0.866142 -0.496063 0 
vn 0.874016 0.480315 0 
vn 0.874016 0.480315 0 
vn 0.88189 -0.472441 0 
vn 0.88189 -0.472441 0 
vn 0.968504 0.23622 0 
vn 0.968504 0.23622 0 
vn -0.299213 -0.677165 0.677165 
vn -0.299213 -0.952756 0 
vn -0.299213 -0.952756 0 
vn -0.299213 -0.677165 -0.677165 
vn -0.299213 -0.677165 0.677165 
vn -0.299213 -0.677165 -0.677165 
vn -0.299213 0 -0.952756 
vn 0 -1 0 
vn 0 -1 0 
vn 0 -1 0 
vn 0 -1 0 
vn 0 -1 0 
vn 0 -1 0 
vn 0 -1 0 
vn 0 -1 0 
vn 0 -0.700787 0.708661 
vn 0 -0.700787 0.708661 
vn 0 -0.566929 0.826772 
vn 0 -0.700787 -0.708661 
vn 0.622047 -0.330709 0.708661 
vn 0 -1 0 
vn 0 -1 0 
vn 0 -1 0 
vn 0 -1 0 
vn 0.409449 0.645669 -0.645669 
vn 0 -1 0 
vn 0 -1 0 
vn 0 -1 0 
vn 0 -1 0 
vn 1 0 0 
vn 1 0 0 
vn -0.0393701 -0.551181 -0.834646 
vn -0.0393701 -0.551181 0.834646 
vn -0.19685 -0.551181 -0.811024 
vn -0.409449 0.913386 0 
vn 0 -1 0 
vn 0 -1 0 
vn 0 -1 0 
vn 0 -1 0 
vn 0.472441 -0.88189 0 
vn 0.472441 -0.88189 0 
vn 0.259843 -0.968504 0 
vn 0.259843 -0.968504 0 
vn 0.259843 -0.968504 0 
vn 0.259843 -0.968504 0 
vn -0.370079 -0.929134 0 
vn -0.370079 -0.929134 0 
vn -0.84252 -0.543307 0 
vn -0.84252 -0.543307 0 
vn -0.338583 -0.511811 0.787402 
vn -0.629921 -0.259843 0.732283 
vn -0.338583 -0.511811 -0.787402 
vn -0.629921 -0.259843 -0.732283 
vn -0.629921 -0.259843 -0.732283 
vn -0.291339 -0.566929 -0.771654 
vn 0.409449 -0.913386 0 
vn 0.409449 -0.913386 0 
vn -0.456693 -0.889764 0 
vn -0.456693 -0.889764 0 
vn -0.456693 -0.889764 0 
vn -0.456693 -0.889764 0 
vn 0 -1 0 
vn 0 -1 0 
vn 0 -0.622047 -0.779528 
vn 0 -0.622047 0.779528 
vn -0.669291 -0.669291 0.314961 
vn -0.669291 -0.669291 0.314961 
vn 0 -0.944882 0.314961 
vn 0 -0.944882 0.314961 
vn 0.669291 -0.669291 0.314961 
vn 0.669291 -0.669291 0.314961 
vn 0 -0.944882 0.314961 
vn 0 -0.944882 0.314961 
vn -0.669291 -0.669291 -0.314961 
vn -0.669291 -0.669291 -0.314961 
vn 0 -0.944882 -0.314961 
vn 0 -0.944882 -0.314961 
vn 0.669291 -0.669291 -0.314961 
vn 0.669291 -0.669291 -0.314961 
vn 0 -1 0 
vn 0 -1 0 
vn 0 -0.708661 -0.708661 
vn 0 -0.708661 -0.708661 
vn 0 -0.708661 0.708661 
vn 0 -0.708661 0.708661 
vn 0.267717 -0.590551 0.76378 
vn -0.291339 -0.566929 0.771654 
vn 0.267717 -0.590551 -0.76378 
vn 0 0 1 
vn 0 0 -1 
vn 0.464567 -0.464567 0.755906 
vn 0 -0.653543 0.755906 
vn -0.464567 -0.464567 -0.755906 
vn -1 0 0 
vn -0.92126 -0.385827 0 
vn -0.92126 -0.385827 0 
vn -0.377953 -0.929134 0 
vn -0.377953 -0.929134 0 
vn 0 -1 0 
vn 0 -1 0 
vn -0.409449 0 0.913386 
vn 0.291339 0.566929 -0.771654 
vn -0.259843 -0.590551 0.76378 
vn -0.259843 -0.590551 0.76378 
vn -0.259843 -0.590551 -0.76378 
vn -0.259843 -0.590551 -0.76378 
vn 0 0 -1 
vn -0.19685 0.559055 0.80315 
vn 0 0 1 
vn -0.19685 0.559055 -0.80315 
vn -0.708661 0.708661 0 
vn -0.708661 -0.708661 0 
vn -0.708661 -0.708661 0 
vn 0 -1 0 
vn 0 -1 0 
vn 0.708661 -0.708661 0 
vn 0.708661 -0.708661 0 
vn 0 -1 0 
vn 0 -1 0 
vn -0.708661 -0.708661 0 
vn -0.708661 -0.708661 0 
vn 0.708661 -0.708661 0 
vn 0.708661 -0.708661 0 
vn 0 -1 0 
vn 0 -1 0 
vn 0 0 1 
vn 0 0 -1 
vn 0 0 -1 
vn 0 0 1 
vn 0 0 1 
vn 0 0 -1 
vn 0 0 1 
vn 0 -1 0 
vn -0.401575 -0.913386 0 
vn -0.401575 -0.913386 0 
vn 0 -1 0 
vn -0.913386 0.409449 0 
vn 0 0 -1 
vn 0 0 1 
vn 0 -0.19685 0.984252 
vn 0.409449 -0.645669 -0.645669 
vn 0.283465 -0.551181 0.787402 
vn 0.409449 -0.645669 0.645669 
vn 0.283465 -0.551181 -0.787402 
vn 0 0 -1 
vn 0 0 -1 
vn 0 0 -1 
vn 0 0 1 
vn 0 0 1 
vn 0.708661 0 -0.708661 
vn 0 -0.708661 0.708661 
vn 0 -0.708661 0.708661 
vn 0 -1 0 
vn 0 0 1 
vn 0 -1 0 
vn 0 -0.708661 -0.708661 
vn 0 -0.708661 -0.708661 
vn -0.559055 -0.834646 0 
vn -0.559055 -0.834646 0 
vn 0.480315 -0.874016 0 
vn 0.480315 -0.874016 0 
vn 0.84252 -0.535433 0 
vn 0.84252 -0.535433 0 
vn -0.409449 -0.645669 -0.645669 
vn 0 -0.708661 -0.708661 
vn 0 -0.708661 -0.708661 
vn 0 0 -1 
vn 0 -1 0 
vn 0 -1 0 
vn 0 -0.708661 0.708661 
vn 0 1 0 
vn 0 -0.708661 0.708661 
vn 0 0 1 
vn 0 -0.708661 -0.708661 
vn 0 -0.708661 -0.708661 
vn 0 -1 0 
vn 0 -1 0 
vn 0 -0.708661 0.708661 
vn 0 -0.708661 0.708661 
vn 0.409449 -0.645669 -0.645669 
vn 0.409449 -0.913386 0 
vn 0.409449 -0.645669 -0.645669 
vn 0.409449 -0.913386 0 
vn 0.409449 -0.913386 0 
vn 0.409449 -0.913386 0 
vn 0.409449 -0.645669 0.645669 
vn 0.409449 -0.645669 0.645669 
vn -0.708661 -0.708661 0 
vn -0.708661 -0.708661 0 
vn 0 -1 0 
vn 0 -1 0 
vn 0.708661 -0.708661 0 
vn 0.708661 -0.708661 0 
vn 1 0 0 
vn -0.708661 -0.708661 0 
vn 0 -1 0 
vn -0.708661 -0.708661 0 
vn 0 -1 0 
vn -1 0 0 
vn 0.708661 0.708661 0 
vn 0.708661 -0.708661 0 
vn 0.708661 -0.708661 0 
vn 0 -1 0 
vn 0 -1 0 
vn 0 -0.708661 -0.708661 
vn 0 -0.708661 -0.708661 
vn 0 -1 0 
vn 0 -1 0 
vn 0 -0.708661 0.708661 
vn 0 -0.708661 0.708661 
vn -0.409449 -0.645669 -0.645669 
vn -0.409449 -0.645669 -0.645669 
vn -0.409449 -0.913386 0 
vn -0.409449 -0.913386 0 
vn -0.409449 -0.913386 0 
vn -0.409449 -0.645669 0.645669 
vn -0.409449 -0.913386 0 
vn -0.409449 -0.645669 0.645669 
vn -0.629921 -0.779528 0 
vn 0 -0.708661 -0.708661 
vn 0 -1 0 
vn -0.629921 -0.551181 -0.551181 
vn -0.629921 -0.551181 0.551181 
vn 0 -0.708661 0.708661 
vn 0 -0.708661 -0.708661 
vn 0 -0.708661 -0.708661 
vn 0 0.708661 -0.708661 
vn 0 -1 0 
vn 0 -1 0 
vn 0 1 0 
vn 0 -0.708661 0.708661 
vn 0 -0.708661 0.708661 
vn 0 0 1 
vn 0 -0.708661 0.708661 
vn 0 -0.708661 0.708661 
vn 0 -1 0 
vn 0 -1 0 
vn 0 -0.708661 -0.708661 
vn 0 -0.708661 -0.708661 
vn 0 0 -1 
vn 0 -0.708661 0.708661 
vn 0 -0.708661 0.708661 
vn 0 -1 0 
vn 0 -1 0 
vn 0 -0.708661 -0.708661 
vn 0 -0.708661 -0.708661 
vn 0 1 0 
vn 0 -0.708661 -0.708661 
vn 0 -0.708661 -0.708661 
vn 0 -1 0 
vn 0 -1 0 
vn 0 -0.708661 0.708661 
vn 0 -0.708661 0.708661 
vn 0.456693 -0.629921 -0.629921 
vn 0.456693 -0.629921 -0.629921 
vn 0.456693 -0.889764 0 
vn 0.456693 -0.889764 0 
vn 0.456693 -0.629921 0.629921 
vn 0.456693 -0.629921 0.629921 
vn 0 -1 0 
vn 0 -1 0 
vn 0 -1 0 
vn 0 -1 0 
vn 0 -1 0 
vn 0 -1 0 
vn 0 -1 0 
vn 0 -1 0 
vn 0 -1 0 
vn 0 -1 0 
vn 0 -1 0 
vn 0 -1 0 
vn 0 -1 0 
vn 0 -1 0 
vn 0 -1 0 
vn 0 -1 0 
vn -0.393701 -0.645669 -0.645669 
vn -0.393701 -0.645669 -0.645669 
vn -0.393701 -0.92126 0 
vn -0.393701 -0.92126 0 
vn -0.393701 -0.645669 0.645669 
vn -0.393701 -0.645669 0.645669 
vn 0.425197 -0.637795 -0.637795 
vn 0.425197 -0.637795 -0.637795 
vn 0.425197 -0.905512 0 
vn 0.425197 -0.905512 0 
vn 0.425197 -0.637795 0.637795 
vn 0.425197 -0.637795 0.637795 
vn -0.472441 -0.622047 -0.622047 
vn -0.472441 -0.622047 -0.622047 
vn -0.472441 -0.88189 0 
vn -0.472441 -0.88189 0 
vn -0.472441 -0.622047 0.622047 
vn -0.472441 -0.622047 0.622047 
vn 0.850394 -0.527559 0 
vn 0.850394 -0.527559 0 
vn 0 -1 0 
vn 0 -1 0 
vn -0.850394 -0.527559 0 
vn -0.850394 -0.527559 0 
vn 0.456693 -0.629921 -0.629921 
vn 0.456693 -0.629921 -0.629921 
vn 0.456693 -0.889764 0 
vn 0.456693 -0.889764 0 
vn 0.456693 -0.629921 0.629921 
vn 0.456693 -0.629921 0.629921 
vn -0.629921 -0.779528 0 
vn 0 -0.708661 -0.708661 
vn 0 -1 0 
vn -0.629921 -0.551181 -0.551181 
vn -0.629921 -0.551181 0.551181 
vn 0 -0.708661 0.708661 
vn -1 0 0 
vn -1 0 0 
vn -1 0 0 
vn -0.527559 0.598425 -0.598425 
vn -0.527559 0.598425 -0.598425 
vn -0.527559 0 -0.850394 
vn -0.527559 0 -0.850394 
vn -0.527559 -0.598425 -0.598425 
vn -0.527559 -0.598425 -0.598425 
vn -1 0 0 
vn -1 0 0 
vn -0.629921 -0.779528 0 
vn 0.740157 -0.677165 0 
vn 0.740157 -0.677165 0 
vn -0.267717 0.685039 -0.685039 
vn -0.267717 0.96063 0 
vn -0.267717 0.685039 -0.685039 
vn -0.267717 0 -0.96063 
vn -0.267717 0 -0.96063 
vn -0.267717 -0.685039 -0.685039 
vn -0.267717 -0.685039 -0.685039 
vn -0.267717 -0.96063 0 
vn -1 0 0 
vn -1 0 0 
vn 0.92126 0.393701 0 
vn 0.708661 -0.708661 0 
vn 0.708661 -0.708661 0 
vn 0.976378 0.228346 0 
vn 0.976378 0.228346 0 
vn 0.944882 0.322835 0 
vn -0.685039 0 -0.732283 
vn -0.685039 0 -0.732283 
vn -0.685039 0 -0.732283 
vn -0.685039 0 -0.732283 
vn 0.692913 0.724409 0 
vn 0.511811 0.11811 -0.850394 
vn 0.480315 0.165354 -0.858268 
vn 0.480315 0.165354 -0.858268 
vn 0.480315 0.165354 -0.858268 
vn 0.511811 0.11811 -0.850394 
vn 0.511811 0.11811 -0.850394 
vn 0.401575 -0.370079 -0.834646 
vn 0.401575 -0.370079 -0.834646 
vn 0.401575 -0.370079 -0.834646 
vn 0.401575 -0.370079 -0.834646 
vn 0.472441 0.204724 -0.858268 
vn 0.299213 -0.307087 -0.905512 
vn 0.472441 0.204724 -0.858268 
vn 0.307087 -0.299213 -0.905512 
vn -0.464567 -0.503937 0.732283 
vn -0.464567 -0.503937 -0.732283 
vn -0.464567 -0.503937 -0.732283 
vn -0.464567 -0.503937 -0.732283 
vn -0.464567 -0.503937 -0.732283 
vn 0.708661 -0.708661 0 
vn 0.858268 -0.519685 0 
vn 0.511811 0.11811 -0.850394 
vn 0.456693 0.307087 -0.834646 
vn 0.456693 0.307087 -0.834646 
vn 0.456693 0.307087 -0.834646 
vn 0.511811 0.11811 -0.850394 
vn 0.511811 0.11811 -0.850394 
vn 0.401575 -0.637795 -0.653543 
vn 0.622047 -0.173228 -0.76378 
vn 0.614173 -0.19685 -0.76378 
vn 0.401575 -0.637795 -0.653543 
vn 1 0 0 
vn 1 0 0 
vn 1 0 0 
vn 1 0 0 
vn 1 0 0 
vn 1 0 0 
vn 0.850394 -0.527559 0 
vn 0 -1 0 
vn 1 0 0 
vn -0.850394 -0.527559 0 
vn -1 0 0 
vn 0.535433 0.84252 0 
vn 0.535433 0.84252 0 
vn 0 1 0 
vn 0.19685 0.480315 -0.858268 
vn 0.480315 0.165354 -0.858268 
vn 0.480315 0.165354 -0.858268 
vn 0.19685 0.480315 -0.858268 
vn 0.204724 -0.692913 -0.692913 
vn 0.204724 -0.692913 -0.692913 
vn 0.204724 0 -0.976378 
vn 0.204724 0 -0.976378 
vn 0.204724 0.692913 -0.692913 
vn 0.204724 0.692913 -0.692913 
vn -1 0 0 
vn -1 0 0 
vn -1 0 0 
vn -1 0 0 
vn -1 0 0 
vn -0.440945 0.637795 -0.637795 
vn -0.440945 0.637795 -0.637795 
vn -0.440945 0 -0.897638 
vn -0.440945 0 -0.897638 
vn -0.440945 -0.637795 -0.637795 
vn -0.440945 -0.637795 -0.637795 
vn 0 -1 0 
vn 0.535433 -0.314961 -0.779528 
vn 0.614173 -0.19685 -0.76378 
vn 0.614173 -0.19685 -0.76378 
vn 0.527559 -0.322835 -0.787402 
vn 0.377953 0.393701 -0.834646 
vn 0.472441 0.204724 -0.858268 
vn 0.377953 0.393701 -0.834646 
vn 0.472441 0.204724 -0.858268 
vn -0.629921 0 -0.779528 
vn 0.614173 -0.19685 0.76378 
vn -0.850394 0.527559 0 
vn -0.850394 0.527559 0 
vn 0.614173 -0.19685 -0.76378 
vn 0.346457 0.590551 -0.724409 
vn 0.393701 0.566929 -0.724409 
vn 0.228346 -0.543307 -0.80315 
vn 0.535433 -0.314961 -0.779528 
vn 0.228346 -0.543307 -0.80315 
vn 0.527559 -0.322835 -0.787402 
vn 0.314961 0.669291 -0.669291 
vn 0.314961 0.669291 -0.669291 
vn 0.314961 0 -0.952756 
vn 0.314961 0 -0.952756 
vn 0.314961 -0.669291 -0.669291 
vn 0.314961 -0.669291 -0.669291 
vn 0.314961 -0.952756 0 
vn 0 -0.748031 -0.669291 
vn 0 -1 0 
vn 0.834646 -0.543307 0 
vn 0.834646 -0.543307 0 
vn 0 -1 0 
vn -0.559055 0.346457 -0.748031 
vn -0.559055 0.346457 -0.748031 
vn -0.559055 0.346457 -0.748031 
vn -0.559055 0.346457 -0.748031 
vn -0.559055 0.346457 -0.748031 
vn -0.559055 0.346457 -0.748031 
vn 0 1 0 
vn -0.0708661 -1 0 
vn 0 -1 0 
vn 0 -1 0 
vn -0.669291 0.314961 -0.669291 
vn -0.669291 0.314961 -0.669291 
vn 0 0.314961 -0.944882 
vn 0 0.314961 -0.944882 
vn 0.669291 0.314961 -0.669291 
vn 0.669291 0.314961 -0.669291 
vn 0.992126 0.141732 0 
vn 0.874016 0.480315 0 
vn 0.393701 0.92126 0 
vn 0.88189 -0.472441 0 
vn 0.88189 -0.472441 0 
vn 0.574803 -0.370079 -0.732283 
vn 0.574803 -0.370079 -0.732283 
vn 0.574803 -0.370079 -0.732283 
vn 0.574803 -0.370079 -0.732283 
vn 0.574803 -0.370079 -0.732283 
vn 0.574803 -0.370079 -0.732283 
vn 0.968504 0.23622 0 
vn -0.299213 -0.677165 -0.677165 
vn -0.299213 -0.677165 -0.677165 
vn -0.299213 0 -0.952756 
vn -0.299213 0 -0.952756 
vn -0.299213 0.677165 -0.677165 
vn -0.299213 0.677165 -0.677165 
vn -0.299213 0.952756 0 
vn -0.464567 0.755906 -0.464567 
vn 0 -1 0 
vn 0 -1 0 
vn 0 -0.566929 -0.826772 
vn 0.299213 -0.307087 -0.905512 
vn 0.307087 -0.299213 -0.905512 
vn 0 -0.566929 -0.826772 
vn 0 -0.700787 -0.708661 
vn 0 -0.700787 -0.708661 
vn 0 -0.700787 -0.708661 
vn 0 -0.700787 -0.708661 
vn 0.622047 -0.330709 -0.708661 
vn 0.622047 -0.330709 -0.708661 
vn 0.622047 -0.330709 -0.708661 
vn 0.622047 -0.330709 -0.708661 
vn 0 -1 0 
vn 0 -1 0 
vn 0.409449 0.645669 -0.645669 
vn 0.661417 0.188976 -0.724409 
vn 0.362205 0.472441 -0.80315 
vn 0.362205 0.480315 -0.80315 
vn 0.362205 0.472441 -0.80315 
vn 0.661417 0.188976 -0.724409 
vn 0.661417 0.188976 -0.724409 
vn -0.88189 -0.472441 0 
vn 0 -1 0 
vn 1 0 0 
vn 1 0 0 
vn 1 0 0 
vn 1 0 0 
vn -0.0393701 -0.551181 -0.834646 
vn -0.0393701 -0.551181 -0.834646 
vn -0.0393701 -0.551181 -0.834646 
vn -0.0393701 -0.551181 -0.834646 
vn -0.0393701 -0.551181 -0.834646 
vn -0.0393701 -0.551181 -0.834646 
vn 0.606299 0.149606 -0.779528 
vn 0.606299 0.149606 -0.779528 
vn 0.606299 0.149606 -0.779528 
vn 0.606299 0.149606 -0.779528 
vn 0 -0.622047 -0.779528 
vn -0.19685 -0.551181 -0.811024 
vn -0.251969 -0.527559 -0.811024 
vn 0 -0.622047 -0.779528 
vn 0 -0.685039 -0.732283 
vn 0 -0.685039 -0.732283 
vn 0 -0.685039 -0.732283 
vn 0 -0.685039 -0.732283 
vn -0.622047 -0.330709 0.708661 
vn -0.622047 -0.330709 -0.708661 
vn -0.622047 -0.330709 -0.708661 
vn -0.622047 -0.330709 -0.708661 
vn -0.622047 -0.330709 -0.708661 
vn -0.622047 -0.330709 -0.708661 
vn -0.622047 -0.330709 -0.708661 
vn -0.409449 0.913386 0 
vn 0.228346 -0.543307 -0.80315 
vn 0 -0.622047 -0.779528 
vn 0 -0.622047 -0.779528 
vn 0.228346 -0.543307 -0.80315 
vn 1 0.0393701 0 
vn 0.472441 -0.88189 0 
vn 1 0.0393701 0 
vn 0.440945 0.897638 0 
vn 0.440945 0.897638 0 
vn 0.259843 -0.968504 0 
vn -0.370079 -0.929134 0 
vn -0.84252 -0.543307 0 
vn -0.992126 -0.125984 0 
vn -0.677165 0.740157 0 
vn -0.677165 0.740157 0 
vn -0.338583 -0.511811 -0.787402 
vn -0.629921 -0.259843 -0.732283 
vn -0.629921 -0.259843 -0.732283 
vn -0.629921 -0.259843 -0.732283 
vn -0.338583 -0.511811 -0.787402 
vn -0.338583 -0.511811 -0.787402 
vn 0 -0.685039 -0.732283 
vn -0.291339 -0.566929 -0.771654 
vn -0.291339 -0.566929 -0.771654 
vn 0 -0.685039 -0.732283 
vn 0.409449 0.645669 -0.645669 
vn 0.409449 0 -0.913386 
vn 0.409449 0.645669 -0.645669 
vn 0.409449 0 -0.913386 
vn 0.409449 0 0.913386 
vn 0 -0.622047 -0.779528 
vn 0 -0.622047 -0.779528 
vn 0 -0.622047 -0.779528 
vn 0 -0.622047 -0.779528 
vn 0 0 -1 
vn 0 0 -1 
vn 0 0 -1 
vn 0 0 -1 
vn 0 0 -1 
vn 0 0 -1 
vn 0 0 -1 
vn 0 0 -1 
vn 0.944882 0 -0.314961 
vn 0.527559 0.464567 -0.708661 
vn 0.527559 0.464567 -0.708661 
vn 0.527559 0.464567 -0.708661 
vn 0.527559 0.464567 -0.708661 
vn 0 -0.708661 -0.708661 
vn 0 -0.708661 -0.708661 
vn 0 0 -1 
vn 0 0 -1 
vn 0 0.708661 -0.708661 
vn 0 0.708661 -0.708661 
vn 0 0 -1 
vn 0 0 -1 
vn -0.291339 -0.566929 0.771654 
vn -0.291339 -0.566929 -0.771654 
vn 0.267717 -0.590551 -0.76378 
vn -0.291339 -0.566929 -0.771654 
vn 0.267717 -0.590551 -0.76378 
vn -0.291339 -0.566929 -0.771654 
vn 0.267717 -0.590551 -0.76378 
vn 0 0 -1 
vn 0 0 -1 
vn 0 0 -1 
vn 0 0 -1 
vn 0 0 -1 
vn 0 0 -1 
vn 0 0 -1 
vn 0 0 -1 
vn 0 0 -1 
vn 0 0 -1 
vn 0 0 -1 
vn 0 0 -1 
vn 0 0 -1 
vn 0 0 -1 
vn 0 0 -1 
vn 0 0 -1 
vn 0 -0.653543 0.755906 
vn -0.409449 0.645669 -0.645669 
vn -0.409449 0.645669 -0.645669 
vn -0.409449 0 -0.913386 
vn -0.409449 0 -0.913386 
vn -0.464567 -0.464567 -0.755906 
vn 0 -0.653543 -0.755906 
vn 0 -0.653543 -0.755906 
vn -0.464567 -0.464567 -0.755906 
vn 0.464567 -0.464567 -0.755906 
vn -0.653543 0 -0.755906 
vn 0.464567 -0.464567 -0.755906 
vn -0.653543 0 -0.755906 
vn 0.653543 0 -0.755906 
vn -0.464567 0.464567 -0.755906 
vn 0.653543 0 -0.755906 
vn -0.464567 0.464567 -0.755906 
vn 0 0.653543 -0.755906 
vn 0 0.653543 -0.755906 
vn 0.464567 0.464567 -0.755906 
vn 0.464567 0.464567 -0.755906 
vn 0 0.653543 -0.755906 
vn 0 0.653543 -0.755906 
vn -1 0 0 
vn -0.92126 -0.385827 0 
vn -0.409449 0 0.913386 
vn 0.291339 0.566929 -0.771654 
vn 0.291339 0.566929 -0.76378 
vn 0.291339 0.566929 -0.76378 
vn 0 0 -1 
vn 0 0 -1 
vn 0 -0.19685 -0.984252 
vn 0 -0.19685 -0.984252 
vn 0 0.708661 -0.708661 
vn 0 0.708661 -0.708661 
vn 0 0 -1 
vn 0 -0.19685 -0.984252 
vn 0 0 -1 
vn 0 0 -1 
vn 0 0 -1 
vn 0 -0.19685 -0.984252 
vn 0 0.708661 -0.708661 
vn 0 -0.19685 -0.984252 
vn 0 0 -1 
vn 0 0 -1 
vn 0 0.708661 -0.708661 
vn -0.251969 -0.527559 -0.811024 
vn -0.535433 -0.251969 -0.811024 
vn -0.559055 -0.188976 -0.80315 
vn -0.19685 -0.551181 -0.811024 
vn 0.338583 0.511811 0.787402 
vn 0 0.685039 -0.732283 
vn 0.338583 0.511811 -0.787402 
vn 0.330709 0.511811 -0.787402 
vn 0 0.685039 -0.732283 
vn -0.527559 0.464567 -0.708661 
vn -0.527559 0.464567 -0.708661 
vn -0.527559 0.464567 -0.708661 
vn -0.527559 0.464567 -0.708661 
vn 0 -0.685039 -0.732283 
vn -0.259843 -0.590551 -0.76378 
vn -0.259843 -0.590551 -0.76378 
vn 0 -0.685039 -0.732283 
vn 0 0 -1 
vn 0 0 -1 
vn 0 0 -1 
vn 0 0 -1 
vn 0 0 -1 
vn 0 0 -1 
vn 0 0 -1 
vn 0 0 -1 
vn 0 0 -1 
vn 0 0 -1 
vn 0 0 -1 
vn 0 0 -1 
vn 0 0 -1 
vn 0 0 -1 
vn 0 0 -1 
vn 0 0 -1 
vn 0 0 1 
vn -0.181102 0.574803 -0.80315 
vn -0.19685 0.559055 -0.80315 
vn -0.275591 0.503937 -0.818898 
vn -0.259843 0.511811 -0.818898 
vn -0.181102 0.488189 -0.850394 
vn 0.19685 0.480315 -0.858268 
vn 0.19685 0.480315 -0.858268 
vn -0.181102 0.488189 -0.850394 
vn 0 0 -1 
vn 0 0 -1 
vn 0 0 -1 
vn 0 0 -1 
vn 0 0 -1 
vn 0 0 -1 
vn 0 0 -1 
vn 0 0 -1 
vn 0 0 -1 
vn 0 0 -1 
vn 0 0 -1 
vn 0 0 -1 
vn 0 0 -1 
vn 0 0 -1 
vn 0 0 -1 
vn 0 0 -1 
vn 0 0 -1 
vn 0 0 -1 
vn 0 0 -1 
vn 0 0 -1 
vn 0 0 -1 
vn 0 0 -1 
vn 0 0 -1 
vn 0 0 -1 
vn 0 0 -1 
vn 0 0 -1 
vn 0 0 -1 
vn 0 0 -1 
vn 0 0 -1 
vn 0 0 -1 
vn 0 0 -1 
vn 0 0 -1 
vn 0 0 -1 
vn 0 0 -1 
vn 0 0 -1 
vn 0 0 -1 
vn 0 0 -1 
vn 0 0 -1 
vn 0 0 -1 
vn 0 0 -1 
vn 0 0 -1 
vn 0 0 -1 
vn 0 0 -1 
vn 0 0 -1 
vn 0 0 -1 
vn 0 0 -1 
vn 0 0 -1 
vn 0 0 -1 
vn 0 0 -1 
vn 0 0 -1 
vn 0 0 -1 
vn 0 0 -1 
vn 0 0 -1 
vn 0 0 -1 
vn 0 0 -1 
vn 0 0 -1 
vn 0 0 -1 
vn 0 0 -1 
vn 0 0 -1 
vn 0 0 -1 
vn 0 0 -1 
vn 0 0 -1 
vn 0 0 -1 
vn 0 0 -1 
vn 0 0 -1 
vn 0 0 -1 
vn 0 0 -1 
vn 0 0 -1 
vn 0 0 -1 
vn 0 0 -1 
vn 0 0 -1 
vn 0 0 -1 
vn 0 0 -1 
vn 0 0 -1 
vn 0 0 -1 
vn 0 0 -1 
vn 0.125984 -0.511811 -0.850394 
vn 0.23622 -0.440945 -0.866142 
vn 0.23622 -0.440945 -0.866142 
vn 0.141732 -0.503937 -0.850394 
vn 0.464567 0.00787402 -0.88189 
vn 0.11811 -0.527559 -0.84252 
vn 0.464567 0.023622 -0.88189 
vn 0.149606 -0.511811 -0.84252 
vn 0.228346 0.448819 -0.858268 
vn -0.188976 -0.496063 -0.850394 
vn 0.212598 0.464567 -0.858268 
vn -0.204724 -0.488189 -0.850394 
vn -0.291339 0.330709 -0.897638 
vn -0.448819 -0.291339 -0.84252 
vn -0.299213 0.322835 -0.897638 
vn -0.448819 -0.291339 -0.84252 
vn -0.535433 -0.0708661 -0.84252 
vn -0.535433 -0.0708661 -0.84252 
vn 0 0 1 
vn -0.913386 0.409449 0 
vn 0 0 -1 
vn 0 0 -1 
vn 0 0 -1 
vn 0 0 -1 
vn 0 0 -1 
vn 0 0 -1 
vn 0 0 -1 
vn 0 0 -1 
vn 0 0 -1 
vn 0 0 -1 
vn 0 0 -1 
vn 0 0 -1 
vn 0 0 -1 
vn 0 0 -1 
vn 0.330709 0.511811 -0.787402 
vn 0 0.685039 -0.732283 
vn 0 0.685039 -0.732283 
vn 0.338583 0.511811 -0.787402 
vn 0 0.685039 -0.732283 
vn 0 0.685039 -0.732283 
vn 0 0.685039 -0.732283 
vn 0 0.685039 -0.732283 
vn 0 0.685039 -0.732283 
vn 0 0.685039 -0.732283 
vn 0 0.551181 -0.834646 
vn -0.141732 0.503937 -0.850394 
vn 0 0.551181 -0.834646 
vn -0.141732 0.503937 -0.850394 
vn 0 0.551181 -0.834646 
vn -0.125984 0.511811 -0.850394 
vn 0 -0.19685 0.984252 
vn 0.409449 0 -0.913386 
vn 0.409449 0 -0.913386 
vn 0.409449 -0.645669 -0.645669 
vn 0.409449 -0.645669 -0.645669 
vn 0.267717 -0.590551 -0.76378 
vn 0.598425 -0.0472441 -0.80315 
vn 0.598425 -0.0472441 -0.80315 
vn 0.598425 -0.0472441 -0.80315 
vn 0.267717 -0.590551 -0.76378 
vn 0.267717 -0.590551 -0.76378 
vn 0.409449 -0.645669 0.645669 
vn 0.299213 -0.543307 -0.787402 
vn -0.338583 -0.511811 -0.787402 
vn -0.338583 -0.511811 -0.787402 
vn 0.283465 -0.551181 -0.787402 
vn -0.11811 0.527559 -0.84252 
vn 0 0.566929 -0.818898 
vn 0 0.566929 -0.818898 
vn 0 0.566929 -0.818898 
vn -0.11811 0.527559 -0.84252 
vn -0.149606 0.511811 -0.84252 
vn 0 0.566929 0.818898 
vn 0 0 -1 
vn 0 0 -1 
vn 0 0 -1 
vn 0 0 -1 
vn 0 0 -1 
vn 0 0 -1 
vn 0 0 -1 
vn 0 0 -1 
vn 0 0 -1 
vn 0 0 -1 
vn 0 0 -1 
vn 0 0 -1 
vn 0 0 -1 
vn 0 0 -1 
vn -0.606299 0.0629921 -0.795276 
vn -0.566929 -0.488189 -0.669291 
vn -0.566929 -0.488189 -0.669291 
vn -0.606299 0.0629921 -0.795276 
vn -0.685039 -0.23622 -0.685039 
vn -0.606299 0.354331 -0.716535 
vn -0.204724 0.708661 -0.677165 
vn -0.685039 -0.23622 -0.685039 
vn -0.590551 -0.456693 -0.669291 
vn -0.590551 -0.456693 -0.669291 
vn -0.188976 0.708661 -0.677165 
vn 0.283465 0.661417 -0.700787 
vn 0.283465 0.661417 -0.700787 
vn 0.645669 0.354331 -0.677165 
vn 0.645669 0.354331 -0.677165 
vn 0.535433 -0.275591 -0.80315 
vn 0.519685 -0.291339 -0.80315 
vn 0.141732 0.0708661 -0.984252 
vn 0.149606 0.015748 -0.992126 
vn -0.393701 0.385827 -0.834646 
vn 0.393701 0.385827 -0.834646 
vn 0.393701 0.385827 -0.834646 
vn -0.393701 0.385827 -0.834646 
vn 0.393701 0.385827 -0.834646 
vn -0.393701 0.385827 -0.834646 
vn 0.559055 0.401575 -0.732283 
vn 0.559055 0.401575 -0.732283 
vn 0.559055 0.401575 -0.732283 
vn 0.559055 0.401575 -0.732283 
vn 0.362205 0.472441 -0.80315 
vn 0 0.685039 -0.732283 
vn 0 0.685039 -0.732283 
vn 0.362205 0.480315 -0.80315 
vn 0.685039 -0.00787402 -0.732283 
vn 0.393701 0.385827 -0.834646 
vn 0.393701 0.385827 -0.834646 
vn 0.685039 -0.00787402 -0.732283 
vn -0.708661 0 -0.708661 
vn -0.708661 0 -0.708661 
vn 0 0 -1 
vn 0 0 -1 
vn 0.708661 0 -0.708661 
vn 0.708661 0 -0.708661 
vn 0 -1 0 
vn 0 -0.708661 -0.708661 
vn 0 -0.708661 -0.708661 
vn 0 0 -1 
vn 0 0 -1 
vn 0 0.708661 -0.708661 
vn 0 0.708661 -0.708661 
vn -0.291339 -0.566929 -0.771654 
vn -0.291339 -0.566929 -0.771654 
vn -0.291339 -0.566929 -0.771654 
vn -0.291339 -0.566929 -0.771654 
vn -0.708661 0 -0.708661 
vn -0.708661 0 -0.708661 
vn 0 0 -1 
vn 0 0 -1 
vn 0.708661 0 -0.708661 
vn 0.708661 0 -0.708661 
vn 1 0 0 
vn 0 0.700787 -0.708661 
vn 0 0.700787 -0.708661 
vn 0 0.700787 -0.708661 
vn 0 0.700787 -0.708661 
vn 0.0393701 0.755906 -0.653543 
vn 0 0.685039 -0.732283 
vn 0 0.685039 -0.732283 
vn 0.0629921 0.80315 -0.590551 
vn 0.291339 0.566929 -0.76378 
vn 0.291339 0.566929 -0.771654 
vn 0.291339 0.566929 -0.771654 
vn -0.314961 0.141732 -0.937008 
vn 0.291339 0.566929 -0.76378 
vn -0.314961 0.141732 -0.937008 
vn 0.84252 -0.535433 0 
vn -0.251969 0.590551 -0.76378 
vn 0 0.622047 -0.779528 
vn 0 0.622047 -0.779528 
vn -0.417323 0.551181 -0.724409 
vn -0.409449 0 -0.913386 
vn -0.409449 -0.645669 -0.645669 
vn -0.409449 0 -0.913386 
vn -0.409449 -0.645669 -0.645669 
vn -0.559055 0.401575 -0.732283 
vn -0.559055 0.401575 -0.732283 
vn -0.559055 0.401575 -0.732283 
vn -0.559055 0.401575 -0.732283 
vn 0 -0.708661 -0.708661 
vn 0 -0.708661 -0.708661 
vn 0 0 -1 
vn 0 0 -1 
vn 0 0.708661 -0.708661 
vn 0 0.708661 -0.708661 
vn 0 1 0 
vn 0.291339 0.566929 -0.771654 
vn -0.19685 0.559055 -0.80315 
vn -0.259843 0.511811 -0.818898 
vn 0.291339 0.566929 -0.771654 
vn -0.393701 0.385827 -0.834646 
vn -0.685039 -0.00787402 -0.732283 
vn -0.685039 -0.00787402 -0.732283 
vn -0.685039 -0.00787402 -0.732283 
vn -0.393701 0.385827 -0.834646 
vn -0.393701 0.385827 -0.834646 
vn -0.535433 -0.251969 -0.811024 
vn -0.346457 0.346457 -0.874016 
vn -0.346457 0.346457 -0.874016 
vn -0.559055 -0.188976 -0.80315 
vn -0.401575 0.551181 -0.724409 
vn -0.346457 0.346457 -0.874016 
vn -0.346457 0.346457 -0.874016 
vn -0.267717 0.590551 -0.76378 
vn 0.330709 0.511811 -0.787402 
vn 0.330709 0.511811 -0.787402 
vn 0.338583 0.511811 -0.787402 
vn 0.338583 0.511811 -0.787402 
vn -0.259843 -0.590551 -0.76378 
vn -0.314961 0.141732 -0.937008 
vn -0.314961 0.141732 -0.937008 
vn -0.259843 -0.590551 -0.76378 
vn -0.314961 0.141732 -0.937008 
vn -0.259843 -0.590551 -0.76378 
vn 0 -0.708661 -0.708661 
vn 0 -0.708661 -0.708661 
vn 0 0 -1 
vn 0 0 -1 
vn 0 0.708661 -0.708661 
vn 0 0.708661 -0.708661 
vn 0.409449 -0.913386 0 
vn 1 0 0 
vn 0 -1 0 
vn -0.228346 0.692913 -0.685039 
vn -0.448819 -0.433071 -0.779528 
vn -0.448819 -0.433071 -0.779528 
vn -0.448819 -0.433071 -0.779528 
vn -0.448819 -0.433071 -0.779528 
vn 0.322835 0.480315 -0.818898 
vn -0.181102 0.574803 -0.80315 
vn -0.275591 0.503937 -0.818898 
vn 0.251969 0.535433 -0.811024 
vn 0 1 0 
vn 0 0.708661 -0.708661 
vn 0 0.708661 -0.708661 
vn 0 0 -1 
vn 0 0 -1 
vn 0 -0.708661 -0.708661 
vn 0 -0.708661 -0.708661 
vn 0 0 -1 
vn 0 0 -1 
vn 0 0 -1 
vn 0 0 -1 
vn 0 0 -1 
vn 0 0 -1 
vn 0 0 -1 
vn 0 0 -1 
vn 0 0 -1 
vn 0 0 -1 
vn 0 0 -1 
vn 0 0 -1 
vn 0 0 -1 
vn 0 0 -1 
vn 0 0 -1 
vn 0 0 -1 
vn 0 0 -1 
vn 0 0 -1 
vn 0.0393701 0.755906 -0.653543 
vn 0.102362 0.866142 -0.488189 
vn 0.0629921 0.80315 -0.590551 
vn 0.598425 -0.0472441 -0.80315 
vn 0.574803 0.370079 -0.732283 
vn 0.574803 0.370079 -0.732283 
vn 0.598425 -0.0472441 -0.80315 
vn -0.409449 -0.913386 0 
vn 0 -0.708661 -0.708661 
vn -0.629921 -0.551181 -0.551181 
vn 0 0 -1 
vn -0.629921 0 -0.779528 
vn -0.629921 0.551181 -0.551181 
vn 0 0.708661 -0.708661 
vn -0.629921 0 -0.779528 
vn 0 0 -1 
vn 0 0 -1 
vn 0 -0.708661 -0.708661 
vn 0 0 -1 
vn 0 -0.708661 -0.708661 
vn 0 0.708661 -0.708661 
vn 0 0.708661 -0.708661 
vn 0 -1 0 
vn 0 1 0 
vn 0 -0.708661 0.708661 
vn 0 0 1 
vn -0.417323 -0.338583 -0.84252 
vn -0.417323 -0.338583 -0.84252 
vn -0.417323 -0.338583 -0.84252 
vn -0.417323 -0.338583 -0.84252 
vn 0 -1 0 
vn 0 -0.708661 -0.708661 
vn 0 -0.708661 -0.708661 
vn 0 0 -1 
vn 0 0 -1 
vn 0 0.708661 -0.708661 
vn 0 0.708661 -0.708661 
vn 0 -0.708661 -0.708661 
vn 0 -0.708661 -0.708661 
vn 0 0 -1 
vn 0 0 -1 
vn 0 0.708661 -0.708661 
vn 0 0.708661 -0.708661 
vn -0.125984 0.511811 -0.850394 
vn -0.149606 0.511811 -0.84252 
vn -0.11811 0.527559 -0.84252 
vn -0.11811 0.527559 -0.84252 
vn -0.141732 0.503937 -0.850394 
vn -0.125984 0.511811 -0.850394 
vn -0.606299 0.0629921 -0.795276 
vn -0.228346 0.692913 -0.685039 
vn -0.228346 0.692913 -0.685039 
vn -0.606299 0.0629921 -0.795276 
vn 0 1 0 
vn 0 0.708661 -0.708661 
vn 0 0.708661 -0.708661 
vn 0 0 -1 
vn 0 0 -1 
vn 0 -0.708661 -0.708661 
vn 0 -0.708661 -0.708661 
vn 0 -0.708661 0.708661 
vn 0.299213 -0.543307 -0.787402 
vn 0.551181 -0.354331 -0.755906 
vn 0.551181 -0.354331 -0.755906 
vn 0.283465 -0.551181 -0.787402 
vn 0.527559 0.283465 -0.80315 
vn 0.322835 0.480315 -0.818898 
vn 0.527559 0.283465 -0.80315 
vn 0.251969 0.535433 -0.811024 
vn 0.456693 0 -0.889764 
vn 0.456693 -0.629921 -0.629921 
vn 0.456693 -0.629921 -0.629921 
vn 0.456693 0 -0.889764 
vn 0.456693 0.629921 -0.629921 
vn 0.456693 0.629921 -0.629921 
vn -0.456693 0.299213 -0.834646 
vn -0.456693 0.299213 -0.834646 
vn -0.456693 0.299213 -0.834646 
vn -0.456693 0.299213 -0.834646 
vn -0.393701 0 -0.92126 
vn -0.393701 -0.645669 -0.645669 
vn -0.393701 0 -0.92126 
vn -0.393701 0.645669 -0.645669 
vn -0.393701 -0.645669 -0.645669 
vn -0.393701 0.645669 -0.645669 
vn -0.440945 0.314961 -0.84252 
vn -0.181102 0.488189 -0.850394 
vn -0.440945 0.314961 -0.84252 
vn -0.181102 0.488189 -0.850394 
vn -0.527559 -0.11811 -0.84252 
vn -0.519685 0 -0.850394 
vn -0.519685 0 -0.850394 
vn -0.519685 0 -0.850394 
vn -0.527559 -0.11811 -0.84252 
vn -0.527559 -0.11811 -0.84252 
vn -0.527559 -0.11811 0.84252 
vn 0.425197 0 -0.905512 
vn 0.425197 0.637795 -0.637795 
vn 0.425197 0.637795 -0.637795 
vn 0.425197 0 -0.905512 
vn 0.425197 -0.637795 -0.637795 
vn 0.425197 -0.637795 -0.637795 
vn -0.472441 0.622047 -0.622047 
vn -0.472441 0.622047 -0.622047 
vn -0.472441 0 -0.88189 
vn -0.472441 0 -0.88189 
vn -0.472441 -0.622047 -0.622047 
vn -0.472441 -0.622047 -0.622047 
vn -0.440945 0.314961 -0.84252 
vn -0.519685 0 -0.850394 
vn -0.519685 0 -0.850394 
vn -0.440945 0.314961 -0.84252 
vn -0.527559 -0.11811 -0.84252 
vn -0.551181 -0.023622 -0.834646 
vn -0.551181 -0.023622 -0.834646 
vn -0.527559 -0.11811 -0.84252 
vn 0.456693 0.629921 -0.629921 
vn 0.456693 0.629921 -0.629921 
vn 0.456693 0 -0.889764 
vn 0.456693 0 -0.889764 
vn 0.456693 -0.629921 -0.629921 
vn 0.456693 -0.629921 -0.629921 
vn 0 -0.708661 -0.708661 
vn -0.629921 -0.551181 -0.551181 
vn 0 0 -1 
vn -0.629921 0 -0.779528 
vn 0 0.708661 -0.708661 
vn -0.629921 0.551181 -0.551181 
vn -0.629921 0 -0.779528 
vn 0 0 -1 

vt 30.0144 -23.0487 
vt 29.9871 -23.0637 
vt 30.0144 -23.0637 
vt 29.9871 -23.0487 
vt 30.0124 -22.9953 
vt 29.9891 -23.0606 
vt 30.0124 -23.0606 
vt 29.9891 -22.9953 
vt 30.0144 -23.0112 
vt 29.9871 -23.0487 
vt 30.0144 -23.0487 
vt 29.9871 -23.0112 
vt 30.0144 -22.9812 
vt 29.9871 -22.9812 
vt 30.0144 -22.975 
vt 29.9871 -22.975 
vt 30.0144 -22.9812 
vt 29.9871 -22.9812 
vt 30.0124 -22.9811 
vt 30.0163 -23.0608 
vt 29.9852 -23.0485 
vt 29.9874 -23.0581 
vt 29.9874 -22.9964 
vt 29.9897 -23.0288 
vt 30.0118 -23.0288 
vt 30.0118 -23.0175 
vt 29.9897 -23.0175 
vt 30.0118 -22.9988 
vt 29.9897 -22.9988 
vt 30.0118 -23.0175 
vt 30.0115 -23.0565 
vt 30.0086 -23.0575 
vt 30.0109 -22.9342 
vt 30.0122 -22.9443 
vt 30.0151 -22.9443 
vt 30.0109 -22.9545 
vt 30.0088 -22.9362 
vt 30.0088 -22.9524 
vt 30.0007 -22.93 
vt 30.0007 -22.9587 
vt 30.0007 -22.9329 
vt 30.0007 -22.9558 
vt 29.9926 -22.9362 
vt 29.9926 -22.9524 
vt 29.9906 -22.9342 
vt 29.9893 -22.9443 
vt 29.9864 -22.9443 
vt 29.9906 -22.9545 
vt 29.9893 -22.9443 
vt 29.9864 -22.9443 
vt 30.0064 -23.0192 
vt 29.9951 -23.0192 
vt 29.9951 -23.0363 
vt 30.0064 -23.0363 
vt 29.9928 -23.0575 
vt 30.0086 -23.0575 
vt 30.0086 -23.0076 
vt 29.9928 -23.0076 
vt 30.0163 -22.9778 
vt 29.9848 -22.9443 
vt 30.0086 -23.085 
vt 30.0136 -23.0009 
vt 29.9879 -23.0009 
vt 29.9882 -22.995 
vt 30.0086 -23.0575 
vt 30.0115 -23.0102 
vt 30.0115 -23.0565 
vt 29.9928 -23.0575 
vt 29.99 -23.0102 
vt 29.99 -23.0565 
vt 30.0007 -22.9278 
vt 29.989 -22.9326 
vt 29.9875 -22.9443 
vt 30.0115 -23.0824 
vt 29.99 -23.0824 
vt 30.0124 -23.0606 
vt 29.9891 -23.0606 
vt 30.0122 -22.9914 
vt 29.9882 -22.9914 
vt 30.0122 -23.0182 
vt 30.0122 -23.0182 
vt 29.9882 -22.9914 
vt 29.9882 -23.0182 
vt 30.0064 -23.0484 
vt 29.9951 -23.0484 
vt 29.9982 -22.915 
vt 29.9863 -23.0446 
vt 30.0018 -22.915 
vt 30.0031 -22.9205 
vt 30 -22.9205 
vt 30 -22.915 
vt 29.9982 -22.915 
vt 29.9969 -22.9205 
vt 30.0086 -23.0143 
vt 29.9928 -23.0143 
vt 30.0086 -23.0443 
vt 29.9928 -23.0443 
vt 29.9928 -23.0706 
vt 30.0086 -23.0706 
vt 30.014 -23.0446 
vt 30.014 -23.0086 
vt 29.9863 -23.0446 
vt 29.9863 -23.0086 
vt 29.9866 -22.9931 
vt 30.0118 -23.0393 
vt 30.0118 -23.0184 
vt 29.9897 -23.0393 
vt 29.9897 -23.0184 
vt 29.983 -22.9443 
vt 30.0007 -22.9246 
vt 29.9912 -22.9227 
vt 30.0064 -23.0393 
vt 29.9951 -23.0393 
vt 29.9841 -23.0424 
vt 29.9874 -23.0581 
vt 30.0162 -23.0424 
vt 29.9841 -23.009 
vt 30.0122 -23.0342 
vt 29.9882 -23.0342 
vt 30.0093 -22.9357 
vt 29.9882 -22.9914 
vt 29.9882 -22.978 
vt 30.0122 -22.9914 
vt 30.0122 -22.978 
vt 30.0104 -22.9482 
vt 29.9896 -22.9482 
vt 30.0104 -22.9792 
vt 29.9896 -22.9792 
vt 30.0104 -22.9482 
vt 30 -22.9318 
vt 29.9896 -22.9482 
vt 29.9914 -22.9353 
vt 29.9879 -22.9439 
vt 30.0086 -22.9353 
vt 30.0121 -22.9439 
vt 30.0163 -23.0586 
vt 29.9879 -23.0372 
vt 30.0007 -22.9322 
vt 30.0124 -23.0232 
vt 30.0124 -23.0056 
vt 29.9891 -23.0232 
vt 29.9891 -23.0441 
vt 30.0124 -23.0441 
vt 29.9891 -23.0056 
vt 30.0122 -22.9789 
vt 30.0138 -22.9923 
vt 29.9886 -22.9443 
vt 29.9882 -23.011 
vt 30.0122 -23.0342 
vt 30.0122 -23.011 
vt 29.9882 -23.0342 
vt 30.0122 -23.0054 
vt 29.9882 -23.0054 
vt 29.9698 -22.9437 
vt 29.9698 -22.9418 
vt 29.9752 -22.9406 
vt 29.9752 -22.9437 
vt 29.9698 -22.9437 
vt 29.9698 -22.9455 
vt 29.9752 -22.9468 
vt 30.0302 -22.9455 
vt 30.0248 -22.9468 
vt 30.0248 -22.9437 
vt 30.0302 -22.9437 
vt 30.0302 -22.9418 
vt 30.0248 -22.9406 
vt 30.0122 -22.9914 
vt 29.9882 -22.9914 
vt 30.0122 -22.978 
vt 29.9882 -22.978 
vt 29.9866 -23.0037 
vt 30.0138 -23.0037 
vt 29.9752 -22.9498 
vt 30.0248 -22.9498 
vt 30.0248 -22.9393 
vt 29.9775 -22.9375 
vt 29.9775 -22.9499 
vt 29.9775 -22.9524 
vt 29.9863 -22.9961 
vt 30.014 -23.0086 
vt 30.014 -22.9961 
vt 29.9863 -23.0086 
vt 30.0109 -22.9443 
vt 30.0104 -22.9482 
vt 30.0104 -22.9792 
vt 30.0086 -22.9353 
vt 30 -22.9318 
vt 29.9914 -22.9353 
vt 29.9882 -22.9664 
vt 30.0122 -22.9664 
vt 29.9882 -22.994 
vt 29.9866 -22.9923 
vt 30.0138 -22.9923 
vt 30.0122 -22.994 
vt 30.0163 -22.9854 
vt 29.9866 -23.0015 
vt 29.9852 -22.9854 
vt 29.9852 -22.9778 
vt 30.0138 -23.0015 
vt 30.0078 -22.9393 
vt 30.0078 -22.9498 
vt 30.0078 -22.948 
vt 30.0156 -22.948 
vt 30.0078 -22.9437 
vt 30.0156 -22.9437 
vt 30.0078 -22.9393 
vt 30.0156 -22.9393 
vt 29.9844 -22.9393 
vt 29.9922 -22.9393 
vt 29.9844 -22.9393 
vt 29.9922 -22.9437 
vt 29.9844 -22.9437 
vt 29.9922 -22.948 
vt 29.9844 -22.948 
vt 29.9866 -22.9967 
vt 29.9866 -22.9797 
vt 29.9866 -22.9797 
vt 29.9866 -23.0181 
vt 30.0141 -23.003 
vt 30.0141 -22.9887 
vt 30.0138 -23.0181 
vt 29.9874 -22.9887 
vt 29.9874 -23.0234 
vt 29.9874 -23.0209 
vt 30.0136 -23.0097 
vt 29.9879 -23.0097 
vt 30.0122 -23.0064 
vt 30.0115 -23.0732 
vt 30.0115 -23.0241 
vt 29.9882 -22.978 
vt 30.0122 -22.978 
vt 30.0122 -22.978 
vt 29.9896 -22.9482 
vt 29.9896 -22.9792 
vt 29.9882 -22.9789 
vt 29.9922 -22.9529 
vt 30.0122 -22.9789 
vt 30.0064 -22.9989 
vt 30.0064 -23.0192 
vt 29.9951 -23.0192 
vt 30.0122 -22.9664 
vt 29.9882 -22.9664 
vt 29.9882 -22.978 
vt 30.0122 -22.978 
vt 30.0115 -23.0456 
vt 30.0086 -23.0443 
vt 30.0086 -23.0143 
vt 30.0115 -23.0125 
vt 29.9882 -22.9893 
vt 29.99 -23.0456 
vt 29.9928 -23.0443 
vt 29.9928 -23.0143 
vt 29.99 -23.0125 
vt 30.0122 -22.9893 
vt 29.9882 -22.9817 
vt 30.0044 -22.9374 
vt 30.0044 -22.9296 
vt 30 -22.9374 
vt 30 -22.9296 
vt 29.9956 -22.9374 
vt 29.9956 -22.9296 
vt 29.9925 -22.999 
vt 30.0124 -22.9907 
vt 30.009 -22.9825 
vt 30.0062 -22.9227 
vt 30.0062 -22.9296 
vt 30 -22.9296 
vt 30 -22.9227 
vt 29.9938 -22.9227 
vt 29.9938 -22.9296 
vt 29.9882 -22.9789 
vt 30.0122 -22.9789 
vt 29.9882 -22.9968 
vt 30.0122 -22.9968 
vt 30.0118 -22.9988 
vt 30.0079 -22.9515 
vt 30.0083 -22.9983 
vt 30.0083 -22.9832 
vt 30.0122 -22.9817 
vt 29.9882 -22.9893 
vt 30.0122 -22.9893 
vt 29.9882 -22.9817 
vt 30 -22.9318 
vt 30.0104 -22.9482 
vt 30.0086 -22.9353 
vt 30.0121 -22.9439 
vt 29.9896 -22.9482 
vt 29.9914 -22.9353 
vt 29.9879 -22.9439 
vt 30.0104 -22.9792 
vt 29.9896 -22.9482 
vt 29.9896 -22.9792 
vt 30.0104 -22.9482 
vt 30.0122 -22.978 
vt 29.9882 -22.9817 
vt 30.0122 -22.9817 
vt 29.9882 -22.978 
vt 30.0007 -22.981 
vt 30.0007 -22.9565 
vt 30.0156 -22.9524 
vt 30.0225 -22.9499 
vt 30.0156 -22.9499 
vt 30.0225 -22.9437 
vt 30.0156 -22.9437 
vt 30.0225 -22.9375 
vt 30.0156 -22.9375 
vt 29.9844 -22.9524 
vt 29.9844 -22.9437 
vt 29.9775 -22.9375 
vt 29.9844 -22.9375 
vt 29.9775 -22.9437 
vt 29.9844 -22.9437 
vt 29.9775 -22.9499 
vt 29.9844 -22.9499 
vt 29.9882 -23.0164 
vt 30.0122 -23.0164 
vt 30.0007 -22.9545 
vt 29.9882 -23.0062 
vt 30.0122 -23.0062 
vt 30.0122 -22.9998 
vt 29.9882 -22.9998 
vt 29.9882 -23.0164 
vt 30.0122 -23.0164 
vt 29.9882 -22.9968 
vt 30.0122 -22.9968 
vt 30.0007 -22.9545 
vt 29.9951 -23.0192 
vt 29.9951 -23.0484 
vt 30.0064 -23.0192 
vt 30.0064 -23.0484 
vt 30.0064 -23.0393 
vt 30.0064 -22.9989 
vt 29.9951 -22.9989 
vt 29.9951 -23.0393 
vt 30.3445 -23.0073 
vt 30.3445 -23.0007 
vt 30.3445 -22.9914 
vt 30.3445 -23.0007 
vt 30.3407 -22.9891 
vt 30.3445 -22.9942 
vt 30.3407 -22.9925 
vt 30.3407 -23.0007 
vt 30.3445 -23.0007 
vt 30.3445 -23.0073 
vt 30.3407 -23.009 
vt 30.3407 -23.0124 
vt 30.289 -23.0063 
vt 30.289 -23.0007 
vt 30.289 -22.9952 
vt 30.1841 -23.0076 
vt 30.1806 -23.0007 
vt 30.1806 -23.0083 
vt 30.1841 -23.0007 
vt 30.1841 -22.9939 
vt 30.1841 -23.0076 
vt 30.1806 -22.9932 
vt 30.1841 -23.0007 
vt 30.1799 -23.0122 
vt 30.1799 -22.9882 
vt 29.6903 -23.0124 
vt 29.6903 -22.9891 
vt 29.6768 -23.0144 
vt 29.6768 -22.9871 
vt 30.1782 -22.9866 
vt 29.6903 -23.0124 
vt 29.7051 -23.0124 
vt 29.6903 -22.9891 
vt 29.7051 -22.9891 
vt 29.6929 -22.9874 
vt 29.8191 -23.0109 
vt 29.8191 -23.0122 
vt 29.8191 -23.0007 
vt 29.8191 -23.0007 
vt 29.8191 -22.9906 
vt 29.8191 -22.9864 
vt 29.8191 -22.9906 
vt 30.2854 -23.0064 
vt 30.2709 -22.9951 
vt 29.7988 -23.0086 
vt 29.7988 -22.9928 
vt 29.8412 -23.0086 
vt 29.8412 -22.9928 
vt 29.6842 -23.0163 
vt 29.8191 -23.0109 
vt 29.8266 -23.012 
vt 29.8266 -23.0007 
vt 29.8191 -23.0007 
vt 29.8191 -22.9906 
vt 29.8266 -22.9895 
vt 29.6842 -22.9852 
vt 30.0441 -22.9887 
vt 30.0441 -23.0007 
vt 30.0441 -22.9887 
vt 30.0441 -23.0178 
vt 30.0441 -23.0128 
vt 30.0441 -23.0007 
vt 30.0354 -22.9794 
vt 30.0441 -22.9887 
vt 30.0354 -22.9857 
vt 30.0354 -23.0007 
vt 30.0441 -23.0007 
vt 30.0441 -23.0128 
vt 30.0354 -23.0158 
vt 30.0354 -23.0158 
vt 30.0354 -22.9857 
vt 29.8455 -23.0086 
vt 30.0285 -23.0104 
vt 30.0285 -23.0144 
vt 29.7919 -22.9879 
vt 30.0464 -22.9882 
vt 30.0287 -23.0122 
vt 30.0464 -23.0122 
vt 30.0287 -22.9882 
vt 29.8009 -23.0115 
vt 29.8009 -22.99 
vt 29.8454 -23.0007 
vt 29.8554 -23.0007 
vt 29.8454 -22.9914 
vt 29.8454 -23.0101 
vt 29.8554 -22.989 
vt 29.8554 -22.9842 
vt 29.8554 -23.0125 
vt 29.8443 -23.0115 
vt 29.8443 -22.99 
vt 29.7814 -23.0124 
vt 29.8489 -23.0122 
vt 29.8489 -22.9882 
vt 29.9202 -23.0026 
vt 29.9228 -23 
vt 29.9184 -23.0018 
vt 29.9221 -23.0018 
vt 29.9184 -22.9982 
vt 29.9177 -23 
vt 29.9202 -22.9974 
vt 29.9221 -22.9982 
vt 29.8449 -23.0086 
vt 29.8356 -22.9928 
vt 29.8356 -23.0086 
vt 29.8281 -22.9928 
vt 29.8281 -23.0086 
vt 29.878 -23.014 
vt 29.878 -22.9863 
vt 29.852 -22.9866 
vt 29.9234 -23.0031 
vt 29.9264 -23 
vt 29.9247 -23 
vt 29.9234 -22.9969 
vt 29.9246 -23.0043 
vt 29.9246 -22.9957 
vt 29.9202 -23.0044 
vt 29.9202 -22.9956 
vt 29.9202 -23.0061 
vt 29.9202 -22.9939 
vt 29.9159 -23.0043 
vt 29.9159 -22.9957 
vt 29.9171 -23.0031 
vt 29.9171 -22.9969 
vt 29.9141 -23 
vt 29.9158 -23 
vt 29.9966 -23.0133 
vt 29.9904 -23.0147 
vt 29.9904 -23.0007 
vt 29.9966 -23.0007 
vt 29.9966 -22.9882 
vt 29.9904 -22.9868 
vt 29.914 -23.0062 
vt 29.9202 -23.0088 
vt 29.9202 -23.0061 
vt 29.9159 -23.0043 
vt 29.9246 -23.0043 
vt 29.9115 -23 
vt 29.9264 -23.0062 
vt 29.9141 -23 
vt 29.929 -23 
vt 29.914 -22.9938 
vt 29.9264 -23 
vt 29.9159 -22.9957 
vt 29.9202 -22.9939 
vt 29.9202 -22.9912 
vt 29.9264 -22.9938 
vt 29.9246 -22.9957 
vt 29.9202 -22.9912 
vt 29.9202 -22.9939 
vt 29.7799 -22.9874 
vt 29.8807 -22.9841 
vt 29.9087 -23.0093 
vt 29.9087 -23.0007 
vt 29.9041 -23.0079 
vt 29.9041 -23.0007 
vt 29.9087 -23.0007 
vt 29.9041 -22.9936 
vt 29.9041 -23.0007 
vt 29.9087 -22.9922 
vt 29.8701 -22.9882 
vt 29.8738 -22.9882 
vt 29.8701 -23.0122 
vt 29.8738 -23.0122 
vt 29.9735 -22.9863 
vt 29.9735 -23.014 
vt 29.8872 -23 
vt 29.8872 -22.9879 
vt 29.8872 -23.0086 
vt 29.8872 -23.0121 
vt 29.9379 -23.0079 
vt 29.9333 -23.0007 
vt 29.9333 -23.0093 
vt 29.9379 -23.0007 
vt 29.9379 -22.9936 
vt 29.9333 -23.0007 
vt 29.9379 -23.0007 
vt 29.9333 -22.9922 
vt 29.7716 -22.9891 
vt 29.7716 -23.0124 
vt 29.7224 -23.0124 
vt 29.7224 -22.9891 
vt 29.9777 -23.0122 
vt 29.9703 -23.0138 
vt 29.8912 -23.0122 
vt 29.9087 -22.9886 
vt 29.9005 -22.9882 
vt 29.8418 -22.9879 
vt 29.9177 -22.9698 
vt 29.9221 -23.0302 
vt 29.9221 -22.9698 
vt 29.9234 -22.9752 
vt 29.9202 -22.9752 
vt 29.9202 -22.9698 
vt 29.9184 -22.9698 
vt 29.9171 -22.9752 
vt 29.9221 -23.0302 
vt 29.9234 -23.0248 
vt 29.9202 -23.0248 
vt 29.9202 -23.0302 
vt 29.9158 -23.0248 
vt 29.9184 -23.0302 
vt 29.9171 -23.0248 
vt 29.9202 -23.0248 
vt 29.9202 -23.0302 
vt 29.8489 -23.0122 
vt 29.8701 -23.0122 
vt 29.8489 -22.9882 
vt 29.8701 -22.9882 
vt 29.8191 -23.0088 
vt 29.8304 -23.0088 
vt 29.8191 -23.0007 
vt 29.8304 -23.0007 
vt 29.8191 -22.9926 
vt 29.8304 -22.9926 
vt 29.959 -22.9866 
vt 29.8997 -22.9866 
vt 29.959 -23.0138 
vt 29.9246 -22.9752 
vt 29.9159 -23.0248 
vt 29.914 -22.9775 
vt 29.9264 -23.0225 
vt 29.9107 -23.0118 
vt 29.9107 -22.9897 
vt 29.9333 -22.9886 
vt 29.8964 -23.0138 
vt 29.8994 -23.0086 
vt 29.8872 -23.0086 
vt 29.8994 -23 
vt 29.8872 -23 
vt 29.8994 -22.9914 
vt 29.8872 -22.9914 
vt 29.954 -23.0086 
vt 29.9419 -23.0086 
vt 29.954 -23 
vt 29.9419 -23 
vt 29.954 -22.9914 
vt 29.9419 -22.9914 
vt 29.9669 -22.9882 
vt 29.9669 -23.0122 
vt 29.9615 -22.9841 
vt 29.8887 -22.9882 
vt 29.9615 -23.0162 
vt 29.8887 -23.0122 
vt 29.6994 -23.0163 
vt 29.979 -22.9882 
vt 29.9629 -22.9866 
vt 29.6994 -22.9852 
vt 29.6907 -22.9852 
vt 29.979 -23.0122 
vt 29.9629 -23.0138 
vt 29.6918 -22.9871 
vt 29.9246 -23.0078 
vt 29.9202 -23.0156 
vt 29.9246 -23.0156 
vt 29.9202 -23.0078 
vt 29.9159 -23.0078 
vt 29.9159 -23.0156 
vt 29.9202 -23.0078 
vt 29.9202 -23.0156 
vt 29.9246 -22.9922 
vt 29.9246 -22.9844 
vt 29.9202 -22.9922 
vt 29.9202 -22.9844 
vt 29.9159 -22.9922 
vt 29.9159 -22.9844 
vt 30.0339 -22.9866 
vt 29.9631 -22.9866 
vt 29.9488 -22.9866 
vt 30.0225 -22.9866 
vt 29.9117 -22.9866 
vt 29.7775 -23.0141 
vt 29.789 -23.0141 
vt 30.0225 -23.0138 
vt 29.7585 -22.9874 
vt 29.789 -22.9874 
vt 29.8101 -22.9874 
vt 29.864 -23.0136 
vt 29.864 -22.9879 
vt 29.8774 -23.0122 
vt 29.8043 -23.0115 
vt 29.836 -23.0115 
vt 29.8272 -23.0115 
vt 29.8367 -23.0115 
vt 29.9106 -22.9882 
vt 29.9619 -22.9882 
vt 29.8043 -22.99 
vt 29.836 -22.99 
vt 29.9619 -23.0122 
vt 29.9479 -23.0122 
vt 29.9106 -23.0122 
vt 29.7594 -23.0124 
vt 29.7594 -22.9891 
vt 29.7685 -23.0124 
vt 29.7905 -23.0124 
vt 29.7685 -22.9891 
vt 29.7905 -22.9891 
vt 29.898 -23.0086 
vt 30.3146 -22.9951 
vt 30.0287 -22.9882 
vt 29.9669 -23.0122 
vt 30.0287 -23.0122 
vt 29.9669 -22.9882 
vt 29.9619 -22.9882 
vt 29.9619 -23.0122 
vt 29.9479 -22.9882 
vt 29.9479 -23.0122 
vt 29.8043 -23.0115 
vt 29.8069 -23.0086 
vt 29.8272 -23.0115 
vt 29.8281 -23.0086 
vt 29.8356 -23.0086 
vt 29.8367 -23.0115 
vt 29.9133 -22.9882 
vt 29.9453 -22.9882 
vt 29.8069 -22.9928 
vt 29.8043 -22.99 
vt 29.8272 -22.99 
vt 29.8281 -22.9928 
vt 29.8356 -22.9928 
vt 29.8367 -22.99 
vt 29.9106 -23.0122 
vt 29.9106 -22.9882 
vt 29.8738 -23.0122 
vt 29.8738 -22.9882 
vt 29.9453 -23.0122 
vt 29.9133 -23.0122 
vt 29.9452 -22.9882 
vt 29.9246 -23.0044 
vt 29.9159 -23.0044 
vt 30.247 -22.9891 
vt 30.247 -23.0124 
vt 30.247 -23.009 
vt 30.3407 -23.009 
vt 30.247 -23.0007 
vt 30.3407 -23.0007 
vt 30.247 -22.9925 
vt 30.3407 -22.9925 
vt 29.914 -23.0062 
vt 29.9115 -23 
vt 30.0317 -22.9882 
vt 30.0317 -23.0122 
vt 29.8584 -23.0118 
vt 29.8584 -22.9897 
vt 29.9134 -23.0122 
vt 30.0334 -23.0083 
vt 30.0334 -23.0114 
vt 30.0334 -23.0083 
vt 30.1806 -23.0083 
vt 30.0334 -23.0007 
vt 30.0334 -22.9901 
vt 30.1806 -23.0007 
vt 30.0334 -22.9932 
vt 30.1806 -22.9932 
vt 29.9453 -22.9882 
vt 29.9453 -23.0122 
vt 29.9133 -22.9882 
vt 29.9133 -23.0122 
vt 30.2432 -23.0104 
vt 30.1841 -23.0076 
vt 30.2432 -23.0076 
vt 30.1841 -23.0007 
vt 30.2432 -23.0007 
vt 30.1841 -22.9939 
vt 30.2432 -22.9939 
vt 29.7594 -22.9891 
vt 29.7051 -22.9891 
vt 29.7594 -23.0124 
vt 29.7051 -23.0124 
vt 29.7685 -23.0124 
vt 29.7685 -22.9891 
vt 29.7905 -23.0124 
vt 29.7905 -22.9891 
vt 29.9264 -23.0225 
vt 29.9202 -23.0156 
vt 29.9202 -23.0225 
vt 29.9264 -23.0156 
vt 29.9115 -23.0156 
vt 29.914 -23.0225 
vt 29.914 -23.0156 
vt 29.9202 -23.0225 
vt 29.9202 -23.0156 
vt 29.929 -22.9844 
vt 29.9264 -22.9775 
vt 29.9264 -22.9844 
vt 29.9202 -22.9775 
vt 29.9202 -22.9844 
vt 29.914 -22.9775 
vt 29.914 -22.9844 
vt 29.8768 -23.0086 
vt 29.8449 -23.0086 
vt 29.865 -23.0115 
vt 29.8759 -23.0115 
vt 29.7988 -23.0086 
vt 29.836 -23.0115 
vt 29.8412 -23.0086 
vt 29.8009 -23.0115 
vt 29.7988 -22.9928 
vt 29.8412 -22.9928 
vt 29.836 -22.99 
vt 29.8009 -22.99 
vt 29.865 -22.99 
vt 29.8768 -22.9928 
vt 29.8759 -22.99 
vt 29.8449 -22.9928 
vt 29.889 -23.014 
vt 29.9625 -23.014 
vt 29.9625 -22.9863 
vt 29.889 -22.9863 
vt 30.0208 -22.9882 
vt 30.0208 -23.0122 
vt 29.8704 -22.9906 
vt 29.8704 -22.9936 
vt 29.9041 -22.9936 
vt 29.8704 -23.0007 
vt 29.9041 -23.0007 
vt 29.8704 -23.0079 
vt 29.9041 -23.0079 
vt 30.0409 -23.0122 
vt 30.1799 -23.0122 
vt 30.1799 -22.9882 
vt 30.0409 -22.9882 
vt 30.0317 -23.0122 
vt 30.0317 -22.9882 
vt 30.0409 -23.0122 
vt 30.0317 -23.0122 
vt 30.0339 -23.0138 
vt 30.0409 -22.9882 
vt 30.0339 -22.9866 
vt 30.0317 -22.9882 
vt 30.0285 -23.0104 
vt 30.0441 -23.0104 
vt 30.0285 -23.0007 
vt 30.0441 -23.0007 
vt 30.0285 -22.9911 
vt 30.0441 -22.9911 
vt 29.8316 -23.0101 
vt 29.8454 -23.0101 
vt 29.8316 -23.0007 
vt 29.8316 -23.0007 
vt 29.8454 -23.0007 
vt 29.8316 -22.9914 
vt 29.8316 -22.9875 
vt 29.8316 -22.9914 
vt 29.8454 -22.9914 
vt 29.9107 -23.0118 
vt 29.8643 -22.9897 
vt 29.8643 -23.0118 
vt 29.9107 -22.9897 
vt 29.8909 -22.9882 
vt 29.8909 -23.0122 
vt 29.8955 -23.0122 
vt 29.8774 -22.9882 
vt 29.8774 -23.0122 
vt 29.8955 -22.9882 
vt 29.9643 -22.9882 
vt 29.9643 -23.0122 
vt 29.979 -22.9882 
vt 29.979 -23.0122 
vt 30.0208 -22.9882 
vt 30.0208 -23.0122 
vt 29.9716 -23.0007 
vt 29.9716 -23.0079 
vt 29.9379 -23.0079 
vt 29.9716 -23.0007 
vt 29.9379 -23.0007 
vt 29.9716 -22.9936 
vt 29.9379 -22.9936 
vt 29.9333 -23.0093 
vt 29.9087 -23.0093 
vt 29.9333 -23.0007 
vt 29.9087 -23.0007 
vt 29.9333 -22.9922 
vt 29.9087 -22.9922 
vt 29.8584 -23.0118 
vt 29.7892 -22.9897 
vt 29.7892 -23.0118 
vt 29.8584 -22.9897 
vt 29.9966 -22.9882 
vt 30.0279 -22.9882 
vt 30.0279 -23.0007 
vt 29.9966 -23.0007 
vt 30.0279 -23.0133 
vt 29.9966 -23.0133 
vt 30.0279 -22.9882 
vt 29.9716 -23.0079 
vt 29.9904 -23.0147 
vt 29.9904 -23.0007 
vt 29.9716 -23.0007 
vt 29.9716 -22.9936 
vt 29.9904 -22.9868 
vt 29.898 -22.9928 
vt 29.898 -23.0086 
vt 29.8768 -22.9928 
vt 29.8768 -23.0086 
vt 29.8449 -22.9928 
vt 29.8449 -23.0086 
vt 29.7716 -23.0124 
vt 29.7224 -22.9891 
vt 29.7224 -23.0124 
vt 29.7716 -22.9891 
vt 29.8704 -23.0079 
vt 29.8554 -23.0125 
vt 29.8554 -23.0007 
vt 29.8704 -23.0007 
vt 29.8704 -22.9936 
vt 29.8554 -22.989 
vt 29.7018 -23.0144 
vt 29.7018 -22.9871 
vt 30.0354 -23.0158 
vt 30.0279 -23.0133 
vt 30.0354 -23.0007 
vt 30.0279 -23.0007 
vt 30.0279 -22.9882 
vt 30.0354 -22.9857 
vt 29.8266 -23.0007 
vt 29.8266 -23.012 
vt 29.8316 -23.0101 
vt 29.8316 -23.0007 
vt 29.8316 -22.9914 
vt 29.8266 -22.9895 
vt 29.8281 -23.0086 
vt 29.8069 -22.9928 
vt 29.8069 -23.0086 
vt 29.8281 -22.9928 
vt 29.7018 -22.9871 
vt 29.7018 -23.0144 
vt 29.6918 -22.9871 
vt 29.6918 -23.0144 
vt 29.683 -23.0144 
vt 29.683 -22.9871 
vt 30.247 -23.0007 
vt 30.2432 -22.9939 
vt 30.2432 -23.0007 
vt 30.2432 -23.0076 
vt 30.247 -22.9925 
vt 30.247 -23.009 
vt 30.289 -23.0047 
vt 30.3445 -23.0047 
vt 30.3445 -23.0007 
vt 30.289 -23.0007 
vt 30.3445 -22.9968 
vt 30.289 -22.9968 
vt 29.6555 -23 
vt 29.6555 -22.9973 
vt 29.6555 -22.9907 
vt 29.6555 -22.9814 
vt 29.6555 -22.9907 
vt 29.6593 -22.9907 
vt 29.6555 -22.9841 
vt 29.6593 -22.9825 
vt 29.6593 -23.0024 
vt 29.6555 -22.9973 
vt 29.6593 -22.999 
vt 29.6593 -22.9907 
vt 29.6555 -22.9907 
vt 29.6709 -23.0484 
vt 29.6709 -22.9989 
vt 29.711 -22.9907 
vt 29.711 -22.9851 
vt 30.3307 -23.0637 
vt 30.3445 -23.0487 
vt 29.8159 -22.9839 
vt 29.8194 -22.9832 
vt 29.8194 -22.9907 
vt 29.8159 -22.9907 
vt 29.8159 -22.9976 
vt 29.8194 -22.9983 
vt 29.8194 -22.9907 
vt 29.8159 -22.9907 
vt 29.8201 -22.995 
vt 29.8201 -23.011 
vt 30.3097 -23.0606 
vt 30.3097 -23.0606 
vt 30.3097 -22.9953 
vt 30.3195 -23.0112 
vt 30.3195 -23.0112 
vt 30.3232 -22.9812 
vt 29.8201 -23.011 
vt 29.8218 -22.9967 
vt 29.8201 -22.995 
vt 29.8218 -23.0102 
vt 30.2949 -22.9811 
vt 30.3195 -23.0112 
vt 30.3203 -22.9823 
vt 30.3165 -23.0119 
vt 30.3232 -22.9812 
vt 30.3307 -23.0637 
vt 30.3445 -23.0487 
vt 30.3409 -23.0485 
vt 30.3409 -23.0485 
vt 30.3296 -23.0608 
vt 30.3307 -23.0637 
vt 30.3097 -22.9953 
vt 30.3071 -23.0581 
vt 30.3097 -23.0606 
vt 30.3071 -22.9964 
vt 29.8218 -23.0102 
vt 29.8451 -23.0342 
vt 29.8458 -23.0325 
vt 29.8201 -23.011 
vt 29.8458 -23.0325 
vt 30.1938 -23.0288 
vt 30.3195 -23.0112 
vt 30.3409 -23.0485 
vt 30.3445 -23.0487 
vt 30.3409 -23.0485 
vt 30.3195 -23.0112 
vt 30.3165 -23.0119 
vt 30.1807 -23.085 
vt 30.2217 -23.0565 
vt 30.1798 -23.0824 
vt 30.1809 -22.9342 
vt 30.1809 -22.9587 
vt 30.1809 -22.9329 
vt 30.1809 -22.9342 
vt 30.1809 -22.9545 
vt 29.7146 -23.0192 
vt 29.7218 -23.0156 
vt 29.7146 -23.0192 
vt 29.7146 -23.0363 
vt 29.7291 -23.0192 
vt 29.7291 -23.0393 
vt 30.2012 -23.0076 
vt 30.1588 -23.0076 
vt 30.3158 -22.9778 
vt 30.1809 -22.9545 
vt 30.1734 -22.9556 
vt 30.1734 -22.9443 
vt 30.1809 -22.9443 
vt 30.1809 -22.9342 
vt 30.1734 -22.9331 
vt 30.1734 -22.9443 
vt 30.1809 -22.9443 
vt 30.317 -22.975 
vt 30.3203 -22.9823 
vt 30.3232 -22.9812 
vt 30.3158 -22.9778 
vt 29.9559 -22.9564 
vt 29.9559 -22.9323 
vt 29.9559 -22.9443 
vt 29.9559 -22.9323 
vt 29.9559 -22.9347 
vt 29.9559 -22.9443 
vt 29.9646 -22.9443 
vt 29.9559 -22.9323 
vt 29.9646 -22.9293 
vt 29.9559 -22.9564 
vt 29.9646 -22.9594 
vt 29.9646 -22.9443 
vt 29.9559 -22.9443 
vt 30.2949 -22.9811 
vt 30.3071 -22.9964 
vt 30.3097 -22.9953 
vt 30.2938 -22.9837 
vt 29.9715 -22.954 
vt 29.9715 -22.9347 
vt 30.1929 -23.0266 
vt 30.205 -23.0175 
vt 30.203 -23.0164 
vt 30.1938 -23.0288 
vt 30.2081 -23.0009 
vt 30.2108 -22.9988 
vt 29.9536 -22.995 
vt 29.9713 -22.9664 
vt 30.2245 -23.0575 
vt 30.2012 -23.0076 
vt 30.1991 -23.0102 
vt 30.1546 -22.9311 
vt 30.1446 -22.9278 
vt 30.1546 -22.935 
vt 30.1446 -22.9326 
vt 30.1446 -22.9443 
vt 30.1546 -22.9443 
vt 30.1546 -22.9537 
vt 30.1446 -22.9561 
vt 30.1446 -22.9443 
vt 30.1546 -22.9443 
vt 30.1557 -23.0824 
vt 30.2186 -23.0606 
vt 30.1511 -22.9914 
vt 30.1336 -23.0182 
vt 29.6854 -23.0484 
vt 29.9536 -22.995 
vt 29.9723 -22.9681 
vt 29.9713 -22.9664 
vt 29.9546 -22.9967 
vt 30.2957 -23.0612 
vt 30.0456 -23.0446 
vt 30.1029 -23.0446 
vt 30.0456 -23.0446 
vt 30.0766 -22.9205 
vt 30.0779 -22.915 
vt 30.0798 -22.9205 
vt 30.0798 -22.915 
vt 30.0816 -22.915 
vt 30.0829 -22.9205 
vt 30.0798 -22.9205 
vt 30.0798 -22.915 
vt 30.1319 -23.0143 
vt 30.1394 -23.0443 
vt 30.1394 -23.0443 
vt 30.1644 -23.0706 
vt 30.1644 -23.0706 
vt 30.122 -23.0086 
vt 30.122 -23.0086 
vt 30.1336 -23.0182 
vt 30.1511 -22.9914 
vt 30.148 -22.9931 
vt 30.148 -22.9931 
vt 30.1327 -23.0165 
vt 30.1336 -23.0182 
vt 30.142 -23.0393 
vt 30.142 -23.0393 
vt 30.0034 -22.9569 
vt 30.0096 -22.9583 
vt 30.0096 -22.9443 
vt 30.0034 -22.9443 
vt 30.0096 -22.9246 
vt 30.0034 -22.9318 
vt 30.0096 -22.9304 
vt 30.0096 -22.9443 
vt 30.0034 -22.9443 
vt 29.7437 -23.0393 
vt 29.7 -23.0363 
vt 30.0456 -23.0446 
vt 30.1029 -23.0446 
vt 30.1015 -23.0424 
vt 30.0469 -23.0424 
vt 30.2186 -23.0606 
vt 30.3097 -23.0606 
vt 30.3071 -23.0581 
vt 30.2201 -23.0581 
vt 30.1029 -23.0446 
vt 30.122 -23.0086 
vt 30.1193 -23.009 
vt 30.1029 -23.0446 
vt 30.1193 -23.009 
vt 30.1015 -23.0424 
vt 30.0517 -23.0342 
vt 30.0517 -23.0342 
vt 30.1299 -22.9914 
vt 30.1262 -22.978 
vt 30.1249 -22.9797 
vt 30.1249 -22.9797 
vt 30.1287 -22.9931 
vt 30.1299 -22.9914 
vt 30.0265 -23.0086 
vt 30.1672 -23.0288 
vt 30.1128 -22.9482 
vt 30.1128 -22.9792 
vt 30.1128 -22.9439 
vt 30.3307 -23.0637 
vt 30.2985 -23.0586 
vt 30.2957 -23.0612 
vt 30.2985 -23.0586 
vt 30.3307 -23.0637 
vt 30.3296 -23.0608 
vt 30.1393 -23.0372 
vt 30.1369 -23.0184 
vt 30.1341 -23.0162 
vt 30.142 -23.0393 
vt 29.8451 -23.0342 
vt 30.0517 -23.0342 
vt 30.0486 -23.0325 
vt 29.8458 -23.0325 
vt 30.099 -23.0393 
vt 30.142 -23.0393 
vt 30.1393 -23.0372 
vt 30.0992 -23.0372 
vt 30.0456 -23.0446 
vt 30.0292 -23.009 
vt 30.0265 -23.0086 
vt 30.0469 -23.0424 
vt 30.0667 -22.9322 
vt 30.1938 -23.0288 
vt 30.1682 -23.0266 
vt 30.1672 -23.0288 
vt 30.1929 -23.0266 
vt 30.2123 -23.0232 
vt 30.2123 -23.0232 
vt 30.2284 -23.0441 
vt 30.2284 -23.0441 
vt 30.2239 -23.0056 
vt 30.235 -23.0056 
vt 30.2636 -23.003 
vt 30.2711 -23.0102 
vt 30.2787 -23.0315 
vt 30.2776 -23.0441 
vt 30.2776 -23.0441 
vt 30.0223 -22.9789 
vt 30.0286 -22.994 
vt 30.0297 -22.9923 
vt 30.0297 -22.9923 
vt 30.0234 -22.9772 
vt 30.0223 -22.9789 
vt 30.0223 -22.9789 
vt 30.0297 -22.9923 
vt 30.1088 -23.0182 
vt 30.1336 -23.0182 
vt 30.1327 -23.0165 
vt 30.1088 -23.0182 
vt 30.1327 -23.0165 
vt 30.1097 -23.0165 
vt 30.0913 -22.9443 
vt 30.0959 -22.9443 
vt 30.0959 -22.9372 
vt 30.0913 -22.9357 
vt 30.0995 -23.0054 
vt 30.1369 -23.0184 
vt 30.1572 -23.0184 
vt 30.1582 -23.0162 
vt 30.1341 -23.0162 
vt 30.0772 -22.9437 
vt 30.0798 -22.9463 
vt 30.0816 -22.9455 
vt 30.0779 -22.9455 
vt 30.0816 -22.9418 
vt 30.0823 -22.9437 
vt 30.0798 -22.9411 
vt 30.0779 -22.9418 
vt 30.0829 -22.9406 
vt 30.111 -22.9961 
vt 30.1193 -23.009 
vt 30.122 -23.0086 
vt 30.11 -22.9984 
vt 30.1809 -22.9362 
vt 30.1696 -22.9362 
vt 30.1809 -22.9443 
vt 30.1696 -22.9443 
vt 30.1809 -22.9524 
vt 30.1696 -22.9524 
vt 30.0995 -23.0054 
vt 30.041 -23.0037 
vt 30.0417 -23.0054 
vt 30.1003 -23.0037 
vt 30.0859 -22.9437 
vt 30.0841 -22.9393 
vt 30.0829 -22.9406 
vt 30.0842 -22.9437 
vt 30.0798 -22.9393 
vt 30.0829 -22.9468 
vt 30.0798 -22.9375 
vt 30.0841 -22.948 
vt 30.0798 -22.9498 
vt 30.0798 -22.9481 
vt 30.0754 -22.9393 
vt 30.0766 -22.9406 
vt 30.0736 -22.9437 
vt 30.0753 -22.9437 
vt 30.0766 -22.9468 
vt 30.0754 -22.948 
vt 30.0798 -22.9498 
vt 30.0798 -22.9481 
vt 30.086 -22.9375 
vt 30.0798 -22.9375 
vt 30.0841 -22.9393 
vt 30.0798 -22.9349 
vt 30.0885 -22.9437 
vt 30.0754 -22.9393 
vt 30.0859 -22.9437 
vt 30.0736 -22.9375 
vt 30.086 -22.9499 
vt 30.071 -22.9437 
vt 30.0841 -22.948 
vt 30.0798 -22.9498 
vt 30.0798 -22.9524 
vt 30.0736 -22.9437 
vt 30.0736 -22.9499 
vt 30.0754 -22.948 
vt 30.0798 -22.9524 
vt 30.0798 -22.9498 
vt 30.0893 -23.03 
vt 30.0893 -23.0075 
vt 30.0667 -22.9443 
vt 30.0621 -22.9372 
vt 30.0621 -22.9443 
vt 30.0667 -22.9357 
vt 30.1036 -23.0015 
vt 30.1091 -23.0062 
vt 30.1045 -22.9998 
vt 30.1091 -23.0062 
vt 30.1036 -23.0015 
vt 30.1083 -23.0079 
vt 30.1036 -23.0015 
vt 30.1006 -22.9353 
vt 30.1128 -22.9353 
vt 30.1006 -22.9439 
vt 30.1128 -22.9439 
vt 30.046 -22.9353 
vt 30.046 -22.9353 
vt 30.0581 -22.9353 
vt 30.046 -22.9439 
vt 30.0581 -22.9439 
vt 30.046 -22.9482 
vt 30.0992 -23.0372 
vt 30.0915 -23.0284 
vt 30.0893 -23.03 
vt 30.099 -23.0393 
vt 30.0319 -22.9681 
vt 29.9713 -22.9664 
vt 29.9723 -22.9681 
vt 29.9713 -22.9664 
vt 30.0319 -22.9681 
vt 30.0331 -22.9664 
vt 30.0292 -23.009 
vt 30.0385 -22.9984 
vt 30.0375 -22.9961 
vt 30.0265 -23.0086 
vt 30.1113 -22.994 
vt 30.0297 -22.9923 
vt 30.0286 -22.994 
vt 30.1121 -22.9923 
vt 30.1113 -22.994 
vt 30.0292 -23.009 
vt 30.0469 -23.0424 
vt 30.0385 -22.9984 
vt 30.1015 -23.0424 
vt 30.11 -22.9984 
vt 30.1193 -23.009 
vt 30.021 -23.0164 
vt 30.0371 -23.0015 
vt 30.0357 -22.9998 
vt 30.0228 -23.0181 
vt 30.3006 -22.9854 
vt 30.3203 -22.9823 
vt 30.3093 -22.9778 
vt 30.3158 -22.9778 
vt 30.3165 -23.0119 
vt 30.2888 -23.015 
vt 30.2973 -23.0356 
vt 30.3409 -23.0485 
vt 30.3296 -23.0608 
vt 30.2985 -23.0586 
vt 30.3158 -22.9778 
vt 30.3082 -22.975 
vt 30.3093 -22.9778 
vt 30.317 -22.975 
vt 29.9723 -22.9681 
vt 29.9661 -22.9967 
vt 29.9787 -22.9772 
vt 29.9546 -22.9967 
vt 30.1264 -23.0081 
vt 30.1083 -23.0079 
vt 30.1097 -23.0165 
vt 30.1003 -23.0037 
vt 30.1036 -23.0015 
vt 30.041 -23.0037 
vt 30.1327 -23.0165 
vt 30.148 -22.9931 
vt 30.1287 -22.9931 
vt 30.1121 -22.9923 
vt 30.1249 -22.9797 
vt 30.0902 -22.9797 
vt 30.0884 -22.991 
vt 30.0297 -22.9923 
vt 30.053 -22.991 
vt 29.9723 -22.9681 
vt 30.0234 -22.9772 
vt 30.0319 -22.9681 
vt 30.0369 -22.9797 
vt 30.0297 -22.9923 
vt 30.053 -22.991 
vt 30.0512 -22.9797 
vt 30.0531 -22.9823 
vt 29.9775 -23.0181 
vt 30.0486 -23.0325 
vt 30.0228 -23.0181 
vt 30.0346 -23.0108 
vt 30.0371 -23.0015 
vt 30.041 -23.0037 
vt 30.1036 -23.0015 
vt 29.8458 -23.0325 
vt 29.9601 -22.9967 
vt 29.9661 -22.9967 
vt 29.8218 -22.9967 
vt 29.8218 -23.0102 
vt 30.0234 -22.9772 
vt 29.9723 -22.9681 
vt 29.9787 -22.9772 
vt 30.0884 -22.991 
vt 30.0902 -22.9797 
vt 30.0883 -22.9823 
vt 30.2648 -23.0006 
vt 30.2415 -22.9837 
vt 30.2383 -23.0006 
vt 30.2938 -22.9837 
vt 30.2327 -22.9887 
vt 30.2733 -23.0087 
vt 30.234 -23.003 
vt 30.3071 -22.9964 
vt 30.2225 -23.003 
vt 30.2813 -23.0311 
vt 30.211 -22.9887 
vt 30.3071 -23.0581 
vt 30.2091 -23.0234 
vt 30.28 -23.0466 
vt 30.1899 -23.0209 
vt 30.2201 -23.0581 
vt 30.2269 -23.0466 
vt 30.136 -23.0097 
vt 30.1417 -23.0009 
vt 30.1582 -23.0162 
vt 30.2081 -23.0009 
vt 30.203 -23.0164 
vt 30.1929 -23.0266 
vt 30.1682 -23.0266 
vt 30.136 -23.0097 
vt 30.1341 -23.0162 
vt 30.0915 -23.0097 
vt 30.0992 -23.0372 
vt 30.0915 -23.0284 
vt 30.1393 -23.0372 
vt 30.2269 -23.0466 
vt 30.28 -23.0466 
vt 30.2776 -23.0441 
vt 30.2813 -23.0311 
vt 30.2284 -23.0441 
vt 30.2787 -23.0315 
vt 30.2123 -23.0232 
vt 30.2711 -23.0102 
vt 30.2091 -23.0234 
vt 30.2733 -23.0087 
vt 30.2225 -23.003 
vt 30.2636 -23.003 
vt 30.2239 -23.0056 
vt 30.2648 -23.0006 
vt 30.234 -23.003 
vt 30.2383 -23.0006 
vt 30.235 -23.0056 
vt 30.2395 -23.003 
vt 30.1249 -22.9797 
vt 30.0894 -22.978 
vt 30.0902 -22.9797 
vt 30.0894 -22.978 
vt 30.1249 -22.9797 
vt 30.1262 -22.978 
vt 30.0512 -22.9797 
vt 30.0381 -22.978 
vt 30.0369 -22.9797 
vt 30.0381 -22.978 
vt 30.0512 -22.9797 
vt 30.0521 -22.978 
vt 30.1371 -23.0456 
vt 30.1557 -23.0824 
vt 30.1633 -23.0732 
vt 30.1057 -23.0241 
vt 30.1798 -23.0824 
vt 30.1288 -23.0125 
vt 30.1241 -23.0102 
vt 30.135 -23.0102 
vt 30.1728 -23.0732 
vt 30.1957 -23.0594 
vt 30.2217 -23.0565 
vt 30.1957 -23.051 
vt 30.1991 -23.0102 
vt 30.164 -23.0102 
vt 30.1006 -22.9482 
vt 30.1128 -22.9482 
vt 30.1128 -22.9439 
vt 30.1006 -22.9439 
vt 30.1006 -22.9482 
vt 30.1128 -22.9792 
vt 30.1006 -22.9792 
vt 30.046 -22.9482 
vt 30.0581 -22.9482 
vt 30.0581 -22.9439 
vt 30.046 -22.9439 
vt 30.046 -22.9792 
vt 30.0581 -22.9792 
vt 30.2938 -22.9837 
vt 30.2406 -22.9811 
vt 30.2415 -22.9837 
vt 30.2406 -22.9811 
vt 30.2938 -22.9837 
vt 30.2949 -22.9811 
vt 30.041 -23.0037 
vt 30.0346 -23.0108 
vt 30.0367 -23.011 
vt 30.041 -23.0037 
vt 30.0367 -23.011 
vt 30.0417 -23.0054 
vt 29.9787 -22.9772 
vt 30.0223 -22.9789 
vt 30.0234 -22.9772 
vt 29.9797 -22.9789 
vt 30.0959 -22.9515 
vt 30.0913 -22.9443 
vt 30.0913 -22.9529 
vt 30.0959 -22.9443 
vt 30.211 -22.9887 
vt 30.2327 -22.9887 
vt 30.2315 -22.9863 
vt 30.211 -22.9887 
vt 30.2315 -22.9863 
vt 30.2095 -22.9863 
vt 29.7291 -23.0192 
vt 29.7437 -23.0393 
vt 29.7437 -22.9989 
vt 29.7291 -23.0393 
vt 29.7218 -23.0156 
vt 29.6927 -23.0156 
vt 29.7146 -23.0192 
vt 29.6709 -22.9989 
vt 29.7 -23.0192 
vt 29.7146 -23.0363 
vt 29.7 -23.0363 
vt 29.6854 -23.0192 
vt 29.6709 -23.0484 
vt 29.6854 -23.0484 
vt 30.1057 -23.0241 
vt 30.1545 -23.085 
vt 30.1557 -23.0824 
vt 30.102 -23.0237 
vt 30.1931 -23.0581 
vt 30.0867 -22.9893 
vt 30.053 -22.991 
vt 30.0884 -22.991 
vt 30.053 -22.991 
vt 30.0867 -22.9893 
vt 30.0547 -22.9893 
vt 30.164 -23.0102 
vt 30.1931 -23.0518 
vt 30.1957 -23.051 
vt 30.1588 -23.0076 
vt 30.1931 -23.0581 
vt 30.1728 -23.0732 
vt 30.1719 -23.0706 
vt 30.1644 -23.0706 
vt 30.1633 -23.0732 
vt 30.1371 -23.0456 
vt 30.1394 -23.0443 
vt 30.1319 -23.0143 
vt 30.1288 -23.0125 
vt 30.135 -23.0102 
vt 30.1551 -23.0076 
vt 30.0547 -22.9893 
vt 30.0548 -22.9817 
vt 30.0512 -22.9797 
vt 30.0531 -22.9823 
vt 30.0548 -22.9817 
vt 30.0521 -22.978 
vt 30.0512 -22.9797 
vt 30.148 -22.9931 
vt 30.1299 -22.9914 
vt 30.1287 -22.9931 
vt 30.1511 -22.9914 
vt 30.0547 -22.9893 
vt 30.0548 -22.9817 
vt 30.0531 -22.9823 
vt 30.053 -22.991 
vt 30.0798 -22.9374 
vt 30.0798 -22.9296 
vt 30.0754 -22.9374 
vt 30.0754 -22.9296 
vt 30.0841 -22.9296 
vt 30.0841 -22.9374 
vt 30.0841 -22.9296 
vt 30.0798 -22.9374 
vt 30.0798 -22.9296 
vt 30.1097 -23.0165 
vt 30.1003 -23.0037 
vt 30.0995 -23.0054 
vt 30.1088 -23.0182 
vt 29.753 -22.999 
vt 29.6593 -22.999 
vt 29.753 -23.0024 
vt 29.6593 -22.9907 
vt 29.753 -22.9907 
vt 29.753 -22.9825 
vt 29.6593 -22.9825 
vt 29.753 -22.9907 
vt 29.6593 -22.9907 
vt 30.0736 -22.9296 
vt 30.0798 -22.9296 
vt 30.0736 -22.9227 
vt 30.0798 -22.9227 
vt 30.086 -22.9296 
vt 30.0885 -22.9296 
vt 30.086 -22.9227 
vt 30.086 -22.9296 
vt 30.0798 -22.9227 
vt 30.0798 -22.9296 
vt 30.111 -22.9961 
vt 30.0375 -22.9961 
vt 30.0385 -22.9984 
vt 30.11 -22.9984 
vt 29.8218 -22.9967 
vt 29.9601 -22.9967 
vt 29.9591 -22.995 
vt 29.8201 -22.995 
vt 29.9683 -22.9968 
vt 30.2081 -23.0009 
vt 30.1416 -22.9988 
vt 30.1417 -23.0009 
vt 30.2108 -22.9988 
vt 30.0621 -22.9515 
vt 30.0667 -22.9529 
vt 30.0667 -22.9443 
vt 30.0621 -22.9443 
vt 30.0866 -22.9817 
vt 30.0902 -22.9797 
vt 30.0894 -22.978 
vt 30.0883 -22.9823 
vt 30.0866 -22.9817 
vt 30.0371 -23.0015 
vt 30.1036 -23.0015 
vt 30.1045 -22.9998 
vt 30.0357 -22.9998 
vt 29.8194 -22.9983 
vt 29.9666 -22.98 
vt 29.9666 -22.9983 
vt 29.8194 -22.9907 
vt 29.9666 -22.9907 
vt 29.9666 -22.9832 
vt 29.8194 -22.9832 
vt 29.9666 -22.9907 
vt 29.8194 -22.9907 
vt 30.0867 -22.9893 
vt 30.0883 -22.9823 
vt 30.0866 -22.9817 
vt 30.0884 -22.991 
vt 30.0893 -23.03 
vt 30.0915 -23.0097 
vt 30.0893 -23.0075 
vt 30.0915 -23.0284 
vt 30.0381 -22.978 
vt 30.0331 -22.9664 
vt 30.0319 -22.9681 
vt 30.0319 -22.9681 
vt 30.0369 -22.9797 
vt 30.0381 -22.978 
vt 30.1083 -23.0079 
vt 30.1264 -23.0081 
vt 30.1226 -23.0064 
vt 30.1083 -23.0079 
vt 30.1226 -23.0064 
vt 30.1091 -23.0062 
vt 30.1121 -22.9923 
vt 30.1226 -23.0064 
vt 30.1264 -23.0081 
vt 30.1226 -23.0064 
vt 30.1121 -22.9923 
vt 30.1113 -22.994 
vt 30.0915 -23.0097 
vt 30.136 -23.0097 
vt 30.1357 -23.0075 
vt 30.0893 -23.0075 
vt 29.7568 -22.9976 
vt 29.8159 -22.9976 
vt 29.7568 -22.9907 
vt 29.8159 -22.9907 
vt 29.8159 -22.9839 
vt 29.7568 -22.9839 
vt 29.8159 -22.9907 
vt 29.7568 -22.9907 
vt 30.0913 -22.9565 
vt 30.0798 -22.9524 
vt 30.086 -22.9499 
vt 30.0885 -22.9437 
vt 30.0798 -22.9524 
vt 30.086 -22.9375 
vt 30.086 -22.9499 
vt 30.0859 -22.9437 
vt 30.0841 -22.948 
vt 30.0885 -22.9437 
vt 30.0798 -22.9524 
vt 30.0841 -22.9393 
vt 30.0798 -22.9498 
vt 30.086 -22.9375 
vt 30.0754 -22.948 
vt 30.0798 -22.9375 
vt 30.0736 -22.9499 
vt 30.0798 -22.9349 
vt 30.0736 -22.9437 
vt 30.0754 -22.9393 
vt 30.071 -22.9437 
vt 30.0736 -22.9375 
vt 29.9775 -23.0181 
vt 30.0228 -23.0181 
vt 30.021 -23.0164 
vt 29.9792 -23.0164 
vt 30.0959 -22.9443 
vt 30.1296 -22.9443 
vt 30.1296 -22.9372 
vt 30.0959 -22.9372 
vt 30.1296 -22.9342 
vt 30.1296 -22.9515 
vt 30.0959 -22.9515 
vt 30.1296 -22.9443 
vt 30.0959 -22.9443 
vt 30.1682 -23.0266 
vt 30.1582 -23.0162 
vt 30.1572 -23.0184 
vt 30.1672 -23.0288 
vt 29.9591 -22.995 
vt 29.9661 -22.9967 
vt 29.9601 -22.9967 
vt 30.0367 -23.011 
vt 30.0486 -23.0325 
vt 30.0517 -23.0342 
vt 30.0346 -23.0108 
vt 30.0621 -22.9545 
vt 29.9715 -22.9347 
vt 29.9559 -22.9347 
vt 29.9715 -22.9443 
vt 29.9559 -22.9443 
vt 29.9715 -22.954 
vt 29.9559 -22.954 
vt 30.1684 -22.9443 
vt 30.1684 -22.935 
vt 30.1684 -22.9576 
vt 30.1684 -22.9311 
vt 30.1546 -22.9537 
vt 30.1684 -22.9537 
vt 30.1546 -22.9443 
vt 30.1684 -22.9443 
vt 30.1684 -22.935 
vt 30.1546 -22.935 
vt 30.1684 -22.9443 
vt 30.1546 -22.9443 
vt 30.2186 -23.0606 
vt 30.1899 -23.0209 
vt 30.1866 -23.0212 
vt 30.2201 -23.0581 
vt 30.0284 -22.9515 
vt 30.0621 -22.9515 
vt 30.0621 -22.9443 
vt 30.0284 -22.9443 
vt 30.0284 -22.9545 
vt 30.0284 -22.9372 
vt 30.0621 -22.9372 
vt 30.0284 -22.9443 
vt 30.0621 -22.9443 
vt 30.0667 -22.9529 
vt 30.0913 -22.9529 
vt 30.0913 -22.9443 
vt 30.0667 -22.9443 
vt 30.0667 -22.9357 
vt 30.0913 -22.9357 
vt 30.0667 -22.9443 
vt 30.0913 -22.9443 
vt 30.2415 -22.9837 
vt 30.2315 -22.9863 
vt 30.2327 -22.9887 
vt 30.2315 -22.9863 
vt 30.2415 -22.9837 
vt 30.2406 -22.9811 
vt 30.0034 -22.9318 
vt 29.9721 -22.9318 
vt 30.0034 -22.9443 
vt 29.9721 -22.9443 
vt 29.9721 -22.9443 
vt 29.9721 -22.9569 
vt 30.0034 -22.9569 
vt 29.9721 -22.9443 
vt 30.0034 -22.9443 
vt 30.1057 -23.0241 
vt 30.1241 -23.0102 
vt 30.1232 -23.0076 
vt 30.102 -23.0237 
vt 29.9787 -22.9772 
vt 29.9661 -22.9967 
vt 29.9683 -22.9968 
vt 29.9787 -22.9772 
vt 29.9683 -22.9968 
vt 29.9797 -22.9789 
vt 29.9775 -23.0181 
vt 29.9683 -22.9968 
vt 29.9661 -22.9967 
vt 29.9792 -23.0164 
vt 30.0284 -22.9515 
vt 30.0096 -22.9583 
vt 30.0096 -22.9443 
vt 30.0284 -22.9443 
vt 30.0284 -22.9372 
vt 30.0096 -22.9304 
vt 30.0096 -22.9443 
vt 30.0284 -22.9443 
vt 30.2095 -22.9863 
vt 30.1866 -23.0212 
vt 30.1899 -23.0209 
vt 30.211 -22.9887 
vt 30.1296 -22.9515 
vt 30.1296 -22.9372 
vt 30.1446 -22.9561 
vt 30.1446 -22.9443 
vt 30.1296 -22.9443 
vt 30.1446 -22.9326 
vt 30.1446 -22.9443 
vt 30.1296 -22.9443 
vt 30.2982 -22.9837 
vt 30.3093 -22.9778 
vt 30.3082 -22.975 
vt 30.3006 -22.9854 
vt 30.2945 -23.0362 
vt 30.2945 -23.0362 
vt 30.2888 -23.015 
vt 30.2857 -23.015 
vt 30.2973 -23.0356 
vt 29.9721 -22.9318 
vt 29.9646 -22.9293 
vt 29.9646 -22.9443 
vt 29.9721 -22.9443 
vt 29.9721 -22.9569 
vt 29.9646 -22.9594 
vt 29.9646 -22.9443 
vt 29.9721 -22.9443 
vt 30.1684 -22.935 
vt 30.1734 -22.9331 
vt 30.1734 -22.9443 
vt 30.1684 -22.9443 
vt 30.1684 -22.9537 
vt 30.1734 -22.9556 
vt 30.1734 -22.9443 
vt 30.1684 -22.9443 
vt 30.2982 -22.9837 
vt 30.2857 -23.015 
vt 30.2888 -23.015 
vt 30.3006 -22.9854 
vt 30.2945 -23.0362 
vt 30.2957 -23.0612 
vt 30.2985 -23.0586 
vt 30.2985 -23.0586 
vt 30.2973 -23.0356 
vt 30.2945 -23.0362 
vt 29.7568 -22.9839 
vt 29.753 -22.9825 
vt 29.753 -22.9907 
vt 29.7568 -22.9907 
vt 29.7568 -22.9976 
vt 29.753 -22.999 
vt 29.753 -22.9907 
vt 29.7568 -22.9907 
vt 29.711 -22.9868 
vt 29.6555 -22.9868 
vt 29.711 -22.9907 
vt 29.6555 -22.9907 
vt 29.711 -22.9947 
vt 29.6555 -22.9947 
vt 29.9993 -23 
vt 29.9953 -22.9947 
vt 29.9927 -22.9973 
vt 29.9899 -22.9907 
vt 29.9993 -22.9963 
vt 29.9937 -22.9907 
vt 30.0032 -22.9947 
vt 29.9927 -22.9841 
vt 30.0058 -22.9973 
vt 30.0048 -22.9907 
vt 30.0086 -22.9907 
vt 29.9953 -22.9868 
vt 29.9993 -22.9814 
vt 29.9993 -22.9851 
vt 30.0032 -22.9868 
vt 30.0058 -22.9841 
vt 30.0048 -22.9907 
vt 30.0086 -22.9907 
vt 30.0109 -22.9907 
vt 30.0075 -22.9825 
vt 29.9876 -22.9907 
vt 29.9993 -23.0024 
vt 29.9936 -22.9989 
vt 29.9936 -23.0484 
vt 30.0049 -23.0484 
vt 30.0049 -22.9989 
vt 29.9937 -22.9907 
vt 29.9993 -22.9963 
vt 29.9993 -22.9851 
vt 29.9953 -22.9947 
vt 29.9953 -22.9868 
vt 30.0048 -22.9907 
vt 30.0032 -22.9947 
vt 30.0032 -22.9868 
vt 29.9924 -22.9839 
vt 29.9993 -23.0004 
vt 29.9878 -22.995 
vt 29.9878 -23.011 
vt 30.0118 -22.995 
vt 30.0118 -23.011 
vt 29.9862 -22.9967 
vt 29.9876 -22.9811 
vt 30.0126 -23.0581 
vt 30.0126 -22.9964 
vt 30.0134 -23.0325 
vt 29.9862 -23.0325 
vt 29.9885 -23.0565 
vt 29.9993 -22.9329 
vt 30.0094 -22.9342 
vt 30.0049 -23.0192 
vt 29.9936 -23.0192 
vt 29.9936 -23.0393 
vt 30.0049 -23.0393 
vt 30.0072 -23.0076 
vt 29.9914 -23.0076 
vt 30.0072 -23.0076 
vt 30.0152 -22.9443 
vt 29.988 -22.9556 
vt 30.0105 -22.9331 
vt 30.0089 -22.954 
vt 29.9993 -22.9614 
vt 30.0113 -22.9564 
vt 29.9993 -22.958 
vt 30.0129 -22.9443 
vt 29.9896 -22.954 
vt 30.0163 -22.9443 
vt 29.9872 -22.9564 
vt 30.0113 -22.9323 
vt 29.9856 -22.9443 
vt 30.0089 -22.9347 
vt 29.9822 -22.9443 
vt 29.9993 -22.9307 
vt 29.9872 -22.9323 
vt 29.9993 -22.9273 
vt 29.9896 -22.9347 
vt 30.0206 -22.9443 
vt 29.9842 -22.9293 
vt 29.9779 -22.9443 
vt 29.9842 -22.9594 
vt 30.0143 -22.9594 
vt 29.9914 -23.085 
vt 29.9896 -22.954 
vt 29.9896 -22.9347 
vt 29.9856 -22.9443 
vt 29.9993 -22.958 
vt 30.0089 -22.9347 
vt 29.9993 -22.9307 
vt 30.0089 -22.954 
vt 30.0129 -22.9443 
vt 30.0118 -22.995 
vt 29.9878 -22.9664 
vt 29.9878 -22.995 
vt 30.0118 -22.9664 
vt 29.9885 -23.0102 
vt 30.01 -23.0102 
vt 30.0158 -22.9443 
vt 29.9993 -22.9609 
vt 30.011 -22.9561 
vt 29.9885 -23.0824 
vt 30.01 -23.0824 
vt 29.9876 -23.0606 
vt 30.0109 -23.0606 
vt 30.0018 -22.915 
vt 30.0129 -23.0612 
vt 29.9856 -23.0612 
vt 29.986 -23.0446 
vt 30.0137 -23.0446 
vt 30.0137 -23.0446 
vt 30.0031 -22.9205 
vt 30.0018 -22.915 
vt 30 -22.9205 
vt 30 -22.915 
vt 29.9982 -22.915 
vt 29.9969 -22.9205 
vt 29.9914 -23.0076 
vt 29.986 -23.0086 
vt 30.0137 -23.0086 
vt 29.9938 -22.9227 
vt 30.0088 -22.9227 
vt 29.9936 -23.0363 
vt 30.0049 -23.0363 
vt 30.0159 -23.0424 
vt 30.0159 -23.0424 
vt 30.0126 -23.0581 
vt 29.9838 -23.0424 
vt 30.0159 -23.009 
vt 29.986 -23.0446 
vt 30.0137 -23.0086 
vt 29.986 -23.0086 
vt 30.0137 -23.0446 
vt 29.9882 -23.0288 
vt 30.0103 -23.0288 
vt 30.0104 -22.9482 
vt 30.0086 -22.9353 
vt 30.0121 -22.9439 
vt 29.9914 -22.9353 
vt 29.9879 -22.9439 
vt 29.9837 -23.0586 
vt 30.0148 -23.0586 
vt 29.9882 -23.0393 
vt 30.0159 -23.009 
vt 29.9993 -22.9322 
vt 30.0109 -23.0102 
vt 29.9876 -23.0102 
vt 30.0109 -23.0315 
vt 29.9876 -23.0315 
vt 29.9876 -23.0441 
vt 30.0109 -23.0441 
vt 30.0118 -22.9789 
vt 30.0118 -22.994 
vt 29.9878 -22.9789 
vt 29.9862 -22.9923 
vt 29.9878 -22.994 
vt 29.9878 -23.0182 
vt 29.9878 -23.0054 
vt 30.0118 -23.0054 
vt 29.9878 -23.0182 
vt 30.0118 -23.0182 
vt 29.9864 -23.0162 
vt 30.0121 -23.0162 
vt 30.0302 -22.9437 
vt 29.9698 -22.9418 
vt 30.0302 -22.9455 
vt 30.0248 -22.9437 
vt 30.0248 -22.9468 
vt 30.0302 -22.9437 
vt 30.0302 -22.9418 
vt 30.0248 -22.9406 
vt 30.0248 -22.9406 
vt 29.9698 -22.9437 
vt 29.9752 -22.9437 
vt 29.9698 -22.9418 
vt 29.9698 -22.9455 
vt 29.9752 -22.9406 
vt 29.9752 -22.9468 
vt 30.0134 -23.0037 
vt 30.0134 -23.0037 
vt 29.9862 -23.0037 
vt 30.0248 -22.9498 
vt 30.0248 -22.9393 
vt 29.9752 -22.9498 
vt 29.9775 -22.9499 
vt 29.9775 -22.9375 
vt 29.9882 -23.0075 
vt 29.9882 -23.03 
vt 30.0103 -23.03 
vt 30.0103 -23.0075 
vt 29.9862 -23.0015 
vt 29.9879 -22.9439 
vt 29.9896 -22.9482 
vt 29.9914 -22.9353 
vt 30 -22.9318 
vt 30.0086 -22.9353 
vt 29.9896 -22.9792 
vt 29.9879 -22.9439 
vt 29.9914 -22.9353 
vt 29.9896 -22.9482 
vt 29.9896 -22.9792 
vt 29.9914 -22.9353 
vt 30 -22.9318 
vt 30 -22.9318 
vt 30.0086 -22.9353 
vt 30.0086 -22.9353 
vt 30 -22.9318 
vt 30.0104 -22.9482 
vt 30.0086 -22.9353 
vt 30.0121 -22.9439 
vt 29.9896 -22.9482 
vt 29.9914 -22.9353 
vt 29.9879 -22.9439 
vt 30.0104 -22.9792 
vt 29.9896 -22.9792 
vt 30.0118 -22.9664 
vt 30.0118 -22.994 
vt 30.0134 -22.9923 
vt 29.9862 -22.9923 
vt 29.9878 -22.994 
vt 29.9837 -22.9854 
vt 30.0134 -23.0015 
vt 30.0148 -22.9854 
vt 29.9862 -23.0015 
vt 30.0129 -22.975 
vt 29.9922 -22.9393 
vt 29.9844 -22.9393 
vt 29.9922 -22.9437 
vt 29.9844 -22.9437 
vt 29.9922 -22.948 
vt 29.9844 -22.948 
vt 29.9922 -22.9498 
vt 30.0078 -22.948 
vt 30.0156 -22.948 
vt 30.0078 -22.9437 
vt 30.0156 -22.9437 
vt 30.0078 -22.9393 
vt 30.0156 -22.9393 
vt 30.0134 -22.9797 
vt 30.0134 -22.9797 
vt 29.9859 -22.9887 
vt 29.9859 -23.0006 
vt 30.0126 -23.0006 
vt 30.0126 -22.9887 
vt 30.0126 -23.0209 
vt 29.9864 -23.0009 
vt 29.9864 -23.0097 
vt 30.0121 -23.0009 
vt 30.0121 -23.0097 
vt 29.9878 -22.994 
vt 30.0118 -22.994 
vt 29.9878 -23.0064 
vt 30.0118 -23.0064 
vt 29.9885 -23.0594 
vt 29.9885 -23.051 
vt 29.9885 -23.0241 
vt 29.986 -23.0086 
vt 30.0137 -23.0086 
vt 29.986 -22.9961 
vt 30.0137 -22.9961 
vt 30.0118 -22.978 
vt 30.01 -23.0241 
vt 30.01 -23.0594 
vt 30.01 -23.051 
vt 29.9878 -22.978 
vt 30.0104 -22.9482 
vt 30.0104 -22.9792 
vt 29.9876 -22.9863 
vt 30.0109 -22.9863 
vt 29.9936 -23.0192 
vt 29.9914 -23.0237 
vt 30.0049 -23.0192 
vt 29.9885 -23.051 
vt 29.9885 -23.0594 
vt 29.9914 -23.0581 
vt 29.9914 -23.0518 
vt 30.0118 -22.9893 
vt 30.0072 -23.0518 
vt 30.01 -23.051 
vt 30.0072 -23.0581 
vt 30.01 -23.0594 
vt 29.9878 -22.9893 
vt 30.0044 -22.9374 
vt 30.0044 -22.9296 
vt 30 -22.9374 
vt 30 -22.9296 
vt 29.9956 -22.9296 
vt 29.9956 -22.9374 
vt 29.991 -22.9825 
vt 30.0062 -22.9296 
vt 30.0062 -22.9227 
vt 30 -22.9227 
vt 30 -22.9296 
vt 29.9938 -22.9227 
vt 29.9938 -22.9296 
vt 29.9938 -22.9296 
vt 30 -22.9296 
vt 30.0062 -22.9296 
vt 29.9878 -22.9789 
vt 29.9878 -22.994 
vt 30.0118 -22.9789 
vt 30.0118 -22.994 
vt 29.9882 -22.9988 
vt 30.0103 -22.9988 
vt 29.9917 -22.9983 
vt 29.9917 -22.9832 
vt 29.9993 -22.98 
vt 30.0118 -22.9893 
vt 29.9878 -22.9893 
vt 30.0118 -22.9817 
vt 29.9878 -22.9817 
vt 29.9993 -22.981 
vt 30.0061 -22.9839 
vt 29.9775 -22.9375 
vt 29.9844 -22.9375 
vt 29.9775 -22.9437 
vt 29.9844 -22.9437 
vt 29.9775 -22.9499 
vt 29.9844 -22.9499 
vt 29.9844 -22.9524 
vt 30.0156 -22.9499 
vt 30.0156 -22.9524 
vt 30.0225 -22.9499 
vt 30.0225 -22.9437 
vt 30.0156 -22.9437 
vt 30.0225 -22.9375 
vt 30.0156 -22.9375 
vt 29.9878 -22.9817 
vt 30.0118 -22.978 
vt 29.9878 -22.978 
vt 30.0118 -22.9817 
vt 29.9993 -22.9545 
vt 29.986 -22.9443 
vt 29.9993 -22.9576 
vt 29.9993 -22.9311 
vt 30.0125 -22.9443 
vt 29.9876 -23.0212 
vt 30.0109 -23.0212 
vt 30.0118 -22.9998 
vt 29.9878 -22.9998 
vt 30.0118 -23.0164 
vt 29.9878 -23.0164 
vt 29.9993 -22.9545 
vt 30.0103 -22.9988 
vt 29.9882 -23.0075 
vt 30.0103 -23.0075 
vt 29.9882 -22.9988 
vt 29.9896 -22.9482 
vt 29.9896 -22.9792 
vt 30.0104 -22.9792 
vt 30.0104 -22.9482 
vt 29.9914 -22.9353 
vt 29.9879 -22.9439 
vt 30 -22.9318 
vt 30.0086 -22.9353 
vt 30.0121 -22.9439 
vt 29.9993 -22.9266 
vt 29.9815 -22.9443 
vt 30.0118 -22.9569 
vt 30.0103 -23.0184 
vt 29.9882 -23.0184 
vt 29.9882 -23.0288 
vt 30.0103 -23.0288 
vt 29.9864 -23.0009 
vt 29.9864 -23.0097 
vt 29.9882 -23.0075 
vt 29.9882 -22.9988 
vt 30.0103 -23.0075 
vt 30.0121 -23.0009 
vt 30.0103 -22.9988 
vt 30.0121 -23.0097 
vt 30.0072 -23.085 
vt 30.0072 -23.0237 
vt 29.9914 -23.085 
vt 29.9914 -23.0237 
vt 29.9914 -23.0076 
vt 29.9914 -23.0518 
vt 30.0072 -23.0518 
vt 30.0072 -23.0076 
vt 30.0072 -23.0581 
vt 29.9914 -23.0581 
vt 29.9876 -23.0212 
vt 29.9876 -23.0606 
vt 30.0109 -23.0212 
vt 30.0109 -23.0606 
vt 29.9856 -22.9837 
vt 30.0129 -22.9837 
vt 29.9856 -23.0362 
vt 29.9856 -23.015 
vt 30.0129 -23.0362 
vt 30.0129 -23.015 
vt 29.9876 -22.9863 
vt 29.9876 -23.0212 
vt 30.0109 -22.9863 
vt 30.0109 -23.0212 
vt 30.0049 -23.0192 
vt 29.9936 -23.0192 
vt 29.9936 -23.0363 
vt 30.0049 -23.0363 
vt 29.9856 -23.0362 
vt 30.0129 -23.015 
vt 29.9856 -23.015 
vt 30.0129 -22.9837 
vt 30.0129 -23.0362 
vt 29.9856 -23.0612 
vt 30.0129 -23.0612 
vt 29.9856 -22.9837 
vt 29.6555 -23.0007 
vt 29.6555 -23.0073 
vt 29.6555 -23.0007 
vt 29.6555 -22.9914 
vt 29.6555 -23.0007 
vt 29.6593 -22.9891 
vt 29.6555 -23.0073 
vt 29.6593 -23.009 
vt 29.6593 -23.0007 
vt 29.6555 -23.0007 
vt 29.6555 -22.9942 
vt 29.6593 -22.9925 
vt 29.6709 -23.0064 
vt 29.6709 -22.9951 
vt 29.711 -23.0063 
vt 29.711 -23.0007 
vt 29.711 -23.0007 
vt 29.711 -22.9952 
vt 30.3445 -23.0144 
vt 30.3307 -22.9871 
vt 30.3307 -23.0144 
vt 29.8159 -23.0076 
vt 29.8194 -23.0083 
vt 29.8194 -23.0007 
vt 29.8159 -23.0007 
vt 29.8159 -22.9939 
vt 29.8194 -22.9932 
vt 29.8201 -23.0122 
vt 29.8201 -23.0122 
vt 29.8201 -22.9882 
vt 29.8201 -22.9882 
vt 30.3097 -22.9891 
vt 30.3097 -23.0124 
vt 30.3232 -22.9871 
vt 29.8201 -23.0122 
vt 29.8451 -23.0122 
vt 29.8451 -22.9882 
vt 29.8201 -22.9882 
vt 29.8218 -22.9866 
vt 30.2949 -23.0124 
vt 30.3296 -23.0163 
vt 30.3409 -22.9852 
vt 30.3071 -22.9874 
vt 30.3071 -22.9874 
vt 29.8458 -22.9866 
vt 29.8458 -23.0138 
vt 30.1938 -22.9897 
vt 30.1938 -23.0118 
vt 30.205 -23.0118 
vt 30.1807 -23.0086 
vt 30.2217 -23.0115 
vt 30.2245 -23.0086 
vt 30.1798 -23.0115 
vt 30.1807 -22.9928 
vt 30.2245 -22.9928 
vt 30.2217 -22.99 
vt 30.1798 -22.99 
vt 30.1809 -23.0109 
vt 30.1809 -23.0122 
vt 30.1809 -23.0109 
vt 30.1809 -23.0088 
vt 30.1809 -23.0007 
vt 30.1809 -23.0007 
vt 30.1809 -22.9906 
vt 30.1809 -22.9864 
vt 30.1809 -22.9906 
vt 29.7146 -23.0064 
vt 29.7218 -23.0064 
vt 29.7218 -22.9951 
vt 29.7146 -22.9951 
vt 29.7146 -22.9951 
vt 29.7146 -23.0064 
vt 29.7291 -22.9951 
vt 29.7291 -23.0064 
vt 29.7291 -23.0064 
vt 29.7291 -22.9951 
vt 30.2245 -22.9928 
vt 30.1807 -22.9928 
vt 30.2245 -23.0086 
vt 30.1807 -23.0086 
vt 30.1588 -23.0086 
vt 30.1588 -22.9928 
vt 30.1734 -23.0007 
vt 30.1809 -22.9906 
vt 30.1734 -22.9895 
vt 30.1809 -23.0007 
vt 30.1809 -23.0109 
vt 30.1734 -23.012 
vt 29.9559 -22.9887 
vt 29.9559 -23.0007 
vt 29.9559 -23.0128 
vt 29.9559 -22.9911 
vt 29.9559 -23.0007 
vt 29.9559 -23.0104 
vt 29.9646 -22.9794 
vt 29.9559 -23.0128 
vt 29.9646 -23.0158 
vt 29.9646 -23.0007 
vt 29.9559 -23.0007 
vt 29.9559 -22.9887 
vt 29.9646 -22.9857 
vt 30.1545 -23.0086 
vt 30.1807 -23.0086 
vt 30.1545 -22.9928 
vt 30.1807 -22.9928 
vt 29.9715 -23.0104 
vt 29.9715 -23.0144 
vt 30.2081 -22.9879 
vt 29.9536 -22.9882 
vt 30.1991 -23.0115 
vt 30.1991 -22.99 
vt 30.1446 -22.9842 
vt 30.1546 -23.0101 
vt 30.1446 -23.0125 
vt 30.1446 -23.0007 
vt 30.1546 -23.0007 
vt 30.1546 -22.9914 
vt 30.1446 -22.989 
vt 30.1807 -23.0086 
vt 30.1545 -23.0086 
vt 30.1557 -23.0115 
vt 30.1798 -23.0115 
vt 30.1807 -22.9928 
vt 30.1557 -22.99 
vt 30.1545 -22.9928 
vt 30.1798 -22.99 
vt 30.2186 -23.0124 
vt 30.3097 -23.0124 
vt 30.3097 -22.9891 
vt 30.2186 -22.9891 
vt 30.1336 -23.0122 
vt 30.1336 -22.9882 
vt 29.6709 -23.0064 
vt 29.6854 -23.0064 
vt 29.6854 -22.9951 
vt 29.6709 -22.9951 
vt 30.3307 -23.0144 
vt 30.2957 -22.9871 
vt 30.2957 -23.0144 
vt 30.3307 -22.9871 
vt 30.0456 -23.014 
vt 30.1029 -23.014 
vt 30.1029 -22.9863 
vt 30.0456 -22.9863 
vt 30.1319 -23.0086 
vt 30.1551 -23.0086 
vt 30.1551 -22.9928 
vt 30.1319 -22.9928 
vt 30.1394 -23.0086 
vt 30.1394 -22.9928 
vt 30.122 -23.014 
vt 30.122 -22.9863 
vt 30.142 -23.0118 
vt 30.142 -22.9897 
vt 30.0034 -22.9882 
vt 30.0034 -23.0007 
vt 30.0096 -23.0007 
vt 30.0034 -23.0133 
vt 30.0096 -22.9868 
vt 30.0096 -23.0147 
vt 30.0096 -23.0205 
vt 29.7291 -23.0064 
vt 29.7437 -23.0064 
vt 29.7437 -22.9951 
vt 29.7291 -22.9951 
vt 29.7 -23.0064 
vt 29.7146 -23.0064 
vt 29.7146 -22.9951 
vt 29.7 -22.9951 
vt 30.1015 -22.9841 
vt 30.0469 -22.9841 
vt 30.2201 -22.9874 
vt 30.1015 -23.0162 
vt 30.1193 -22.9841 
vt 29.8451 -23.0122 
vt 30.0517 -23.0122 
vt 30.0517 -22.9882 
vt 29.8451 -22.9882 
vt 30.0913 -23.0093 
vt 30.1672 -23.0118 
vt 30.1938 -23.0118 
vt 30.1672 -22.9897 
vt 30.1938 -22.9897 
vt 30.1128 -22.9879 
vt 30.1128 -23.0121 
vt 30.2985 -23.0163 
vt 30.2985 -22.9852 
vt 30.099 -23.0118 
vt 30.0667 -23.0007 
vt 30.1369 -23.0118 
vt 30.1572 -23.0118 
vt 30.1369 -22.9897 
vt 30.1572 -22.9897 
vt 30.2239 -23.0124 
vt 30.2239 -22.9891 
vt 30.235 -22.9891 
vt 30.235 -23.0124 
vt 30.2395 -22.9891 
vt 30.2395 -23.0124 
vt 30.2636 -22.9891 
vt 30.2636 -23.0124 
vt 30.2711 -22.9891 
vt 30.2711 -23.0124 
vt 30.0223 -22.9882 
vt 30.0286 -22.9882 
vt 30.0223 -23.0122 
vt 30.0297 -23.0138 
vt 30.0286 -23.0122 
vt 30.1088 -23.0122 
vt 30.0417 -23.0122 
vt 30.0417 -22.9882 
vt 30.0995 -23.0122 
vt 30.0995 -22.9882 
vt 30.1088 -23.0122 
vt 30.1088 -22.9882 
vt 30.1336 -23.0122 
vt 30.1336 -22.9882 
vt 30.1582 -23.0136 
vt 30.1582 -22.9879 
vt 30.0779 -22.9698 
vt 30.0766 -22.9752 
vt 30.0798 -22.9752 
vt 30.0798 -22.9698 
vt 30.0816 -22.9698 
vt 30.0829 -22.9752 
vt 30.0798 -22.9752 
vt 30.0798 -22.9698 
vt 30.0779 -23.0302 
vt 30.0766 -23.0248 
vt 30.0798 -23.0248 
vt 30.0798 -23.0302 
vt 30.0816 -23.0302 
vt 30.0829 -23.0248 
vt 30.1696 -23.0007 
vt 30.1809 -23.0007 
vt 30.1696 -22.9926 
vt 30.1809 -22.9926 
vt 30.1809 -23.0088 
vt 30.1696 -23.0088 
vt 30.041 -22.9866 
vt 30.1003 -22.9866 
vt 30.041 -23.0138 
vt 30.0798 -22.9752 
vt 30.0798 -23.0248 
vt 30.086 -22.9775 
vt 30.0798 -22.9775 
vt 30.0736 -23.0225 
vt 30.0893 -23.0118 
vt 30.0893 -23.0118 
vt 30.0893 -22.9897 
vt 30.099 -23.0118 
vt 30.099 -22.9897 
vt 30.142 -22.9897 
vt 30.142 -23.0118 
vt 30.0667 -22.9886 
vt 30.1036 -23.0138 
vt 30.1113 -22.9882 
vt 30.1121 -22.9866 
vt 30.1121 -23.0138 
vt 30.1113 -23.0122 
vt 30.3006 -23.0163 
vt 30.0371 -22.9866 
vt 30.3006 -22.9852 
vt 30.0371 -23.0138 
vt 30.0754 -23.0078 
vt 30.0754 -23.0078 
vt 30.0754 -23.0156 
vt 30.0798 -23.0078 
vt 30.0798 -23.0156 
vt 30.0841 -23.0078 
vt 30.0841 -23.0156 
vt 30.0798 -22.9922 
vt 30.0798 -22.9844 
vt 30.0754 -22.9922 
vt 30.0754 -22.9844 
vt 30.0841 -22.9922 
vt 30.0841 -22.9844 
vt 30.0798 -22.9922 
vt 30.0798 -22.9844 
vt 30.0369 -22.9866 
vt 30.2225 -23.0141 
vt 30.2648 -23.0141 
vt 30.2648 -22.9874 
vt 30.2091 -22.9874 
vt 30.136 -23.0136 
vt 30.136 -22.9879 
vt 30.0286 -23.0122 
vt 30.1113 -23.0122 
vt 30.1113 -22.9882 
vt 30.0286 -22.9882 
vt 30.1226 -23.0122 
vt 30.1057 -23.0115 
vt 30.1057 -22.99 
vt 30.0581 -22.9896 
vt 30.0913 -23.0093 
vt 29.9797 -22.9882 
vt 30.0913 -22.9922 
vt 29.9797 -23.0122 
vt 29.7437 -23.0064 
vt 29.6854 -23.0064 
vt 29.7 -23.0064 
vt 29.7 -22.9951 
vt 29.6854 -22.9951 
vt 30.0841 -23.0044 
vt 29.753 -22.9925 
vt 29.6593 -22.9925 
vt 29.753 -23.0007 
vt 29.753 -22.9891 
vt 29.6593 -23.0007 
vt 29.753 -23.009 
vt 29.6593 -23.009 
vt 30.0223 -23.0122 
vt 30.0223 -22.9882 
vt 29.9797 -22.9882 
vt 29.9797 -23.0122 
vt 29.9683 -22.9882 
vt 29.9683 -23.0122 
vt 30.0621 -23.0079 
vt 29.9666 -23.0083 
vt 29.8194 -23.0083 
vt 29.9666 -23.0114 
vt 29.8194 -23.0007 
vt 29.9666 -23.0007 
vt 29.8194 -22.9932 
vt 29.9666 -23.0007 
vt 29.9666 -22.9932 
vt 29.9666 -22.9901 
vt 29.8159 -23.0076 
vt 29.7568 -23.0076 
vt 29.7568 -23.0007 
vt 29.8159 -23.0007 
vt 29.7568 -22.9939 
vt 29.8159 -22.9939 
vt 30.0959 -23.0079 
vt 30.0913 -23.0007 
vt 30.0913 -23.0093 
vt 30.0959 -23.0007 
vt 30.0913 -23.0007 
vt 30.0959 -23.0007 
vt 30.0959 -22.9936 
vt 30.0913 -22.9922 
vt 30.0736 -23.0225 
vt 30.0736 -23.0156 
vt 30.0798 -23.0225 
vt 30.0798 -23.0156 
vt 30.086 -23.0225 
vt 30.086 -23.0156 
vt 30.0885 -23.0156 
vt 30.0736 -22.9844 
vt 30.0798 -22.9844 
vt 30.0736 -22.9775 
vt 30.0798 -22.9775 
vt 30.071 -22.9844 
vt 30.086 -22.9844 
vt 30.086 -22.9775 
vt 30.086 -22.9844 
vt 30.0798 -22.9775 
vt 30.0798 -22.9844 
vt 30.1296 -23.0079 
vt 30.0959 -23.0079 
vt 30.1296 -23.0007 
vt 30.0959 -23.0007 
vt 30.1296 -22.9936 
vt 30.0959 -22.9936 
vt 30.0621 -23.0079 
vt 30.0667 -23.0093 
vt 30.0667 -23.0007 
vt 30.0621 -23.0007 
vt 30.0667 -23.0007 
vt 30.0621 -22.9936 
vt 30.0621 -23.0007 
vt 30.0667 -22.9922 
vt 29.9715 -23.0007 
vt 29.9559 -22.9911 
vt 29.9559 -23.0007 
vt 29.9715 -22.9911 
vt 29.9715 -23.0104 
vt 29.9559 -23.0104 
vt 30.1546 -23.0101 
vt 30.1684 -23.0101 
vt 30.1684 -23.0101 
vt 30.1546 -23.0007 
vt 30.1684 -23.0007 
vt 30.1684 -23.0007 
vt 30.1546 -22.9914 
vt 30.1684 -22.9914 
vt 30.1684 -22.9875 
vt 30.0284 -22.9936 
vt 30.0621 -22.9936 
vt 30.0284 -23.0007 
vt 30.0621 -23.0007 
vt 30.0284 -23.0079 
vt 30.0621 -23.0079 
vt 30.0284 -23.0109 
vt 30.0667 -22.9922 
vt 30.0913 -22.9922 
vt 30.0667 -23.0007 
vt 30.0913 -23.0007 
vt 30.0667 -23.0093 
vt 30.0913 -23.0093 
vt 29.9721 -23.0007 
vt 29.9721 -23.0133 
vt 30.0034 -23.0133 
vt 29.9721 -23.0007 
vt 30.0034 -23.0007 
vt 29.9721 -22.9882 
vt 30.0034 -22.9882 
vt 30.0284 -23.0079 
vt 30.0096 -23.0147 
vt 30.0096 -23.0007 
vt 30.0284 -23.0007 
vt 30.0284 -22.9936 
vt 30.0096 -22.9868 
vt 30.0798 -22.9912 
vt 30.0754 -22.9956 
vt 30.0798 -22.9938 
vt 30.0841 -22.9956 
vt 30.0736 -22.9938 
vt 30.086 -22.9938 
vt 30.0736 -23 
vt 30.0859 -23 
vt 30.071 -23 
vt 30.0885 -23 
vt 30.0754 -23.0044 
vt 30.0841 -23.0044 
vt 30.0736 -23.0062 
vt 30.086 -23.0062 
vt 30.0798 -23.0088 
vt 30.0798 -23.0062 
vt 30.1296 -23.0079 
vt 30.1446 -23.0125 
vt 30.1446 -23.0007 
vt 30.1296 -23.0007 
vt 30.1296 -22.9936 
vt 30.1446 -22.989 
vt 29.9721 -23.0133 
vt 29.9646 -23.0158 
vt 29.9646 -23.0007 
vt 29.9721 -23.0007 
vt 29.9721 -22.9882 
vt 29.9646 -22.9857 
vt 30.1684 -23.0101 
vt 30.1734 -23.012 
vt 30.1734 -23.0007 
vt 30.1684 -23.0007 
vt 30.1684 -22.9914 
vt 30.1734 -22.9895 
vt 29.6854 -22.9951 
vt 29.6854 -23.0064 
vt 29.6927 -22.9951 
vt 29.6927 -23.0064 
vt 29.7 -22.9951 
vt 29.7 -23.0064 
vt 29.7568 -23.0076 
vt 29.753 -23.009 
vt 29.753 -23.0007 
vt 29.7568 -23.0007 
vt 29.7568 -22.9939 
vt 29.753 -22.9925 
vt 29.711 -23.0007 
vt 29.6555 -22.9968 
vt 29.6555 -23.0007 
vt 29.711 -22.9968 
vt 29.711 -23.0047 
vt 29.6555 -23.0047 
vt 30.3445 -23 
vt 30.3445 -22.9973 
vt 30.3445 -22.9814 
vt 30.3445 -22.9841 
vt 30.3407 -22.9825 
vt 30.3407 -22.9907 
vt 30.3445 -22.9907 
vt 30.3445 -22.9973 
vt 30.3407 -22.999 
vt 30.3291 -22.9989 
vt 30.3291 -23.0484 
vt 30.289 -22.9851 
vt 29.6555 -23.0487 
vt 29.6693 -23.0637 
vt 30.1841 -22.9839 
vt 30.1806 -22.98 
vt 30.1806 -22.9832 
vt 30.1806 -22.9907 
vt 30.1841 -22.9907 
vt 30.1841 -22.9976 
vt 30.1806 -22.9983 
vt 30.1841 -23.0004 
vt 30.1799 -22.995 
vt 30.1799 -23.011 
vt 29.6903 -22.9953 
vt 29.6903 -23.0606 
vt 29.6903 -23.0606 
vt 29.6805 -23.0112 
vt 29.6805 -23.0112 
vt 29.6768 -22.9812 
vt 30.1799 -23.011 
vt 30.1799 -22.995 
vt 30.1782 -22.9967 
vt 30.1782 -23.0102 
vt 29.7051 -22.9811 
vt 29.6805 -23.0112 
vt 29.6797 -22.9823 
vt 29.6768 -22.9812 
vt 29.6797 -22.9823 
vt 29.6805 -23.0112 
vt 29.6835 -23.0119 
vt 29.6693 -23.0637 
vt 29.6591 -23.0485 
vt 29.6555 -23.0487 
vt 29.6704 -23.0608 
vt 29.6903 -22.9953 
vt 29.6929 -23.0581 
vt 29.6929 -22.9964 
vt 29.6903 -23.0606 
vt 30.1542 -23.0325 
vt 30.1549 -23.0342 
vt 30.1799 -23.011 
vt 30.1782 -23.0102 
vt 30.1542 -23.0325 
vt 29.8062 -23.0288 
vt 29.795 -23.0175 
vt 29.6805 -23.0112 
vt 29.6555 -23.0487 
vt 29.6591 -23.0485 
vt 29.6591 -23.0485 
vt 29.6835 -23.0119 
vt 29.6805 -23.0112 
vt 29.8193 -23.085 
vt 29.7783 -23.0565 
vt 29.7755 -23.0575 
vt 29.8202 -23.0824 
vt 29.8191 -22.9342 
vt 29.8191 -22.9545 
vt 29.8191 -22.9587 
vt 29.8191 -22.9329 
vt 29.8191 -22.9342 
vt 29.8191 -22.9545 
vt 30.2854 -23.0192 
vt 30.2782 -23.0156 
vt 30.2854 -23.0363 
vt 30.2709 -23.0192 
vt 30.2709 -23.0393 
vt 29.7988 -23.0076 
vt 29.7988 -23.0076 
vt 29.8412 -23.0076 
vt 29.683 -22.975 
vt 29.6768 -22.9812 
vt 29.6797 -22.9823 
vt 29.6842 -22.9778 
vt 29.8191 -22.9545 
vt 29.8266 -22.9556 
vt 29.8266 -22.9443 
vt 29.8191 -22.9443 
vt 29.8191 -22.9342 
vt 29.8266 -22.9331 
vt 30.0441 -22.9564 
vt 30.0441 -22.9564 
vt 30.0441 -22.9347 
vt 30.0441 -22.9443 
vt 30.0441 -22.9323 
vt 30.0441 -22.9323 
vt 30.0354 -22.9293 
vt 30.0354 -22.9443 
vt 30.0441 -22.9443 
vt 30.0441 -22.9564 
vt 30.0354 -22.9594 
vt 29.8455 -23.085 
vt 29.795 -23.0175 
vt 29.7919 -23.0009 
vt 29.7892 -22.9988 
vt 29.797 -23.0164 
vt 29.7051 -22.9811 
vt 29.6929 -22.9964 
vt 29.7062 -22.9837 
vt 29.6903 -22.9953 
vt 30.0285 -22.9443 
vt 29.7919 -23.0009 
vt 30.0287 -22.9664 
vt 30.0464 -22.995 
vt 29.7755 -23.0575 
vt 29.8009 -23.0102 
vt 29.7988 -23.0076 
vt 29.8071 -23.0266 
vt 29.795 -23.0175 
vt 29.8062 -23.0288 
vt 29.797 -23.0164 
vt 29.8454 -22.935 
vt 29.8554 -22.9326 
vt 29.8554 -22.9443 
vt 29.8454 -22.9443 
vt 29.8454 -22.9537 
vt 29.8554 -22.9561 
vt 29.8554 -22.9609 
vt 29.8443 -23.0824 
vt 29.7814 -23.0606 
vt 29.8489 -22.9914 
vt 29.8664 -23.0182 
vt 30.3146 -23.0484 
vt 30.0277 -22.9681 
vt 30.0464 -22.995 
vt 30.0287 -22.9664 
vt 30.0464 -22.995 
vt 30.0277 -22.9681 
vt 30.0454 -22.9967 
vt 29.9184 -22.915 
vt 29.7043 -23.0612 
vt 29.9544 -23.0446 
vt 29.9544 -23.0446 
vt 29.9221 -22.915 
vt 29.9234 -22.9205 
vt 29.9202 -22.9205 
vt 29.9202 -22.915 
vt 29.9184 -22.915 
vt 29.9171 -22.9205 
vt 29.8449 -23.0076 
vt 29.8606 -23.0443 
vt 29.8356 -23.0706 
vt 29.878 -23.0086 
vt 29.878 -23.0086 
vt 29.8664 -23.0182 
vt 29.852 -22.9931 
vt 29.8489 -22.9914 
vt 29.852 -22.9931 
vt 29.8664 -23.0182 
vt 29.8673 -23.0165 
vt 29.858 -23.0393 
vt 29.9966 -22.9569 
vt 29.9904 -22.9583 
vt 29.9904 -22.9443 
vt 29.9966 -22.9443 
vt 29.9966 -22.9318 
vt 29.9904 -22.9304 
vt 29.9904 -22.9246 
vt 29.9264 -22.9227 
vt 30.2563 -23.0393 
vt 30.3 -23.0363 
vt 29.7814 -23.0606 
vt 29.6929 -23.0581 
vt 29.6903 -23.0606 
vt 29.7799 -23.0581 
vt 29.8971 -23.0446 
vt 29.9544 -23.0446 
vt 29.9531 -23.0424 
vt 29.8985 -23.0424 
vt 29.8971 -23.0446 
vt 29.8807 -23.009 
vt 29.878 -23.0086 
vt 29.8985 -23.0424 
vt 29.9483 -23.0342 
vt 29.9483 -23.0342 
vt 29.9087 -22.9357 
vt 29.8751 -22.9797 
vt 29.8701 -22.9914 
vt 29.8713 -22.9931 
vt 29.8701 -22.9914 
vt 29.8751 -22.9797 
vt 29.8738 -22.978 
vt 29.9735 -23.0086 
vt 29.8328 -23.0288 
vt 29.8872 -22.9482 
vt 29.8872 -22.9792 
vt 29.8872 -22.9353 
vt 29.8872 -22.9439 
vt 29.6693 -23.0637 
vt 29.7015 -23.0586 
vt 29.6704 -23.0608 
vt 29.7015 -23.0586 
vt 29.6693 -23.0637 
vt 29.7043 -23.0612 
vt 29.8607 -23.0372 
vt 29.8659 -23.0162 
vt 29.8631 -23.0184 
vt 29.858 -23.0393 
vt 29.8607 -23.0372 
vt 29.901 -23.0393 
vt 29.9008 -23.0372 
vt 29.858 -23.0393 
vt 30.1549 -23.0342 
vt 29.9514 -23.0325 
vt 29.9483 -23.0342 
vt 30.1542 -23.0325 
vt 29.9708 -23.009 
vt 29.9708 -23.009 
vt 29.9544 -23.0446 
vt 29.9735 -23.0086 
vt 29.9544 -23.0446 
vt 29.9708 -23.009 
vt 29.9531 -23.0424 
vt 29.9333 -22.9322 
vt 29.8062 -23.0288 
vt 29.8328 -23.0288 
vt 29.8318 -23.0266 
vt 29.8071 -23.0266 
vt 29.7877 -23.0232 
vt 29.7761 -23.0056 
vt 29.7877 -23.0232 
vt 29.7716 -23.0441 
vt 29.7716 -23.0441 
vt 29.7605 -23.003 
vt 29.7364 -23.003 
vt 29.7289 -23.0102 
vt 29.7213 -23.0315 
vt 29.7224 -23.0441 
vt 29.7224 -23.0441 
vt 29.9777 -22.9789 
vt 29.9703 -22.9923 
vt 29.9714 -22.994 
vt 29.9703 -22.9923 
vt 29.9777 -22.9789 
vt 29.9766 -22.9772 
vt 29.8673 -23.0165 
vt 29.8912 -23.0182 
vt 29.8903 -23.0165 
vt 29.8664 -23.0182 
vt 29.9041 -22.9372 
vt 29.9087 -22.9443 
vt 29.9087 -22.9357 
vt 29.9041 -22.9443 
vt 29.9087 -22.9443 
vt 29.8418 -23.0162 
vt 29.8631 -23.0184 
vt 29.8659 -23.0162 
vt 29.8428 -23.0184 
vt 29.9228 -22.9437 
vt 29.9202 -22.9411 
vt 29.9184 -22.9418 
vt 29.9221 -22.9418 
vt 29.9184 -22.9455 
vt 29.9177 -22.9437 
vt 29.9202 -22.9463 
vt 29.9221 -22.9455 
vt 29.9158 -22.9437 
vt 29.889 -22.9961 
vt 29.878 -23.0086 
vt 29.8807 -23.009 
vt 29.89 -22.9984 
vt 29.8304 -22.9362 
vt 29.8191 -22.9362 
vt 29.8304 -22.9443 
vt 29.8191 -22.9443 
vt 29.8191 -22.9524 
vt 29.8304 -22.9524 
vt 29.8191 -22.9443 
vt 29.8304 -22.9443 
vt 29.8997 -23.0037 
vt 29.9005 -23.0054 
vt 29.959 -23.0037 
vt 29.8997 -23.0037 
vt 29.959 -23.0037 
vt 29.9005 -23.0054 
vt 29.9583 -23.0054 
vt 29.9264 -22.9437 
vt 29.9234 -22.9468 
vt 29.9246 -22.948 
vt 29.9202 -22.9498 
vt 29.9247 -22.9437 
vt 29.9202 -22.9481 
vt 29.9234 -22.9406 
vt 29.9171 -22.9468 
vt 29.9246 -22.9393 
vt 29.9159 -22.948 
vt 29.9202 -22.9393 
vt 29.9141 -22.9437 
vt 29.9202 -22.9375 
vt 29.9158 -22.9437 
vt 29.9159 -22.9393 
vt 29.9171 -22.9406 
vt 29.9202 -22.9524 
vt 29.9379 -22.9372 
vt 29.9333 -22.9357 
vt 29.9333 -22.9443 
vt 29.9379 -22.9443 
vt 29.9246 -22.948 
vt 29.9202 -22.9498 
vt 29.9202 -22.9524 
vt 29.9264 -22.9499 
vt 29.914 -22.9499 
vt 29.9264 -22.9437 
vt 29.9159 -22.948 
vt 29.929 -22.9437 
vt 29.9141 -22.9437 
vt 29.9246 -22.9393 
vt 29.9115 -22.9437 
vt 29.9264 -22.9375 
vt 29.9202 -22.9349 
vt 29.9202 -22.9375 
vt 29.9159 -22.9393 
vt 29.914 -22.9375 
vt 29.9202 -22.9375 
vt 29.9202 -22.9349 
vt 29.9107 -23.0075 
vt 29.9107 -23.03 
vt 29.9333 -22.9443 
vt 29.8964 -23.0015 
vt 29.8909 -23.0062 
vt 29.8917 -23.0079 
vt 29.8994 -22.9439 
vt 29.8872 -22.9439 
vt 29.8872 -22.9482 
vt 29.8994 -22.9482 
vt 29.8994 -22.9353 
vt 29.8872 -22.9353 
vt 29.8872 -22.9792 
vt 29.8994 -22.9482 
vt 29.8994 -22.9792 
vt 29.954 -22.9439 
vt 29.9419 -22.9439 
vt 29.9419 -22.9482 
vt 29.954 -22.9353 
vt 29.954 -22.9482 
vt 29.9419 -22.9792 
vt 29.954 -22.9792 
vt 29.9419 -22.9353 
vt 29.9008 -23.0372 
vt 29.9107 -23.03 
vt 29.9085 -23.0284 
vt 29.901 -23.0393 
vt 29.9669 -22.9664 
vt 30.0287 -22.9664 
vt 29.9669 -22.9664 
vt 29.9681 -22.9681 
vt 30.0277 -22.9681 
vt 29.9708 -23.009 
vt 29.9625 -22.9961 
vt 29.9615 -22.9984 
vt 29.9735 -23.0086 
vt 29.9703 -22.9923 
vt 29.8879 -22.9923 
vt 29.8887 -22.994 
vt 29.9714 -22.994 
vt 29.6994 -22.9854 
vt 29.6797 -22.9823 
vt 29.6835 -23.0119 
vt 29.6907 -22.9778 
vt 29.6842 -22.9778 
vt 29.7112 -23.015 
vt 29.7027 -23.0356 
vt 29.6591 -23.0485 
vt 29.6704 -23.0608 
vt 29.7015 -23.0586 
vt 29.9615 -22.9984 
vt 29.8985 -23.0424 
vt 29.9531 -23.0424 
vt 29.9708 -23.009 
vt 29.89 -22.9984 
vt 29.8807 -23.009 
vt 29.6907 -22.9778 
vt 29.979 -23.0164 
vt 29.9629 -23.0015 
vt 29.9772 -23.0181 
vt 29.9643 -22.9998 
vt 29.6918 -22.975 
vt 29.683 -22.975 
vt 29.6842 -22.9778 
vt 29.6907 -22.9778 
vt 29.7673 -22.9887 
vt 29.7775 -23.003 
vt 29.789 -22.9887 
vt 29.766 -23.003 
vt 29.7909 -23.0234 
vt 29.7617 -23.0006 
vt 29.8101 -23.0209 
vt 29.7585 -22.9837 
vt 29.7799 -23.0581 
vt 29.7352 -23.0006 
vt 29.7731 -23.0466 
vt 29.7062 -22.9837 
vt 29.72 -23.0466 
vt 29.7267 -23.0087 
vt 29.6929 -23.0581 
vt 29.6929 -22.9964 
vt 29.7187 -23.0311 
vt 30.0277 -22.9681 
vt 29.9766 -22.9772 
vt 30.0213 -22.9772 
vt 29.9766 -22.9772 
vt 30.0277 -22.9681 
vt 29.9681 -22.9681 
vt 29.9772 -23.0181 
vt 29.9629 -23.0015 
vt 29.9654 -23.0108 
vt 29.959 -23.0037 
vt 29.8964 -23.0015 
vt 29.9514 -23.0325 
vt 30.0225 -23.0181 
vt 30.1542 -23.0325 
vt 30.0399 -22.9967 
vt 30.0339 -22.9967 
vt 30.1782 -22.9967 
vt 30.1782 -23.0102 
vt 29.8879 -22.9923 
vt 29.8751 -22.9797 
vt 29.8713 -22.9931 
vt 29.9098 -22.9797 
vt 29.9116 -22.991 
vt 29.9703 -22.9923 
vt 29.947 -22.991 
vt 29.8736 -23.0081 
vt 29.852 -22.9931 
vt 29.8673 -23.0165 
vt 29.8903 -23.0165 
vt 29.8917 -23.0079 
vt 29.8997 -23.0037 
vt 29.8964 -23.0015 
vt 29.959 -23.0037 
vt 29.9631 -22.9797 
vt 29.9766 -22.9772 
vt 29.9681 -22.9681 
vt 29.9703 -22.9923 
vt 29.947 -22.991 
vt 29.9488 -22.9797 
vt 29.9469 -22.9823 
vt 29.9098 -22.9797 
vt 29.9116 -22.991 
vt 29.9117 -22.9823 
vt 30.0454 -22.9967 
vt 30.0277 -22.9681 
vt 30.0339 -22.9967 
vt 30.0213 -22.9772 
vt 29.8071 -23.0266 
vt 29.8418 -23.0162 
vt 29.797 -23.0164 
vt 29.8318 -23.0266 
vt 29.7919 -23.0009 
vt 29.8583 -23.0009 
vt 29.864 -23.0097 
vt 29.8659 -23.0162 
vt 29.9085 -23.0097 
vt 29.9008 -23.0372 
vt 29.9085 -23.0284 
vt 29.8607 -23.0372 
vt 29.766 -23.003 
vt 29.7761 -23.0056 
vt 29.7775 -23.003 
vt 29.765 -23.0056 
vt 29.7877 -23.0232 
vt 29.7605 -23.003 
vt 29.7909 -23.0234 
vt 29.7617 -23.0006 
vt 29.7731 -23.0466 
vt 29.7364 -23.003 
vt 29.7716 -23.0441 
vt 29.7352 -23.0006 
vt 29.7224 -23.0441 
vt 29.7267 -23.0087 
vt 29.72 -23.0466 
vt 29.7289 -23.0102 
vt 29.7187 -23.0311 
vt 29.7213 -23.0315 
vt 29.864 -23.0097 
vt 29.8774 -23.0064 
vt 29.8202 -23.0824 
vt 29.8043 -23.0594 
vt 29.7783 -23.0565 
vt 29.8043 -23.051 
vt 29.8009 -23.0102 
vt 29.836 -23.0102 
vt 29.8272 -23.0732 
vt 29.8367 -23.0732 
vt 29.8443 -23.0824 
vt 29.8629 -23.0456 
vt 29.8943 -23.0241 
vt 29.8712 -23.0125 
vt 29.8759 -23.0102 
vt 29.865 -23.0102 
vt 29.9619 -22.978 
vt 29.9479 -22.978 
vt 29.9488 -22.9797 
vt 29.9631 -22.9797 
vt 29.9106 -22.978 
vt 29.8738 -22.978 
vt 29.8751 -22.9797 
vt 29.9106 -22.978 
vt 29.8751 -22.9797 
vt 29.9098 -22.9797 
vt 29.7062 -22.9837 
vt 29.7594 -22.9811 
vt 29.7051 -22.9811 
vt 29.7594 -22.9811 
vt 29.7062 -22.9837 
vt 29.7585 -22.9837 
vt 29.9419 -22.9482 
vt 29.9087 -22.9443 
vt 29.9041 -22.9443 
vt 29.9041 -22.9515 
vt 29.9087 -22.9529 
vt 29.959 -23.0037 
vt 29.9633 -23.011 
vt 29.9654 -23.0108 
vt 29.9633 -23.011 
vt 29.959 -23.0037 
vt 29.9583 -23.0054 
vt 29.9087 -22.9529 
vt 30.0213 -22.9772 
vt 29.9766 -22.9772 
vt 29.9777 -22.9789 
vt 30.0203 -22.9789 
vt 29.7685 -22.9863 
vt 29.789 -22.9887 
vt 29.7905 -22.9863 
vt 29.789 -22.9887 
vt 29.7685 -22.9863 
vt 29.7673 -22.9887 
vt 29.7905 -22.9863 
vt 30.2709 -23.0192 
vt 30.2563 -23.0393 
vt 30.2709 -23.0393 
vt 30.2563 -22.9989 
vt 30.2782 -23.0156 
vt 30.3073 -23.0156 
vt 30.3291 -22.9989 
vt 30.2854 -23.0192 
vt 30.3146 -23.0192 
vt 30.3291 -23.0484 
vt 30.3146 -23.0484 
vt 30.3 -23.0192 
vt 30.3 -23.0363 
vt 30.2854 -23.0363 
vt 29.8943 -23.0241 
vt 29.8443 -23.0824 
vt 29.8455 -23.085 
vt 29.898 -23.0237 
vt 29.8043 -23.051 
vt 29.8069 -23.0581 
vt 29.8272 -23.0732 
vt 29.8069 -23.0518 
vt 29.836 -23.0102 
vt 29.8412 -23.0076 
vt 29.8281 -23.0706 
vt 29.8356 -23.0706 
vt 29.8367 -23.0732 
vt 29.8629 -23.0456 
vt 29.8606 -23.0443 
vt 29.8681 -23.0143 
vt 29.8712 -23.0125 
vt 29.865 -23.0102 
vt 29.8449 -23.0076 
vt 29.9116 -22.991 
vt 29.947 -22.991 
vt 29.9453 -22.9893 
vt 29.9116 -22.991 
vt 29.9453 -22.9893 
vt 29.9133 -22.9893 
vt 29.9488 -22.9797 
vt 29.9452 -22.9817 
vt 29.9469 -22.9823 
vt 29.9479 -22.978 
vt 29.8701 -22.9914 
vt 29.8489 -22.9914 
vt 29.852 -22.9931 
vt 29.8713 -22.9931 
vt 29.9469 -22.9823 
vt 29.9453 -22.9893 
vt 29.947 -22.991 
vt 29.9452 -22.9817 
vt 29.9246 -22.9296 
vt 29.9246 -22.9374 
vt 29.9202 -22.9374 
vt 29.9202 -22.9296 
vt 29.9159 -22.9374 
vt 29.9159 -22.9296 
vt 30.247 -23.0024 
vt 30.247 -22.999 
vt 30.3407 -22.999 
vt 30.247 -22.9907 
vt 30.3407 -22.9907 
vt 30.247 -22.9825 
vt 30.3407 -22.9825 
vt 29.9005 -23.0054 
vt 29.8903 -23.0165 
vt 29.8912 -23.0182 
vt 29.8997 -23.0037 
vt 29.9264 -22.9227 
vt 29.9264 -22.9296 
vt 29.9202 -22.9227 
vt 29.9202 -22.9296 
vt 29.914 -22.9227 
vt 29.914 -22.9296 
vt 29.9115 -22.9296 
vt 29.889 -22.9961 
vt 29.9615 -22.9984 
vt 29.9625 -22.9961 
vt 29.89 -22.9984 
vt 30.0409 -22.995 
vt 30.1782 -22.9967 
vt 30.1799 -22.995 
vt 30.0399 -22.9967 
vt 29.8909 -23.0062 
vt 29.8964 -23.0015 
vt 29.8955 -22.9998 
vt 29.8774 -23.0064 
vt 29.8917 -23.0079 
vt 29.8736 -23.0081 
vt 30.0317 -22.9968 
vt 29.8584 -22.9988 
vt 29.7892 -22.9988 
vt 29.7919 -23.0009 
vt 29.8583 -23.0009 
vt 29.9333 -22.9443 
vt 29.9379 -22.9515 
vt 29.9379 -22.9443 
vt 29.9333 -22.9529 
vt 29.9134 -22.9817 
vt 29.9098 -22.9797 
vt 29.9117 -22.9823 
vt 29.9106 -22.978 
vt 30.0334 -22.9983 
vt 30.1806 -22.9983 
vt 30.0334 -22.9907 
vt 30.1806 -22.9907 
vt 30.0334 -22.9832 
vt 30.1806 -22.9832 
vt 30.0334 -22.98 
vt 29.8955 -22.9998 
vt 29.9629 -23.0015 
vt 29.9643 -22.9998 
vt 29.8964 -23.0015 
vt 29.9133 -22.9893 
vt 29.9134 -22.9817 
vt 29.9117 -22.9823 
vt 29.9117 -22.9823 
vt 29.9116 -22.991 
vt 29.9133 -22.9893 
vt 29.9107 -23.03 
vt 29.9107 -23.0075 
vt 29.9085 -23.0097 
vt 29.9085 -23.0284 
vt 29.8643 -23.0075 
vt 29.9085 -23.0097 
vt 29.9107 -23.0075 
vt 29.864 -23.0097 
vt 29.9681 -22.9681 
vt 29.9619 -22.978 
vt 29.9631 -22.9797 
vt 29.9669 -22.9664 
vt 29.8879 -22.9923 
vt 29.8736 -23.0081 
vt 29.8774 -23.0064 
vt 29.8879 -22.9923 
vt 29.8774 -23.0064 
vt 29.8887 -22.994 
vt 30.1841 -22.9976 
vt 30.2432 -22.9976 
vt 30.1841 -22.9907 
vt 30.2432 -22.9907 
vt 30.1841 -22.9839 
vt 30.2432 -22.9839 
vt 29.9087 -22.9565 
vt 29.9115 -22.9437 
vt 29.9202 -22.9524 
vt 29.8768 -23.0076 
vt 29.8318 -23.0266 
vt 29.8428 -23.0184 
vt 29.8418 -23.0162 
vt 29.8328 -23.0288 
vt 30.0225 -23.0181 
vt 29.979 -23.0164 
vt 29.9772 -23.0181 
vt 30.0208 -23.0164 
vt 29.8704 -22.9342 
vt 29.8704 -22.9372 
vt 29.9041 -22.9372 
vt 29.8704 -22.9443 
vt 29.9041 -22.9443 
vt 29.8704 -22.9515 
vt 29.9041 -22.9515 
vt 29.914 -22.9375 
vt 29.9202 -22.9375 
vt 29.9202 -22.9349 
vt 29.9159 -22.9393 
vt 29.9246 -22.9393 
vt 29.9115 -22.9437 
vt 29.9264 -22.9375 
vt 29.9141 -22.9437 
vt 29.929 -22.9437 
vt 29.914 -22.9499 
vt 29.9264 -22.9437 
vt 29.9159 -22.948 
vt 29.9202 -22.9524 
vt 29.9202 -22.9498 
vt 29.9264 -22.9499 
vt 29.9246 -22.948 
vt 29.9202 -22.9524 
vt 29.9202 -22.9498 
vt 30.0409 -22.995 
vt 30.0339 -22.9967 
vt 30.0399 -22.9967 
vt 29.9633 -23.011 
vt 29.9483 -23.0342 
vt 29.9514 -23.0325 
vt 29.9654 -23.0108 
vt 29.9379 -22.9545 
vt 30.0441 -22.9347 
vt 30.0285 -22.9347 
vt 30.0441 -22.9443 
vt 30.0285 -22.9443 
vt 30.0285 -22.954 
vt 30.0441 -22.954 
vt 30.0285 -22.9443 
vt 30.0441 -22.9443 
vt 29.8316 -22.9443 
vt 29.8454 -22.9537 
vt 29.8454 -22.9443 
vt 29.8316 -22.9537 
vt 29.8316 -22.935 
vt 29.8454 -22.935 
vt 29.8316 -22.9576 
vt 29.8316 -22.9311 
vt 29.8316 -22.9537 
vt 29.8316 -22.9443 
vt 29.8101 -23.0209 
vt 29.7799 -23.0581 
vt 29.7814 -23.0606 
vt 29.8134 -23.0212 
vt 29.9716 -22.9545 
vt 29.9716 -22.9515 
vt 29.9379 -22.9515 
vt 29.9716 -22.9443 
vt 29.9379 -22.9443 
vt 29.9716 -22.9372 
vt 29.9379 -22.9372 
vt 29.9333 -22.9529 
vt 29.9087 -22.9529 
vt 29.9333 -22.9443 
vt 29.9087 -22.9443 
vt 29.9333 -22.9357 
vt 29.9087 -22.9357 
vt 29.7585 -22.9837 
vt 29.7673 -22.9887 
vt 29.7685 -22.9863 
vt 29.7685 -22.9863 
vt 29.7594 -22.9811 
vt 29.7585 -22.9837 
vt 29.8943 -23.0241 
vt 29.8768 -23.0076 
vt 29.8759 -23.0102 
vt 29.898 -23.0237 
vt 30.0279 -22.9266 
vt 30.0279 -22.9318 
vt 29.9966 -22.9318 
vt 30.0279 -22.9443 
vt 29.9966 -22.9443 
vt 30.0279 -22.9569 
vt 29.9966 -22.9569 
vt 30.0279 -22.9569 
vt 30.0213 -22.9772 
vt 30.0317 -22.9968 
vt 30.0339 -22.9967 
vt 30.0203 -22.9789 
vt 30.0317 -22.9968 
vt 30.0225 -23.0181 
vt 30.0339 -22.9967 
vt 30.0208 -23.0164 
vt 29.9904 -22.9443 
vt 29.9716 -22.9515 
vt 29.9904 -22.9583 
vt 29.9716 -22.9443 
vt 29.9716 -22.9372 
vt 29.9904 -22.9304 
vt 29.8101 -23.0209 
vt 29.7905 -22.9863 
vt 29.789 -22.9887 
vt 29.8134 -23.0212 
vt 29.8554 -22.9443 
vt 29.8704 -22.9515 
vt 29.8704 -22.9443 
vt 29.8704 -22.9372 
vt 29.8554 -22.9561 
vt 29.8554 -22.9326 
vt 29.7018 -22.9837 
vt 29.6907 -22.9778 
vt 29.6994 -22.9854 
vt 29.6918 -22.975 
vt 29.7055 -23.0362 
vt 29.7143 -23.015 
vt 29.7112 -23.015 
vt 29.7112 -23.015 
vt 29.7027 -23.0356 
vt 29.7055 -23.0362 
vt 29.7055 -23.0362 
vt 30.0354 -22.9443 
vt 30.0354 -22.9293 
vt 30.0279 -22.9318 
vt 30.0279 -22.9443 
vt 30.0279 -22.9569 
vt 30.0354 -22.9594 
vt 29.8266 -22.9331 
vt 29.8316 -22.935 
vt 29.8266 -22.9443 
vt 29.8316 -22.9443 
vt 29.8316 -22.9537 
vt 29.8266 -22.9556 
vt 29.7018 -22.9837 
vt 29.7112 -23.015 
vt 29.7143 -23.015 
vt 29.6994 -22.9854 
vt 29.7055 -23.0362 
vt 29.7015 -23.0586 
vt 29.7043 -23.0612 
vt 29.7027 -23.0356 
vt 30.2432 -22.9839 
vt 30.247 -22.9825 
vt 30.247 -22.9907 
vt 30.2432 -22.9907 
vt 30.2432 -22.9976 
vt 30.247 -22.999 
vt 30.3445 -22.9868 
vt 30.289 -22.9868 
vt 30.3445 -22.9907 
vt 30.289 -22.9907 
vt 30.3445 -22.9947 
vt 30.289 -22.9947 
vt 30.289 -22.9907 
vt 30.3445 -22.9907 

usemtl Meshpart1Mtl

f 104/104/104 105/105/105 106/106/106 
f 105/105/105 104/104/104 107/107/107 
f 108/108/108 109/109/109 110/110/110 
f 109/109/109 108/108/108 111/111/111 
f 112/112/112 113/113/113 114/114/114 
f 113/113/113 112/112/112 115/115/115 
f 116/116/116 115/115/115 112/112/112 
f 115/115/115 116/116/116 117/117/117 
f 118/118/118 119/119/119 120/120/120 
f 120/120/120 119/119/119 121/121/121 
f 127/127/127 128/128/128 129/129/129 
f 129/129/129 130/130/130 127/127/127 
f 131/131/131 132/132/132 130/130/130 
f 133/133/133 131/131/131 130/130/130 
f 136/136/136 137/137/137 138/138/138 
f 137/137/137 139/139/139 138/138/138 
f 137/137/137 136/136/136 140/140/140 
f 139/139/139 137/137/137 141/141/141 
f 142/142/142 140/140/140 136/136/136 
f 141/141/141 143/143/143 139/139/139 
f 140/140/140 142/142/142 144/144/144 
f 141/141/141 145/145/145 143/143/143 
f 142/142/142 146/146/146 144/144/144 
f 147/147/147 143/143/143 145/145/145 
f 146/146/146 142/142/142 148/148/148 
f 148/148/148 149/149/149 146/146/146 
f 149/149/149 148/148/148 150/150/150 
f 143/143/143 147/147/147 151/151/151 
f 152/152/152 151/151/151 147/147/147 
f 151/151/151 152/152/152 153/153/153 
f 154/154/154 155/155/155 156/156/156 
f 157/157/157 154/154/154 156/156/156 
f 159/159/159 160/160/160 158/158/158 
f 161/161/161 158/158/158 160/160/160 
f 169/169/169 168/168/168 170/170/170 
f 171/171/171 172/172/172 173/173/173 
f 181/181/181 182/182/182 183/183/183 
f 184/184/184 185/185/185 186/186/186 
f 191/191/191 193/193/193 192/192/192 
f 193/193/193 191/191/191 194/194/194 
f 195/195/195 193/193/193 194/194/194 
f 193/193/193 195/195/195 196/196/196 
f 199/199/199 197/197/197 198/198/198 
f 199/199/199 198/198/198 200/200/200 
f 199/199/199 200/200/200 201/201/201 
f 202/202/202 199/199/199 201/201/201 
f 203/203/203 204/204/204 205/205/205 
f 204/204/204 206/206/206 205/205/205 
f 208/208/208 209/209/209 210/210/210 
f 209/209/209 211/211/211 210/210/210 
f 228/228/228 229/229/229 230/230/230 
f 230/230/230 229/229/229 231/231/231 
f 232/232/232 233/233/233 234/234/234 
f 234/234/234 233/233/233 235/235/235 
f 234/234/234 235/235/235 236/236/236 
f 233/233/233 232/232/232 237/237/237 
f 237/237/237 232/232/232 238/238/238 
f 242/242/242 243/243/243 244/244/244 
f 242/242/242 244/244/244 245/245/245 
f 246/246/246 242/242/242 245/245/245 
f 243/243/243 247/247/247 244/244/244 
f 251/251/251 252/252/252 253/253/253 
f 252/252/252 251/251/251 254/254/254 
f 255/255/255 251/251/251 253/253/253 
f 251/251/251 255/255/255 256/256/256 
f 258/258/258 260/260/260 259/259/259 
f 260/260/260 258/258/258 261/261/261 
f 262/262/262 260/260/260 261/261/261 
f 260/260/260 262/262/262 263/263/263 
f 266/266/266 265/265/265 264/264/264 
f 267/267/267 266/266/266 264/264/264 
f 268/268/268 266/266/266 267/267/267 
f 266/266/266 268/268/268 269/269/269 
f 272/272/272 271/271/271 270/270/270 
f 271/271/271 272/272/272 273/273/273 
f 282/282/282 283/283/283 284/284/284 
f 283/283/283 282/282/282 285/285/285 
f 306/306/306 307/307/307 305/305/305 
f 308/308/308 307/307/307 306/306/306 
f 308/308/308 309/309/309 307/307/307 
f 309/309/309 308/308/308 310/310/310 
f 312/312/312 313/313/313 314/314/314 
f 314/314/314 313/313/313 315/315/315 
f 314/314/314 315/315/315 316/316/316 
f 316/316/316 315/315/315 317/317/317 
f 346/346/346 344/344/344 345/345/345 
f 344/344/344 346/346/346 347/347/347 
f 348/348/348 350/350/350 349/349/349 
f 348/348/348 351/351/351 350/350/350 
f 355/355/355 353/353/353 354/354/354 
f 353/353/353 355/355/355 356/356/356 
f 359/359/359 360/360/360 361/361/361 
f 362/362/362 361/361/361 360/360/360 
f 361/361/361 362/362/362 363/363/363 
f 364/364/364 363/363/363 362/362/362 
f 368/368/368 370/370/370 369/369/369 
f 370/370/370 368/368/368 371/371/371 
f 372/372/372 370/370/370 371/371/371 
f 370/370/370 372/372/372 373/373/373 
f 375/375/375 374/374/374 376/376/376 
f 377/377/377 375/375/375 376/376/376 
f 382/382/382 383/383/383 384/384/384 
f 383/383/383 382/382/382 385/385/385 
f 386/386/386 387/387/387 388/388/388 
f 388/388/388 387/387/387 389/389/389 
f 387/387/387 386/386/386 390/390/390 
f 391/391/391 390/390/390 386/386/386 
f 390/390/390 391/391/391 392/392/392 
f 393/393/393 394/394/394 395/395/395 
f 394/394/394 393/393/393 396/396/396 
f 397/397/397 398/398/398 399/399/399 
f 398/398/398 397/397/397 400/400/400 
f 406/406/406 405/405/405 404/404/404 
f 405/405/405 406/406/406 407/407/407 
f 408/408/408 407/407/407 406/406/406 
f 407/407/407 408/408/408 409/409/409 
f 413/413/413 412/412/412 414/414/414 
f 415/415/415 413/413/413 414/414/414 
f 415/415/415 414/414/414 416/416/416 
f 417/417/417 415/415/415 416/416/416 
f 421/421/421 422/422/422 423/423/423 
f 423/423/423 424/424/424 421/421/421 
f 426/426/426 427/427/427 425/425/425 
f 426/426/426 428/428/428 427/427/427 
f 430/430/430 431/431/431 432/432/432 
f 433/433/433 432/432/432 431/431/431 
f 434/434/434 435/435/435 436/436/436 
f 434/434/434 436/436/436 437/437/437 
f 445/445/445 443/443/443 444/444/444 
f 443/443/443 445/445/445 446/446/446 
f 445/445/445 447/447/447 446/446/446 
f 447/447/447 445/445/445 448/448/448 
f 453/453/453 454/454/454 455/455/455 
f 454/454/454 453/453/453 456/456/456 
f 457/457/457 454/454/454 456/456/456 
f 454/454/454 457/457/457 459/459/459 
f 468/468/468 469/469/469 470/470/470 
f 469/469/469 471/471/471 470/470/470 
f 484/484/484 483/483/483 482/482/482 
f 483/483/483 484/484/484 485/485/485 
f 489/489/489 487/487/487 488/488/488 
f 487/487/487 489/489/489 490/490/490 
f 490/490/490 489/489/489 491/491/491 
f 489/489/489 492/492/492 491/491/491 
f 503/503/503 501/501/501 502/502/502 
f 501/501/501 503/503/503 504/504/504 
f 503/503/503 505/505/505 504/504/504 
f 505/505/505 503/503/503 506/506/506 
f 519/519/519 520/520/520 521/521/521 
f 522/522/522 520/520/520 519/519/519 
f 520/520/520 523/523/523 521/521/521 
f 520/520/520 522/522/522 525/525/525 
f 531/531/531 532/532/532 533/533/533 
f 532/532/532 531/531/531 534/534/534 
f 532/532/532 535/535/535 533/533/533 
f 533/533/533 535/535/535 536/536/536 
f 532/532/532 537/537/537 535/535/535 
f 537/537/537 532/532/532 538/538/538 
f 542/542/542 541/541/541 540/540/540 
f 541/541/541 542/542/542 543/543/543 
f 547/547/547 548/548/548 549/549/549 
f 548/548/548 550/550/550 549/549/549 
f 548/548/548 547/547/547 551/551/551 
f 550/550/550 548/548/548 552/552/552 
f 547/547/547 553/553/553 551/551/551 
f 552/552/552 554/554/554 550/550/550 
f 555/555/555 551/551/551 553/553/553 
f 554/554/554 552/552/552 556/556/556 
f 553/553/553 557/557/557 555/555/555 
f 558/558/558 554/554/554 556/556/556 
f 557/557/557 553/553/553 559/559/559 
f 554/554/554 558/558/558 560/560/560 
f 559/559/559 561/561/561 557/557/557 
f 561/561/561 560/560/560 558/558/558 
f 561/561/561 559/559/559 562/562/562 
f 560/560/560 561/561/561 562/562/562 
f 563/563/563 565/565/565 564/564/564 
f 565/565/565 563/563/563 566/566/566 
f 567/567/567 565/565/565 566/566/566 
f 565/565/565 567/567/567 568/568/568 
f 569/569/569 570/570/570 571/571/571 
f 569/569/569 571/571/571 572/572/572 
f 570/570/570 573/573/573 571/571/571 
f 574/574/574 569/569/569 572/572/572 
f 573/573/573 570/570/570 575/575/575 
f 574/574/574 572/572/572 576/576/576 
f 577/577/577 573/573/573 575/575/575 
f 576/576/576 578/578/578 574/574/574 
f 573/573/573 577/577/577 579/579/579 
f 578/578/578 576/576/576 580/580/580 
f 581/581/581 578/578/578 580/580/580 
f 578/578/578 581/581/581 582/582/582 
f 583/583/583 579/579/579 577/577/577 
f 579/579/579 583/583/583 584/584/584 
f 585/585/585 584/584/584 583/583/583 
f 584/584/584 585/585/585 586/586/586 
f 589/589/589 590/590/590 591/591/591 
f 591/591/591 590/590/590 592/592/592 
f 593/593/593 594/594/594 595/595/595 
f 594/594/594 593/593/593 596/596/596 
f 607/607/607 608/608/608 609/609/609 
f 608/608/608 607/607/607 610/610/610 
f 611/611/611 612/612/612 613/613/613 
f 612/612/612 611/611/611 614/614/614 
f 627/627/627 629/629/629 628/628/628 
f 629/629/629 627/627/627 630/630/630 
f 631/631/631 629/629/629 630/630/630 
f 629/629/629 631/631/631 632/632/632 
f 635/635/635 633/633/633 634/634/634 
f 633/633/633 635/635/635 636/636/636 
f 640/640/640 639/639/639 638/638/638 
f 641/641/641 640/640/640 638/638/638 
f 642/642/642 643/643/643 644/644/644 
f 643/643/643 645/645/645 644/644/644 
f 647/647/647 648/648/648 646/646/646 
f 648/648/648 647/647/647 649/649/649 
f 649/649/649 650/650/650 648/648/648 
f 650/650/650 649/649/649 651/651/651 
f 663/663/663 665/665/665 664/664/664 
f 664/664/664 665/665/665 666/666/666 
f 665/665/665 667/667/667 666/666/666 
f 666/666/666 667/667/667 668/668/668 
f 669/669/669 671/671/671 670/670/670 
f 670/670/670 671/671/671 672/672/672 
f 671/671/671 673/673/673 672/672/672 
f 672/672/672 673/673/673 674/674/674 
f 689/689/689 690/690/690 691/691/691 
f 690/690/690 689/689/689 692/692/692 
f 694/694/694 695/695/695 693/693/693 
f 696/696/696 695/695/695 694/694/694 
f 697/697/697 698/698/698 699/699/699 
f 699/699/699 698/698/698 700/700/700 
f 699/699/699 700/700/700 701/701/701 
f 701/701/701 700/700/700 702/702/702 
f 736/736/736 737/737/737 738/738/738 
f 737/737/737 736/736/736 739/739/739 
f 742/742/742 741/741/741 740/740/740 
f 741/741/741 742/742/742 743/743/743 
f 746/746/746 745/745/745 744/744/744 
f 746/746/746 748/748/748 747/747/747 
f 746/746/746 749/749/749 748/748/748 
f 754/754/754 753/753/753 752/752/752 
f 756/756/756 754/754/754 755/755/755 
f 754/754/754 756/756/756 757/757/757 
f 758/758/758 759/759/759 760/760/760 
f 760/760/760 759/759/759 761/761/761 
f 770/770/770 771/771/771 769/769/769 
f 771/771/771 770/770/770 772/772/772 
f 772/772/772 773/773/773 771/771/771 
f 773/773/773 772/772/772 774/774/774 
f 785/785/785 786/786/786 784/784/784 
f 786/786/786 785/785/785 788/788/788 
f 788/788/788 789/789/789 786/786/786 
f 789/789/789 788/788/788 790/790/790 
f 793/793/793 792/792/792 791/791/791 
f 792/792/792 793/793/793 794/794/794 
f 797/797/797 798/798/798 796/796/796 
f 798/798/798 797/797/797 799/799/799 
f 799/799/799 800/800/800 798/798/798 
f 800/800/800 799/799/799 801/801/801 
f 802/802/802 803/803/803 804/804/804 
f 805/805/805 804/804/804 803/803/803 
f 802/802/802 804/804/804 806/806/806 
f 806/806/806 807/807/807 802/802/802 
f 806/806/806 808/808/808 807/807/807 
f 808/808/808 809/809/809 807/807/807 
f 810/810/810 811/811/811 812/812/812 
f 811/811/811 810/810/810 813/813/813 
f 817/817/817 816/816/816 815/815/815 
f 816/816/816 817/817/817 818/818/818 
f 821/821/821 820/820/820 822/822/822 
f 823/823/823 821/821/821 822/822/822 
f 823/823/823 822/822/822 824/824/824 
f 825/825/825 823/823/823 824/824/824 
f 826/826/826 827/827/827 828/828/828 
f 826/826/826 828/828/828 829/829/829 
f 830/830/830 831/831/831 832/832/832 
f 831/831/831 830/830/830 833/833/833 
f 834/834/834 835/835/835 836/836/836 
f 834/834/834 836/836/836 837/837/837 
f 838/838/838 839/839/839 840/840/840 
f 841/841/841 839/839/839 838/838/838 
f 842/842/842 843/843/843 844/844/844 
f 842/842/842 844/844/844 845/845/845 
f 851/851/851 850/850/850 849/849/849 
f 850/850/850 851/851/851 852/852/852 
f 853/853/853 852/852/852 851/851/851 
f 852/852/852 853/853/853 854/854/854 
f 855/855/855 856/856/856 857/857/857 
f 855/855/855 857/857/857 858/858/858 
f 855/855/855 858/858/858 859/859/859 
f 859/859/859 858/858/858 860/860/860 
f 861/861/861 862/862/862 863/863/863 
f 864/864/864 865/865/865 866/866/866 
f 867/867/867 868/868/868 869/869/869 
f 868/868/868 870/870/870 869/869/869 
f 869/869/869 870/870/870 871/871/871 
f 870/870/870 872/872/872 871/871/871 
f 873/873/873 874/874/874 876/876/876 
f 874/874/874 877/877/877 876/876/876 
f 876/876/876 877/877/877 880/880/880 
f 877/877/877 881/881/881 880/880/880 
f 882/882/882 883/883/883 884/884/884 
f 883/883/883 882/882/882 885/885/885 
f 887/887/887 886/886/886 889/889/889 
f 889/889/889 890/890/890 887/887/887 
f 888/888/888 892/892/892 891/891/891 
f 888/888/888 893/893/893 892/892/892 
f 895/895/895 896/896/896 894/894/894 
f 895/895/895 897/897/897 896/896/896 
f 901/901/901 900/900/900 899/899/899 
f 900/900/900 901/901/901 902/902/902 
f 903/903/903 902/902/902 901/901/901 
f 902/902/902 903/903/903 904/904/904 
f 906/906/906 905/905/905 907/907/907 
f 906/906/906 907/907/907 908/908/908 
f 908/908/908 907/907/907 909/909/909 
f 908/908/908 909/909/909 910/910/910 
f 911/911/911 912/912/912 913/913/913 
f 912/912/912 911/911/911 914/914/914 
f 915/915/915 917/917/917 916/916/916 
f 917/917/917 915/915/915 918/918/918 
f 918/918/918 919/919/919 917/917/917 
f 919/919/919 918/918/918 920/920/920 
f 924/924/924 922/922/922 923/923/923 
f 922/922/922 924/924/924 925/925/925 
f 924/924/924 926/926/926 925/925/925 
f 926/926/926 924/924/924 927/927/927 
f 930/930/930 929/929/929 928/928/928 
f 929/929/929 930/930/930 931/931/931 
f 930/930/930 932/932/932 931/931/931 
f 933/933/933 931/931/931 932/932/932 
f 934/934/934 935/935/935 936/936/936 
f 935/935/935 934/934/934 937/937/937 
f 939/939/939 938/938/938 940/940/940 
f 941/941/941 940/940/940 938/938/938 
f 942/942/942 940/940/940 941/941/941 
f 940/940/940 942/942/942 943/943/943 
f 948/948/948 947/947/947 946/946/946 
f 947/947/947 948/948/948 949/949/949 
f 948/948/948 950/950/950 949/949/949 
f 950/950/950 948/948/948 951/951/951 
f 952/952/952 953/953/953 954/954/954 
f 954/954/954 955/955/955 952/952/952 
f 956/956/956 952/952/952 955/955/955 
f 952/952/952 956/956/956 957/957/957 
f 958/958/958 959/959/959 960/960/960 
f 959/959/959 958/958/958 961/961/961 
f 964/964/964 963/963/963 962/962/962 
f 963/963/963 964/964/964 965/965/965 
f 964/964/964 966/966/966 965/965/965 
f 966/966/966 964/964/964 967/967/967 
f 968/968/968 969/969/969 970/970/970 
f 971/971/971 968/968/968 970/970/970 
f 968/968/968 972/972/972 969/969/969 
f 968/968/968 971/971/971 973/973/973 
f 976/976/976 974/974/974 975/975/975 
f 974/974/974 976/976/976 977/977/977 
f 978/978/978 977/977/977 976/976/976 
f 977/977/977 978/978/978 979/979/979 
f 984/984/984 985/985/985 986/986/986 
f 985/985/985 987/987/987 986/986/986 
f 991/991/991 989/989/989 990/990/990 
f 989/989/989 991/991/991 992/992/992 
f 1001/1001/1001 1000/1000/1000 999/999/999 
f 999/999/999 1002/1002/1002 1001/1001/1001 
f 1005/1005/1005 1003/1003/1003 1004/1004/1004 
f 1003/1003/1003 1005/1005/1005 1006/1006/1006 
f 1015/1015/1015 1016/1016/1016 1017/1017/1017 
f 1016/1016/1016 1015/1015/1015 1018/1018/1018 
f 1020/1020/1020 1021/1021/1021 1022/1022/1022 
f 1020/1020/1020 1023/1023/1023 1021/1021/1021 
f 1024/1024/1024 1025/1025/1025 1026/1026/1026 
f 1027/1027/1027 1028/1028/1028 1029/1029/1029 
f 1030/1030/1030 1031/1031/1031 1032/1032/1032 
f 1031/1031/1031 1030/1030/1030 1033/1033/1033 
f 1034/1034/1034 1035/1035/1035 1036/1036/1036 
f 1035/1035/1035 1034/1034/1034 1037/1037/1037 
f 1040/1040/1040 1041/1041/1041 1042/1042/1042 
f 1043/1043/1043 1044/1044/1044 1045/1045/1045 
f 1046/1046/1046 1047/1047/1047 1048/1048/1048 
f 1063/1063/1063 1065/1065/1065 1064/1064/1064 
f 1065/1065/1065 1063/1063/1063 1066/1066/1066 
f 1069/1069/1069 1067/1067/1067 1068/1068/1068 
f 1067/1067/1067 1069/1069/1069 1070/1070/1070 
f 1071/1071/1071 1072/1072/1072 1073/1073/1073 
f 1072/1072/1072 1071/1071/1071 1074/1074/1074 
f 1080/1080/1080 1081/1081/1081 1082/1082/1082 
f 1081/1081/1081 1083/1083/1083 1082/1082/1082 
f 1086/1086/1086 1084/1084/1084 1085/1085/1085 
f 1084/1084/1084 1086/1086/1086 1087/1087/1087 
f 1088/1088/1088 1089/1089/1089 1090/1090/1090 
f 1089/1089/1089 1088/1088/1088 1091/1091/1091 
f 1094/1094/1094 1095/1095/1095 1096/1096/1096 
f 1095/1095/1095 1094/1094/1094 1097/1097/1097 
f 1098/1098/1098 1096/1096/1096 1095/1095/1095 
f 1095/1095/1095 1099/1099/1099 1098/1098/1098 
f 1102/1102/1102 1103/1103/1103 1104/1104/1104 
f 1109/1109/1109 1107/1107/1107 1108/1108/1108 
f 1107/1107/1107 1109/1109/1109 1110/1110/1110 
f 1111/1111/1111 1113/1113/1113 1112/1112/1112 
f 1113/1113/1113 1111/1111/1111 1114/1114/1114 
f 1120/1120/1120 1121/1121/1121 1122/1122/1122 
f 1121/1121/1121 1120/1120/1120 1123/1123/1123 
f 1130/1130/1130 1129/1129/1129 1128/1128/1128 
f 1129/1129/1129 1130/1130/1130 1131/1131/1131 
f 1133/1133/1133 1132/1132/1132 1134/1134/1134 
f 1134/1134/1134 1132/1132/1132 1135/1135/1135 
f 1143/1143/1143 1144/1144/1144 1145/1145/1145 
f 1146/1146/1146 1147/1147/1147 1148/1148/1148 
f 1153/1153/1153 1151/1151/1151 1152/1152/1152 
f 1151/1151/1151 1153/1153/1153 1154/1154/1154 
f 1158/1158/1158 1157/1157/1157 1156/1156/1156 
f 1156/1156/1156 1159/1159/1159 1158/1158/1158 
f 1162/1162/1162 1163/1163/1163 1164/1164/1164 
f 1162/1162/1162 1164/1164/1164 1165/1165/1165 
f 1166/1166/1166 1167/1167/1167 1168/1168/1168 
f 1166/1166/1166 1168/1168/1168 1169/1169/1169 
f 1170/1170/1170 1171/1171/1171 1172/1172/1172 
f 1173/1173/1173 1174/1174/1174 1175/1175/1175 
f 1178/1178/1178 1179/1179/1179 1180/1180/1180 
f 1181/1181/1181 1182/1182/1182 1183/1183/1183 
f 1189/1189/1189 1190/1190/1190 1191/1191/1191 
f 1192/1192/1192 1193/1193/1193 1194/1194/1194 
f 1195/1195/1195 1196/1196/1196 1197/1197/1197 
f 1196/1196/1196 1195/1195/1195 1198/1198/1198 
f 1199/1199/1199 1200/1200/1200 1201/1201/1201 
f 1199/1199/1199 1201/1201/1201 1202/1202/1202 
f 1203/1203/1203 1204/1204/1204 1205/1205/1205 
f 1203/1203/1203 1205/1205/1205 1206/1206/1206 
f 1207/1207/1207 1208/1208/1208 1209/1209/1209 
f 1208/1208/1208 1207/1207/1207 1210/1210/1210 
f 1212/1212/1212 1213/1213/1213 1214/1214/1214 
f 1213/1213/1213 1212/1212/1212 1215/1215/1215 
f 1227/1227/1227 1228/1228/1228 1229/1229/1229 
f 1230/1230/1230 1231/1231/1231 1232/1232/1232 
f 1235/1235/1235 1236/1236/1236 1237/1237/1237 
f 1238/1238/1238 1239/1239/1239 1240/1240/1240 
f 1241/1241/1241 1242/1242/1242 1243/1243/1243 
f 1241/1241/1241 1243/1243/1243 1244/1244/1244 
f 1246/1246/1246 1247/1247/1247 1248/1248/1248 
f 1246/1246/1246 1248/1248/1248 1249/1249/1249 
f 1250/1250/1250 1251/1251/1251 1252/1252/1252 
f 1251/1251/1251 1250/1250/1250 1253/1253/1253 
f 1250/1250/1250 1252/1252/1252 1254/1254/1254 
f 1254/1254/1254 1252/1252/1252 1255/1255/1255 
f 1256/1256/1256 1250/1250/1250 1254/1254/1254 
f 1250/1250/1250 1256/1256/1256 1257/1257/1257 
f 1259/1259/1259 1260/1260/1260 1261/1261/1261 
f 1260/1260/1260 1259/1259/1259 1262/1262/1262 
f 1265/1265/1265 1263/1263/1263 1264/1264/1264 
f 1266/1266/1266 1265/1265/1265 1264/1264/1264 
f 1267/1267/1267 1265/1265/1265 1266/1266/1266 
f 1268/1268/1268 1267/1267/1267 1266/1266/1266 
f 1269/1269/1269 1270/1270/1270 1271/1271/1271 
f 1270/1270/1270 1269/1269/1269 1272/1272/1272 
f 1273/1273/1273 1274/1274/1274 1275/1275/1275 
f 1273/1273/1273 1275/1275/1275 1276/1276/1276 
f 1274/1274/1274 1277/1277/1277 1275/1275/1275 
f 1278/1278/1278 1273/1273/1273 1276/1276/1276 
f 1277/1277/1277 1274/1274/1274 1279/1279/1279 
f 1273/1273/1273 1278/1278/1278 1280/1280/1280 
f 1278/1278/1278 1281/1281/1281 1280/1280/1280 
f 1281/1281/1281 1278/1278/1278 1282/1282/1282 
f 1283/1283/1283 1277/1277/1277 1279/1279/1279 
f 1277/1277/1277 1283/1283/1283 1284/1284/1284 
f 1285/1285/1285 1284/1284/1284 1283/1283/1283 
f 1284/1284/1284 1285/1285/1285 1286/1286/1286 
f 1285/1285/1285 1287/1287/1287 1286/1286/1286 
f 1285/1285/1285 1288/1288/1288 1287/1287/1287 
f 1289/1289/1289 1287/1287/1287 1288/1288/1288 
f 1287/1287/1287 1289/1289/1289 1290/1290/1290 
f 1291/1291/1291 1292/1292/1292 1293/1293/1293 
f 1292/1292/1292 1291/1291/1291 1294/1294/1294 
f 1295/1295/1295 1291/1291/1291 1293/1293/1293 
f 1296/1296/1296 1292/1292/1292 1294/1294/1294 
f 1295/1295/1295 1293/1293/1293 1297/1297/1297 
f 1294/1294/1294 1298/1298/1298 1296/1296/1296 
f 1299/1299/1299 1295/1295/1295 1297/1297/1297 
f 1300/1300/1300 1296/1296/1296 1298/1298/1298 
f 1299/1299/1299 1297/1297/1297 1301/1301/1301 
f 1302/1302/1302 1299/1299/1299 1301/1301/1301 
f 1299/1299/1299 1302/1302/1302 1303/1303/1303 
f 1296/1296/1296 1300/1300/1300 1304/1304/1304 
f 1305/1305/1305 1304/1304/1304 1300/1300/1300 
f 1304/1304/1304 1305/1305/1305 1306/1306/1306 
f 1307/1307/1307 1306/1306/1306 1305/1305/1305 
f 1306/1306/1306 1307/1307/1307 1308/1308/1308 
f 1311/1311/1311 1312/1312/1312 1313/1313/1313 
f 1312/1312/1312 1311/1311/1311 1314/1314/1314 
f 1315/1315/1315 1316/1316/1316 1317/1317/1317 
f 1318/1318/1318 1319/1319/1319 1320/1320/1320 
f 1324/1324/1324 1323/1323/1323 1322/1322/1322 
f 1324/1324/1324 1325/1325/1325 1323/1323/1323 
f 1329/1329/1329 1328/1328/1328 1327/1327/1327 
f 1329/1329/1329 1330/1330/1330 1328/1328/1328 
f 1332/1332/1332 1333/1333/1333 1334/1334/1334 
f 1334/1334/1334 1335/1335/1335 1332/1332/1332 
f 1336/1336/1336 1337/1337/1337 1338/1338/1338 
f 1339/1339/1339 1340/1340/1340 1341/1341/1341 
f 1342/1342/1342 1343/1343/1343 1344/1344/1344 
f 1344/1344/1344 1345/1345/1345 1342/1342/1342 
f 1346/1346/1346 1347/1347/1347 1348/1348/1348 
f 1347/1347/1347 1346/1346/1346 1349/1349/1349 
f 1351/1351/1351 1352/1352/1352 1353/1353/1353 
f 1354/1354/1354 1353/1353/1353 1352/1352/1352 
f 1354/1354/1354 1355/1355/1355 1353/1353/1353 
f 1355/1355/1355 1354/1354/1354 1356/1356/1356 
f 1357/1357/1357 1358/1358/1358 1359/1359/1359 
f 1358/1358/1358 1357/1357/1357 1360/1360/1360 
f 1361/1361/1361 1362/1362/1362 1363/1363/1363 
f 1363/1363/1363 1362/1362/1362 1364/1364/1364 
f 1362/1362/1362 1361/1361/1361 1365/1365/1365 
f 1366/1366/1366 1365/1365/1365 1361/1361/1361 
f 1365/1365/1365 1366/1366/1366 1367/1367/1367 
f 1367/1367/1367 1368/1368/1368 1365/1365/1365 
f 1368/1368/1368 1367/1367/1367 1369/1369/1369 
f 1370/1370/1370 1369/1369/1369 1367/1367/1367 
f 1371/1371/1371 1372/1372/1372 1373/1373/1373 
f 1372/1372/1372 1371/1371/1371 1374/1374/1374 
f 1375/1375/1375 1376/1376/1376 1377/1377/1377 
f 1376/1376/1376 1375/1375/1375 1378/1378/1378 
f 1379/1379/1379 1380/1380/1380 1381/1381/1381 
f 1382/1382/1382 1381/1381/1381 1380/1380/1380 
f 1382/1382/1382 1380/1380/1380 1383/1383/1383 
f 1383/1383/1383 1384/1384/1384 1382/1382/1382 
f 1381/1381/1381 1385/1385/1385 1379/1379/1379 
f 1386/1386/1386 1379/1379/1379 1385/1385/1385 
f 1379/1379/1379 1386/1386/1386 1387/1387/1387 
f 1388/1388/1388 1379/1379/1379 1387/1387/1387 
f 1389/1389/1389 1388/1388/1388 1387/1387/1387 
f 1390/1390/1390 1388/1388/1388 1389/1389/1389 
f 1388/1388/1388 1390/1390/1390 1391/1391/1391 
f 1391/1391/1391 1392/1392/1392 1388/1388/1388 
f 1393/1393/1393 1392/1392/1392 1391/1391/1391 
f 1394/1394/1394 1395/1395/1395 1396/1396/1396 
f 1397/1397/1397 1396/1396/1396 1395/1395/1395 
f 1398/1398/1398 1397/1397/1397 1395/1395/1395 
f 1398/1398/1398 1399/1399/1399 1397/1397/1397 
f 1397/1397/1397 1399/1399/1399 1400/1400/1400 
f 1400/1400/1400 1399/1399/1399 1401/1401/1401 
f 1402/1402/1402 1403/1403/1403 1404/1404/1404 
f 1403/1403/1403 1405/1405/1405 1404/1404/1404 
f 1406/1406/1406 1404/1404/1404 1405/1405/1405 
f 1405/1405/1405 1407/1407/1407 1406/1406/1406 
f 1407/1407/1407 1408/1408/1408 1406/1406/1406 
f 1409/1409/1409 1403/1403/1403 1402/1402/1402 
f 1410/1410/1410 1409/1409/1409 1402/1402/1402 
f 1410/1410/1410 1402/1402/1402 1411/1411/1411 
f 1412/1412/1412 1409/1409/1409 1410/1410/1410 
f 1409/1409/1409 1412/1412/1412 1413/1413/1413 
f 1414/1414/1414 1415/1415/1415 1416/1416/1416 
f 1417/1417/1417 1418/1418/1418 1419/1419/1419 
f 1420/1420/1420 1421/1421/1421 1422/1422/1422 
f 1421/1421/1421 1420/1420/1420 1423/1423/1423 
f 1422/1422/1422 1421/1421/1421 1424/1424/1424 
f 1425/1425/1425 1423/1423/1423 1420/1420/1420 
f 1424/1424/1424 1426/1426/1426 1422/1422/1422 
f 1423/1423/1423 1425/1425/1425 1427/1427/1427 
f 1424/1424/1424 1428/1428/1428 1426/1426/1426 
f 1429/1429/1429 1427/1427/1427 1425/1425/1425 
f 1428/1428/1428 1424/1424/1424 1430/1430/1430 
f 1431/1431/1431 1427/1427/1427 1429/1429/1429 
f 1430/1430/1430 1432/1432/1432 1428/1428/1428 
f 1431/1431/1431 1429/1429/1429 1433/1433/1433 
f 1432/1432/1432 1430/1430/1430 1434/1434/1434 
f 1433/1433/1433 1435/1435/1435 1431/1431/1431 
f 1435/1435/1435 1432/1432/1432 1434/1434/1434 
f 1435/1435/1435 1433/1433/1433 1436/1436/1436 
f 1432/1432/1432 1435/1435/1435 1436/1436/1436 
f 1438/1438/1438 1439/1439/1439 1440/1440/1440 
f 1439/1439/1439 1441/1441/1441 1440/1440/1440 
f 1439/1439/1439 1442/1442/1442 1441/1441/1441 
f 1442/1442/1442 1439/1439/1439 1443/1443/1443 
f 1439/1439/1439 1438/1438/1438 1444/1444/1444 
f 1445/1445/1445 1439/1439/1439 1444/1444/1444 
f 1446/1446/1446 1445/1445/1445 1444/1444/1444 
f 1445/1445/1445 1446/1446/1446 1447/1447/1447 
f 1447/1447/1447 1446/1446/1446 1448/1448/1448 
f 1447/1447/1447 1449/1449/1449 1445/1445/1445 
f 1450/1450/1450 1451/1451/1451 1452/1452/1452 
f 1453/1453/1453 1452/1452/1452 1451/1451/1451 
f 1450/1450/1450 1452/1452/1452 1454/1454/1454 
f 1452/1452/1452 1453/1453/1453 1455/1455/1455 
f 1456/1456/1456 1450/1450/1450 1454/1454/1454 
f 1457/1457/1457 1455/1455/1455 1453/1453/1453 
f 1450/1450/1450 1456/1456/1456 1458/1458/1458 
f 1453/1453/1453 1459/1459/1459 1457/1457/1457 
f 1460/1460/1460 1458/1458/1458 1456/1456/1456 
f 1459/1459/1459 1461/1461/1461 1457/1457/1457 
f 1460/1460/1460 1456/1456/1456 1462/1462/1462 
f 1459/1459/1459 1463/1463/1463 1461/1461/1461 
f 1462/1462/1462 1464/1464/1464 1460/1460/1460 
f 1465/1465/1465 1461/1461/1461 1463/1463/1463 
f 1462/1462/1462 1466/1466/1466 1464/1464/1464 
f 1461/1461/1461 1465/1465/1465 1467/1467/1467 
f 1467/1467/1467 1464/1464/1464 1466/1466/1466 
f 1464/1464/1464 1467/1467/1467 1465/1465/1465 
f 1468/1468/1468 1469/1469/1469 1470/1470/1470 
f 1471/1471/1471 1472/1472/1472 1473/1473/1473 
f 1474/1474/1474 1475/1475/1475 1476/1476/1476 
f 1477/1477/1477 1478/1478/1478 1479/1479/1479 
f 1480/1480/1480 1481/1481/1481 1482/1482/1482 
f 1481/1481/1481 1480/1480/1480 1483/1483/1483 
f 1484/1484/1484 1482/1482/1482 1481/1481/1481 
f 1485/1485/1485 1483/1483/1483 1480/1480/1480 
f 1483/1483/1483 1485/1485/1485 1486/1486/1486 
f 1487/1487/1487 1486/1486/1486 1485/1485/1485 
f 1482/1482/1482 1484/1484/1484 1488/1488/1488 
f 1489/1489/1489 1488/1488/1488 1484/1484/1484 
f 1484/1484/1484 1490/1490/1490 1489/1489/1489 
f 1490/1490/1490 1491/1491/1491 1489/1489/1489 
f 1490/1490/1490 1492/1492/1492 1491/1491/1491 
f 1493/1493/1493 1491/1491/1491 1492/1492/1492 
f 1494/1494/1494 1495/1495/1495 1496/1496/1496 
f 1494/1494/1494 1496/1496/1496 1497/1497/1497 
f 1498/1498/1498 1499/1499/1499 1495/1495/1495 
f 1499/1499/1499 1498/1498/1498 1500/1500/1500 
f 1501/1501/1501 1502/1502/1502 1503/1503/1503 
f 1501/1501/1501 1503/1503/1503 1504/1504/1504 
f 1505/1505/1505 1502/1502/1502 1501/1501/1501 
f 1506/1506/1506 1502/1502/1502 1505/1505/1505 
f 1507/1507/1507 1508/1508/1508 1509/1509/1509 
f 1510/1510/1510 1511/1511/1511 1512/1512/1512 
f 1513/1513/1513 1514/1514/1514 1515/1515/1515 
f 1516/1516/1516 1517/1517/1517 1518/1518/1518 
f 1519/1519/1519 1520/1520/1520 1521/1521/1521 
f 1520/1520/1520 1519/1519/1519 1522/1522/1522 
f 1523/1523/1523 1524/1524/1524 1525/1525/1525 
f 1524/1524/1524 1523/1523/1523 1526/1526/1526 
f 1527/1527/1527 1528/1528/1528 1529/1529/1529 
f 1530/1530/1530 1531/1531/1531 1532/1532/1532 
f 1533/1533/1533 1534/1534/1534 1535/1535/1535 
f 1534/1534/1534 1533/1533/1533 1536/1536/1536 
f 1537/1537/1537 1533/1533/1533 1535/1535/1535 
f 1535/1535/1535 1538/1538/1538 1537/1537/1537 
f 1538/1538/1538 1539/1539/1539 1537/1537/1537 
f 1538/1538/1538 1535/1535/1535 1540/1540/1540 
f 1539/1539/1539 1538/1538/1538 1541/1541/1541 
f 1541/1541/1541 1542/1542/1542 1539/1539/1539 
f 1542/1542/1542 1541/1541/1541 1543/1543/1543 
f 1538/1538/1538 1540/1540/1540 1544/1544/1544 
f 1540/1540/1540 1545/1545/1545 1544/1544/1544 
f 1546/1546/1546 1544/1544/1544 1545/1545/1545 
f 1547/1547/1547 1548/1548/1548 1549/1549/1549 
f 1548/1548/1548 1547/1547/1547 1550/1550/1550 
f 1552/1552/1552 1553/1553/1553 1554/1554/1554 
f 1555/1555/1555 1556/1556/1556 1557/1557/1557 
f 1558/1558/1558 1559/1559/1559 1560/1560/1560 
f 1559/1559/1559 1558/1558/1558 1561/1561/1561 
f 1562/1562/1562 1564/1564/1564 1563/1563/1563 
f 1567/1567/1567 1566/1566/1566 1565/1565/1565 
f 1565/1565/1565 1568/1568/1568 1567/1567/1567 
f 1571/1571/1571 1570/1570/1570 1569/1569/1569 
f 1569/1569/1569 1572/1572/1572 1571/1571/1571 
f 1574/1574/1574 1575/1575/1575 1576/1576/1576 
f 1577/1577/1577 1578/1578/1578 1579/1579/1579 
f 1580/1580/1580 1581/1581/1581 1582/1582/1582 
f 1581/1581/1581 1580/1580/1580 1583/1583/1583 
f 1584/1584/1584 1585/1585/1585 1586/1586/1586 
f 1586/1586/1586 1587/1587/1587 1584/1584/1584 
f 1588/1588/1588 1589/1589/1589 1590/1590/1590 
f 1590/1590/1590 1589/1589/1589 1591/1591/1591 
f 1593/1593/1593 1594/1594/1594 1595/1595/1595 
f 1595/1595/1595 1594/1594/1594 1596/1596/1596 
f 1597/1597/1597 1598/1598/1598 1599/1599/1599 
f 1599/1599/1599 1600/1600/1600 1597/1597/1597 
f 1602/1602/1602 1601/1601/1601 1604/1604/1604 
f 1605/1605/1605 1604/1604/1604 1601/1601/1601 
f 1606/1606/1606 1607/1607/1607 1608/1608/1608 
f 1609/1609/1609 1608/1608/1608 1607/1607/1607 
f 1610/1610/1610 1611/1611/1611 1612/1612/1612 
f 1611/1611/1611 1613/1613/1613 1612/1612/1612 
f 1617/1617/1617 1616/1616/1616 1618/1618/1618 
f 1619/1619/1619 1617/1617/1617 1618/1618/1618 
f 1620/1620/1620 1621/1621/1621 1622/1622/1622 
f 1620/1620/1620 1622/1622/1622 1623/1623/1623 
f 1624/1624/1624 1625/1625/1625 1626/1626/1626 
f 1624/1624/1624 1626/1626/1626 1627/1627/1627 
f 1629/1629/1629 1630/1630/1630 1631/1631/1631 
f 1630/1630/1630 1629/1629/1629 1632/1632/1632 
f 1633/1633/1633 1634/1634/1634 1635/1635/1635 
f 1633/1633/1633 1635/1635/1635 1636/1636/1636 
f 1637/1637/1637 1638/1638/1638 1639/1639/1639 
f 1638/1638/1638 1637/1637/1637 1640/1640/1640 
f 1642/1642/1642 1643/1643/1643 1644/1644/1644 
f 1642/1642/1642 1644/1644/1644 1645/1645/1645 
f 1646/1646/1646 1648/1648/1648 1649/1649/1649 
f 1650/1650/1650 1649/1649/1649 1648/1648/1648 
f 1651/1651/1651 1652/1652/1652 1653/1653/1653 
f 1654/1654/1654 1653/1653/1653 1652/1652/1652 
f 1655/1655/1655 1656/1656/1656 1657/1657/1657 
f 1656/1656/1656 1655/1655/1655 1658/1658/1658 
f 1659/1659/1659 1660/1660/1660 1661/1661/1661 
f 1660/1660/1660 1659/1659/1659 1662/1662/1662 
f 1663/1663/1663 1664/1664/1664 1665/1665/1665 
f 1666/1666/1666 1667/1667/1667 1668/1668/1668 
f 1669/1669/1669 1670/1670/1670 1671/1671/1671 
f 1672/1672/1672 1673/1673/1673 1674/1674/1674 
f 1675/1675/1675 1676/1676/1676 1677/1677/1677 
f 1678/1678/1678 1679/1679/1679 1680/1680/1680 
f 1681/1681/1681 1682/1682/1682 1683/1683/1683 
f 1681/1681/1681 1683/1683/1683 1684/1684/1684 
f 1685/1685/1685 1686/1686/1686 1687/1687/1687 
f 1688/1688/1688 1687/1687/1687 1686/1686/1686 
f 1689/1689/1689 1690/1690/1690 1691/1691/1691 
f 1692/1692/1692 1691/1691/1691 1690/1690/1690 
f 1699/1699/1699 1700/1700/1700 1701/1701/1701 
f 1700/1700/1700 1699/1699/1699 1702/1702/1702 
f 1703/1703/1703 1699/1699/1699 1701/1701/1701 
f 1702/1702/1702 1704/1704/1704 1700/1700/1700 
f 1701/1701/1701 1705/1705/1705 1703/1703/1703 
f 1704/1704/1704 1702/1702/1702 1706/1706/1706 
f 1707/1707/1707 1703/1703/1703 1705/1705/1705 
f 1706/1706/1706 1708/1708/1708 1704/1704/1704 
f 1703/1703/1703 1707/1707/1707 1709/1709/1709 
f 1706/1706/1706 1710/1710/1710 1708/1708/1708 
f 1711/1711/1711 1709/1709/1709 1707/1707/1707 
f 1710/1710/1710 1712/1712/1712 1708/1708/1708 
f 1709/1709/1709 1711/1711/1711 1713/1713/1713 
f 1712/1712/1712 1713/1713/1713 1711/1711/1711 
f 1712/1712/1712 1710/1710/1710 1714/1714/1714 
f 1713/1713/1713 1712/1712/1712 1714/1714/1714 
f 1715/1715/1715 1716/1716/1716 1717/1717/1717 
f 1715/1715/1715 1717/1717/1717 1718/1718/1718 
f 1719/1719/1719 1720/1720/1720 1721/1721/1721 
f 1719/1719/1719 1721/1721/1721 1722/1722/1722 
f 1725/1725/1725 1724/1724/1724 1726/1726/1726 
f 1725/1725/1725 1726/1726/1726 1727/1727/1727 
f 1728/1728/1728 1729/1729/1729 1730/1730/1730 
f 1730/1730/1730 1731/1731/1731 1728/1728/1728 
f 1733/1733/1733 1732/1732/1732 1734/1734/1734 
f 1735/1735/1735 1736/1736/1736 1737/1737/1737 
f 1736/1736/1736 1735/1735/1735 1738/1738/1738 
f 1741/1741/1741 1742/1742/1742 1740/1740/1740 
f 1742/1742/1742 1741/1741/1741 1743/1743/1743 
f 1743/1743/1743 1744/1744/1744 1742/1742/1742 
f 1744/1744/1744 1743/1743/1743 1745/1745/1745 
f 1751/1751/1751 1752/1752/1752 1750/1750/1750 
f 1752/1752/1752 1751/1751/1751 1753/1753/1753 
f 1755/1755/1755 1756/1756/1756 1754/1754/1754 
f 1756/1756/1756 1755/1755/1755 1757/1757/1757 
f 1758/1758/1758 1759/1759/1759 1760/1760/1760 
f 1759/1759/1759 1758/1758/1758 1761/1761/1761 
f 1762/1762/1762 1763/1763/1763 1764/1764/1764 
f 1762/1762/1762 1764/1764/1764 1765/1765/1765 
f 1769/1769/1769 1768/1768/1768 1767/1767/1767 
f 1769/1769/1769 1770/1770/1770 1768/1768/1768 
f 1771/1771/1771 1772/1772/1772 1773/1773/1773 
f 1771/1771/1771 1773/1773/1773 1774/1774/1774 
f 1777/1777/1777 1776/1776/1776 1775/1775/1775 
f 1777/1777/1777 1778/1778/1778 1776/1776/1776 
f 1779/1779/1779 1780/1780/1780 1781/1781/1781 
f 1782/1782/1782 1783/1783/1783 1784/1784/1784 
f 1785/1785/1785 1786/1786/1786 1787/1787/1787 
f 1788/1788/1788 1787/1787/1787 1786/1786/1786 
f 1790/1790/1790 1791/1791/1791 1792/1792/1792 
f 1793/1793/1793 1792/1792/1792 1791/1791/1791 
f 1794/1794/1794 1795/1795/1795 1796/1796/1796 
f 1796/1796/1796 1797/1797/1797 1794/1794/1794 
f 1798/1798/1798 1799/1799/1799 1800/1800/1800 
f 1801/1801/1801 1802/1802/1802 1803/1803/1803 
f 1804/1804/1804 1805/1805/1805 1806/1806/1806 
f 1805/1805/1805 1804/1804/1804 1807/1807/1807 
f 1809/1809/1809 1808/1808/1808 1810/1810/1810 
f 1811/1811/1811 1810/1810/1810 1808/1808/1808 
f 1814/1814/1814 1812/1812/1812 1813/1813/1813 
f 1812/1812/1812 1814/1814/1814 1815/1815/1815 
f 1816/1816/1816 1817/1817/1817 1818/1818/1818 
f 1816/1816/1816 1818/1818/1818 1819/1819/1819 
f 1823/1823/1823 1820/1820/1820 1822/1822/1822 
f 1820/1820/1820 1823/1823/1823 1824/1824/1824 
f 1821/1821/1821 1826/1826/1826 1825/1825/1825 
f 1826/1826/1826 1821/1821/1821 1827/1827/1827 
f 1828/1828/1828 1829/1829/1829 1830/1830/1830 
f 1829/1829/1829 1828/1828/1828 1831/1831/1831 
f 1833/1833/1833 1834/1834/1834 1835/1835/1835 
f 1834/1834/1834 1833/1833/1833 1836/1836/1836 
f 1839/1839/1839 1837/1837/1837 1838/1838/1838 
f 1837/1837/1837 1839/1839/1839 1840/1840/1840 
f 1843/1843/1843 1842/1842/1842 1841/1841/1841 
f 1841/1841/1841 1844/1844/1844 1843/1843/1843 
f 1847/1847/1847 1846/1846/1846 1845/1845/1845 
f 1847/1847/1847 1845/1845/1845 1848/1848/1848 
f 1851/1851/1851 1849/1849/1849 1850/1850/1850 
f 1849/1849/1849 1851/1851/1851 1852/1852/1852 
f 1853/1853/1853 1854/1854/1854 1855/1855/1855 
f 1853/1853/1853 1855/1855/1855 1856/1856/1856 
f 1857/1857/1857 1858/1858/1858 1859/1859/1859 
f 1860/1860/1860 1861/1861/1861 1862/1862/1862 
f 1865/1865/1865 1863/1863/1863 1864/1864/1864 
f 1863/1863/1863 1865/1865/1865 1866/1866/1866 
f 1869/1869/1869 1868/1868/1868 1867/1867/1867 
f 1867/1867/1867 1870/1870/1870 1869/1869/1869 
f 1872/1872/1872 1873/1873/1873 1871/1871/1871 
f 1873/1873/1873 1872/1872/1872 1874/1874/1874 
f 1874/1874/1874 1875/1875/1875 1873/1873/1873 
f 1875/1875/1875 1874/1874/1874 1876/1876/1876 
f 1877/1877/1877 1878/1878/1878 1879/1879/1879 
f 1878/1878/1878 1880/1880/1880 1879/1879/1879 
f 1878/1878/1878 1877/1877/1877 1881/1881/1881 
f 1880/1880/1880 1878/1878/1878 1882/1882/1882 
f 1877/1877/1877 1883/1883/1883 1881/1881/1881 
f 1884/1884/1884 1880/1880/1880 1882/1882/1882 
f 1877/1877/1877 1885/1885/1885 1883/1883/1883 
f 1885/1885/1885 1886/1886/1886 1883/1883/1883 
f 1886/1886/1886 1885/1885/1885 1887/1887/1887 
f 1888/1888/1888 1884/1884/1884 1882/1882/1882 
f 1889/1889/1889 1884/1884/1884 1888/1888/1888 
f 1889/1889/1889 1888/1888/1888 1890/1890/1890 
f 1891/1891/1891 1889/1889/1889 1890/1890/1890 
f 1889/1889/1889 1891/1891/1891 1892/1892/1892 
f 1893/1893/1893 1892/1892/1892 1891/1891/1891 
f 1892/1892/1892 1893/1893/1893 1894/1894/1894 
f 1899/1899/1899 1900/1900/1900 1901/1901/1901 
f 1899/1899/1899 1901/1901/1901 1902/1902/1902 
f 1903/1903/1903 1904/1904/1904 1905/1905/1905 
f 1904/1904/1904 1903/1903/1903 1906/1906/1906 
f 1903/1903/1903 1905/1905/1905 1907/1907/1907 
f 1905/1905/1905 1904/1904/1904 1908/1908/1908 
f 1908/1908/1908 1904/1904/1904 1909/1909/1909 
f 1905/1905/1905 1908/1908/1908 1910/1910/1910 
f 1913/1913/1913 1914/1914/1914 1915/1915/1915 
f 1914/1914/1914 1916/1916/1916 1915/1915/1915 
f 1928/1928/1928 1926/1926/1926 1927/1927/1927 
f 1926/1926/1926 1928/1928/1928 1929/1929/1929 
f 1936/1936/1936 1937/1937/1937 1938/1938/1938 
f 1937/1937/1937 1936/1936/1936 1939/1939/1939 
f 1938/1938/1938 1940/1940/1940 1936/1936/1936 
f 1941/1941/1941 1937/1937/1937 1939/1939/1939 
f 1940/1940/1940 1938/1938/1938 1942/1942/1942 
f 1937/1937/1937 1941/1941/1941 1943/1943/1943 
f 1944/1944/1944 1940/1940/1940 1942/1942/1942 
f 1945/1945/1945 1943/1943/1943 1941/1941/1941 
f 1940/1940/1940 1944/1944/1944 1946/1946/1946 
f 1943/1943/1943 1945/1945/1945 1947/1947/1947 
f 1944/1944/1944 1948/1948/1948 1946/1946/1946 
f 1949/1949/1949 1947/1947/1947 1945/1945/1945 
f 1944/1944/1944 1950/1950/1950 1948/1948/1948 
f 1949/1949/1949 1948/1948/1948 1950/1950/1950 
f 1948/1948/1948 1949/1949/1949 1951/1951/1951 
f 1949/1949/1949 1945/1945/1945 1951/1951/1951 
f 1958/1958/1958 1959/1959/1959 1960/1960/1960 
f 1961/1961/1961 1959/1959/1959 1958/1958/1958 
f 1961/1961/1961 1962/1962/1962 1959/1959/1959 
f 1959/1959/1959 1962/1962/1962 1963/1963/1963 
f 1962/1962/1962 1961/1961/1961 1964/1964/1964 
f 1962/1962/1962 1964/1964/1964 1965/1965/1965 
f 1966/1966/1966 1967/1967/1967 1968/1968/1968 
f 1967/1967/1967 1966/1966/1966 1969/1969/1969 
f 1985/1985/1985 1986/1986/1986 1987/1987/1987 
f 1988/1988/1988 1987/1987/1987 1986/1986/1986 
f 1989/1989/1989 1987/1987/1987 1988/1988/1988 
f 1987/1987/1987 1989/1989/1989 1990/1990/1990 
f 2003/2003/2003 2004/2004/2004 2005/2005/2005 
f 2004/2004/2004 2003/2003/2003 2006/2006/2006 
f 2020/2020/2020 2021/2021/2021 2019/2019/2019 
f 2022/2022/2022 2021/2021/2021 2020/2020/2020 
f 2023/2023/2023 2021/2021/2021 2022/2022/2022 
f 2021/2021/2021 2023/2023/2023 2024/2024/2024 
f 2033/2033/2033 2032/2032/2032 2031/2031/2031 
f 2032/2032/2032 2033/2033/2033 2034/2034/2034 
f 2039/2039/2039 2040/2040/2040 2041/2041/2041 
f 2040/2040/2040 2039/2039/2039 2042/2042/2042 
f 2043/2043/2043 2040/2040/2040 2042/2042/2042 
f 2040/2040/2040 2043/2043/2043 2044/2044/2044 
f 2046/2046/2046 2047/2047/2047 2048/2048/2048 
f 2049/2049/2049 2047/2047/2047 2046/2046/2046 
f 2047/2047/2047 2050/2050/2050 2048/2048/2048 
f 2047/2047/2047 2049/2049/2049 2051/2051/2051 
f 2060/2060/2060 2061/2061/2061 2062/2062/2062 
f 2060/2060/2060 2062/2062/2062 2063/2063/2063 
f 2080/2080/2080 2081/2081/2081 2082/2082/2082 
f 2082/2082/2082 2081/2081/2081 2083/2083/2083 
f 2081/2081/2081 2080/2080/2080 2084/2084/2084 
f 2084/2084/2084 2080/2080/2080 2085/2085/2085 
f 2084/2084/2084 2085/2085/2085 2086/2086/2086 
f 2081/2081/2081 2084/2084/2084 2087/2087/2087 
f 2087/2087/2087 2084/2084/2084 2088/2088/2088 
f 2100/2100/2100 2101/2101/2101 2099/2099/2099 
f 2102/2102/2102 2101/2101/2101 2100/2100/2100 
f 2102/2102/2102 2103/2103/2103 2101/2101/2101 
f 2103/2103/2103 2102/2102/2102 2104/2104/2104 
f 2106/2106/2106 2107/2107/2107 2108/2108/2108 
f 2108/2108/2108 2107/2107/2107 2109/2109/2109 
f 2108/2108/2108 2109/2109/2109 2110/2110/2110 
f 2110/2110/2110 2109/2109/2109 2111/2111/2111 
f 2124/2124/2124 2123/2123/2123 2125/2125/2125 
f 2125/2125/2125 2126/2126/2126 2124/2124/2124 
f 2130/2130/2130 2131/2131/2131 2132/2132/2132 
f 2132/2132/2132 2131/2131/2131 2133/2133/2133 
f 2146/2146/2146 2147/2147/2147 2148/2148/2148 
f 2146/2146/2146 2148/2148/2148 2149/2149/2149 
f 2153/2153/2153 2152/2152/2152 2151/2151/2151 
f 2152/2152/2152 2153/2153/2153 2154/2154/2154 
f 2157/2157/2157 2158/2158/2158 2156/2156/2156 
f 2158/2158/2158 2157/2157/2157 2159/2159/2159 
f 2160/2160/2160 2158/2158/2158 2159/2159/2159 
f 2158/2158/2158 2160/2160/2160 2161/2161/2161 
f 2165/2165/2165 2163/2163/2163 2164/2164/2164 
f 2165/2165/2165 2166/2166/2166 2163/2163/2163 
f 2167/2167/2167 2166/2166/2166 2165/2165/2165 
f 2167/2167/2167 2168/2168/2168 2166/2166/2166 
f 2172/2172/2172 2173/2173/2173 2174/2174/2174 
f 2173/2173/2173 2175/2175/2175 2174/2174/2174 
f 2183/2183/2183 2182/2182/2182 2181/2181/2181 
f 2182/2182/2182 2183/2183/2183 2184/2184/2184 
f 2189/2189/2189 2188/2188/2188 2187/2187/2187 
f 2188/2188/2188 2189/2189/2189 2190/2190/2190 
f 2191/2191/2191 2190/2190/2190 2189/2189/2189 
f 2190/2190/2190 2191/2191/2191 2192/2192/2192 
f 2194/2194/2194 2196/2196/2196 2197/2197/2197 
f 2198/2198/2198 2194/2194/2194 2197/2197/2197 
f 2198/2198/2198 2197/2197/2197 2199/2199/2199 
f 2200/2200/2200 2198/2198/2198 2199/2199/2199 
f 2201/2201/2201 2202/2202/2202 2203/2203/2203 
f 2202/2202/2202 2201/2201/2201 2204/2204/2204 
f 2213/2213/2213 2214/2214/2214 2212/2212/2212 
f 2213/2213/2213 2215/2215/2215 2214/2214/2214 
f 2217/2217/2217 2218/2218/2218 2219/2219/2219 
f 2218/2218/2218 2217/2217/2217 2220/2220/2220 
f 2221/2221/2221 2222/2222/2222 2223/2223/2223 
f 2224/2224/2224 2221/2221/2221 2223/2223/2223 
f 2221/2221/2221 2225/2225/2225 2226/2226/2226 
f 2221/2221/2221 2227/2227/2227 2225/2225/2225 
f 2227/2227/2227 2221/2221/2221 2224/2224/2224 
f 2227/2227/2227 2224/2224/2224 2228/2228/2228 
f 2228/2228/2228 2224/2224/2224 2229/2229/2229 
f 2233/2233/2233 2234/2234/2234 2235/2235/2235 
f 2235/2235/2235 2236/2236/2236 2233/2233/2233 
f 2237/2237/2237 2238/2238/2238 2239/2239/2239 
f 2237/2237/2237 2239/2239/2239 2240/2240/2240 
f 2241/2241/2241 2242/2242/2242 2243/2243/2243 
f 2242/2242/2242 2241/2241/2241 2244/2244/2244 
f 2245/2245/2245 2246/2246/2246 2247/2247/2247 
f 2248/2248/2248 2247/2247/2247 2246/2246/2246 
f 2249/2249/2249 2250/2250/2250 2251/2251/2251 
f 2249/2249/2249 2251/2251/2251 2252/2252/2252 
f 2250/2250/2250 2253/2253/2253 2251/2251/2251 
f 2254/2254/2254 2253/2253/2253 2250/2250/2250 
f 2255/2255/2255 2256/2256/2256 2257/2257/2257 
f 2256/2256/2256 2258/2258/2258 2257/2257/2257 
f 2265/2265/2265 2266/2266/2266 2267/2267/2267 
f 2266/2266/2266 2268/2268/2268 2267/2267/2267 
f 2271/2271/2271 2269/2269/2269 2270/2270/2270 
f 2269/2269/2269 2271/2271/2271 2272/2272/2272 
f 2273/2273/2273 2274/2274/2274 2275/2275/2275 
f 2276/2276/2276 2275/2275/2275 2274/2274/2274 
f 2274/2274/2274 2273/2273/2273 2277/2277/2277 
f 2278/2278/2278 2277/2277/2277 2273/2273/2273 
f 2277/2277/2277 2278/2278/2278 2279/2279/2279 
f 2275/2275/2275 2276/2276/2276 2280/2280/2280 
f 2289/2289/2289 2287/2287/2287 2288/2288/2288 
f 2287/2287/2287 2289/2289/2289 2290/2290/2290 
f 2290/2290/2290 2289/2289/2289 2291/2291/2291 
f 2289/2289/2289 2292/2292/2292 2291/2291/2291 
f 2304/2304/2304 2302/2302/2302 2303/2303/2303 
f 2302/2302/2302 2304/2304/2304 2305/2305/2305 
f 2306/2306/2306 2305/2305/2305 2304/2304/2304 
f 2304/2304/2304 2307/2307/2307 2306/2306/2306 
f 2315/2315/2315 2316/2316/2316 2317/2317/2317 
f 2315/2315/2315 2317/2317/2317 2318/2318/2318 
f 2330/2330/2330 2331/2331/2331 2332/2332/2332 
f 2334/2334/2334 2335/2335/2335 2336/2336/2336 
f 2347/2347/2347 2348/2348/2348 2349/2349/2349 
f 2347/2347/2347 2349/2349/2349 2350/2350/2350 
f 2348/2348/2348 2353/2353/2353 2349/2349/2349 
f 2348/2348/2348 2354/2354/2354 2353/2353/2353 
f 2357/2357/2357 2358/2358/2358 2359/2359/2359 
f 2360/2360/2360 2359/2359/2359 2358/2358/2358 
f 2363/2363/2363 2364/2364/2364 2365/2365/2365 
f 2364/2364/2364 2363/2363/2363 2366/2366/2366 
f 2363/2363/2363 2367/2367/2367 2366/2366/2366 
f 2367/2367/2367 2363/2363/2363 2368/2368/2368 
f 2378/2378/2378 2376/2376/2376 2377/2377/2377 
f 2376/2376/2376 2378/2378/2378 2379/2379/2379 
f 2379/2379/2379 2378/2378/2378 2380/2380/2380 
f 2378/2378/2378 2381/2381/2381 2380/2380/2380 
f 2382/2382/2382 2383/2383/2383 2384/2384/2384 
f 2383/2383/2383 2385/2385/2385 2384/2384/2384 
f 2393/2393/2393 2395/2395/2395 2394/2394/2394 
f 2395/2395/2395 2393/2393/2393 2396/2396/2396 
f 2397/2397/2397 2395/2395/2395 2396/2396/2396 
f 2395/2395/2395 2397/2397/2397 2398/2398/2398 
f 2399/2399/2399 2400/2400/2400 2401/2401/2401 
f 2399/2399/2399 2401/2401/2401 2402/2402/2402 
f 2403/2403/2403 2404/2404/2404 2405/2405/2405 
f 2404/2404/2404 2403/2403/2403 2406/2406/2406 
f 2407/2407/2407 2408/2408/2408 2409/2409/2409 
f 2407/2407/2407 2409/2409/2409 2410/2410/2410 
f 2413/2413/2413 2414/2414/2414 2415/2415/2415 
f 2413/2413/2413 2415/2415/2415 2416/2416/2416 
f 2417/2417/2417 2418/2418/2418 2419/2419/2419 
f 2418/2418/2418 2417/2417/2417 2420/2420/2420 
f 2421/2421/2421 2422/2422/2422 2423/2423/2423 
f 2421/2421/2421 2423/2423/2423 2424/2424/2424 
f 2425/2425/2425 2426/2426/2426 2427/2427/2427 
f 2425/2425/2425 2427/2427/2427 2428/2428/2428 
f 2435/2435/2435 2436/2436/2436 2437/2437/2437 
f 2438/2438/2438 2437/2437/2437 2436/2436/2436 
f 2437/2437/2437 2439/2439/2439 2435/2435/2435 
f 2437/2437/2437 2438/2438/2438 2440/2440/2440 
f 2442/2442/2442 2443/2443/2443 2444/2444/2444 
f 2442/2442/2442 2444/2444/2444 2445/2445/2445 
f 2446/2446/2446 2447/2447/2447 2448/2448/2448 
f 2446/2446/2446 2448/2448/2448 2449/2449/2449 
f 2455/2455/2455 2456/2456/2456 2457/2457/2457 
f 2455/2455/2455 2457/2457/2457 2458/2458/2458 
f 2460/2460/2460 2461/2461/2461 2462/2462/2462 
f 2461/2461/2461 2463/2463/2463 2462/2462/2462 
f 2470/2470/2470 2471/2471/2471 2472/2472/2472 
f 2471/2471/2471 2473/2473/2473 2472/2472/2472 
f 2474/2474/2474 2476/2476/2476 2475/2475/2475 
f 2477/2477/2477 2476/2476/2476 2474/2474/2474 
f 2477/2477/2477 2478/2478/2478 2476/2476/2476 
f 2479/2479/2479 2478/2478/2478 2477/2477/2477 
f 2479/2479/2479 2480/2480/2480 2478/2478/2478 
f 2481/2481/2481 2480/2480/2480 2479/2479/2479 
f 2481/2481/2481 2482/2482/2482 2480/2480/2480 
f 2483/2483/2483 2482/2482/2482 2481/2481/2481 
f 2492/2492/2492 2491/2491/2491 2490/2490/2490 
f 2491/2491/2491 2492/2492/2492 2493/2493/2493 
f 2496/2496/2496 2495/2495/2495 2494/2494/2494 
f 2495/2495/2495 2496/2496/2496 2497/2497/2497 
f 2502/2502/2502 2500/2500/2500 2501/2501/2501 
f 2500/2500/2500 2502/2502/2502 2503/2503/2503 
f 2505/2505/2505 2504/2504/2504 2506/2506/2506 
f 2506/2506/2506 2504/2504/2504 2507/2507/2507 
f 2510/2510/2510 2509/2509/2509 2508/2508/2508 
f 2511/2511/2511 2510/2510/2510 2508/2508/2508 
f 2512/2512/2512 2510/2510/2510 2511/2511/2511 
f 2510/2510/2510 2512/2512/2512 2513/2513/2513 
f 2514/2514/2514 2515/2515/2515 2516/2516/2516 
f 2515/2515/2515 2517/2517/2517 2516/2516/2516 
f 2518/2518/2518 2515/2515/2515 2514/2514/2514 
f 2519/2519/2519 2518/2518/2518 2514/2514/2514 
f 2531/2531/2531 2530/2530/2530 2529/2529/2529 
f 2530/2530/2530 2531/2531/2531 2532/2532/2532 
f 2531/2531/2531 2533/2533/2533 2532/2532/2532 
f 2531/2531/2531 2534/2534/2534 2533/2533/2533 
f 2547/2547/2547 2548/2548/2548 2546/2546/2546 
f 2549/2549/2549 2548/2548/2548 2547/2547/2547 
f 2549/2549/2549 2550/2550/2550 2548/2548/2548 
f 2550/2550/2550 2549/2549/2549 2551/2551/2551 
f 2552/2552/2552 2553/2553/2553 2554/2554/2554 
f 2554/2554/2554 2553/2553/2553 2555/2555/2555 
f 2556/2556/2556 2557/2557/2557 2558/2558/2558 
f 2558/2558/2558 2557/2557/2557 2559/2559/2559 
f 2567/2567/2567 2568/2568/2568 2569/2569/2569 
f 2567/2567/2567 2569/2569/2569 2570/2570/2570 
f 2585/2585/2585 2586/2586/2586 2587/2587/2587 
f 2589/2589/2589 2587/2587/2587 2586/2586/2586 
f 2587/2587/2587 2589/2589/2589 2590/2590/2590 
f 2591/2591/2591 2590/2590/2590 2589/2589/2589 
f 2593/2593/2593 2594/2594/2594 2592/2592/2592 
f 2595/2595/2595 2592/2592/2592 2594/2594/2594 
f 2600/2600/2600 2599/2599/2599 2602/2602/2602 
f 2603/2603/2603 2602/2602/2602 2599/2599/2599 
f 2602/2602/2602 2603/2603/2603 2604/2604/2604 
f 2606/2606/2606 2604/2604/2604 2603/2603/2603 
f 2609/2609/2609 2608/2608/2608 2610/2610/2610 
f 2611/2611/2611 2610/2610/2610 2608/2608/2608 
f 2610/2610/2610 2611/2611/2611 2612/2612/2612 
f 2613/2613/2613 2612/2612/2612 2611/2611/2611 
f 2614/2614/2614 2615/2615/2615 2616/2616/2616 
f 2615/2615/2615 2614/2614/2614 2617/2617/2617 
f 2618/2618/2618 2619/2619/2619 2620/2620/2620 
f 2618/2618/2618 2620/2620/2620 2621/2621/2621 
f 2624/2624/2624 2623/2623/2623 2622/2622/2622 
f 2623/2623/2623 2624/2624/2624 2625/2625/2625 
f 2626/2626/2626 2625/2625/2625 2624/2624/2624 
f 2625/2625/2625 2626/2626/2626 2627/2627/2627 
f 2629/2629/2629 2630/2630/2630 2631/2631/2631 
f 2630/2630/2630 2632/2632/2632 2631/2631/2631 
f 2636/2636/2636 2635/2635/2635 2637/2637/2637 
f 2638/2638/2638 2636/2636/2636 2637/2637/2637 
f 2640/2640/2640 2639/2639/2639 2641/2641/2641 
f 2640/2640/2640 2641/2641/2641 2642/2642/2642 
f 2642/2642/2642 2641/2641/2641 2643/2643/2643 
f 2642/2642/2642 2643/2643/2643 2644/2644/2644 
f 2645/2645/2645 2646/2646/2646 2647/2647/2647 
f 2645/2645/2645 2647/2647/2647 2648/2648/2648 
f 2649/2649/2649 2650/2650/2650 2651/2651/2651 
f 2650/2650/2650 2649/2649/2649 2652/2652/2652 
f 2653/2653/2653 2654/2654/2654 2655/2655/2655 
f 2654/2654/2654 2653/2653/2653 2656/2656/2656 
f 2655/2655/2655 2657/2657/2657 2653/2653/2653 
f 2657/2657/2657 2655/2655/2655 2658/2658/2658 
f 2660/2660/2660 2662/2662/2662 2659/2659/2659 
f 2662/2662/2662 2660/2660/2660 2663/2663/2663 
f 2663/2663/2663 2665/2665/2665 2662/2662/2662 
f 2665/2665/2665 2663/2663/2663 2666/2666/2666 
f 2670/2670/2670 2669/2669/2669 2668/2668/2668 
f 2670/2670/2670 2671/2671/2671 2669/2669/2669 
f 2672/2672/2672 2671/2671/2671 2670/2670/2670 
f 2672/2672/2672 2673/2673/2673 2671/2671/2671 
f 2677/2677/2677 2676/2676/2676 2675/2675/2675 
f 2677/2677/2677 2678/2678/2678 2676/2676/2676 
f 2679/2679/2679 2678/2678/2678 2677/2677/2677 
f 2679/2679/2679 2680/2680/2680 2678/2678/2678 
f 2682/2682/2682 2683/2683/2683 2684/2684/2684 
f 2685/2685/2685 2684/2684/2684 2683/2683/2683 
f 2684/2684/2684 2685/2685/2685 2686/2686/2686 
f 2687/2687/2687 2686/2686/2686 2685/2685/2685 
f 2689/2689/2689 2688/2688/2688 2690/2690/2690 
f 2691/2691/2691 2690/2690/2690 2688/2688/2688 
f 2692/2692/2692 2690/2690/2690 2691/2691/2691 
f 2690/2690/2690 2692/2692/2692 2693/2693/2693 
f 2694/2694/2694 2695/2695/2695 2696/2696/2696 
f 2697/2697/2697 2694/2694/2694 2696/2696/2696 
f 2695/2695/2695 2694/2694/2694 2698/2698/2698 
f 2694/2694/2694 2697/2697/2697 2699/2699/2699 
f 2698/2698/2698 2700/2700/2700 2695/2695/2695 
f 2701/2701/2701 2699/2699/2699 2697/2697/2697 
f 2700/2700/2700 2698/2698/2698 2702/2702/2702 
f 2699/2699/2699 2701/2701/2701 2703/2703/2703 
f 2702/2702/2702 2704/2704/2704 2700/2700/2700 
f 2705/2705/2705 2703/2703/2703 2701/2701/2701 
f 2702/2702/2702 2706/2706/2706 2704/2704/2704 
f 2703/2703/2703 2705/2705/2705 2707/2707/2707 
f 2708/2708/2708 2704/2704/2704 2706/2706/2706 
f 2709/2709/2709 2707/2707/2707 2705/2705/2705 
f 2704/2704/2704 2708/2708/2708 2709/2709/2709 
f 2707/2707/2707 2709/2709/2709 2708/2708/2708 
f 2712/2712/2712 2710/2710/2710 2711/2711/2711 
f 2710/2710/2710 2712/2712/2712 2713/2713/2713 
f 2712/2712/2712 2714/2714/2714 2713/2713/2713 
f 2714/2714/2714 2712/2712/2712 2715/2715/2715 
f 2718/2718/2718 2717/2717/2717 2716/2716/2716 
f 2716/2716/2716 2719/2719/2719 2718/2718/2718 
f 2720/2720/2720 2718/2718/2718 2719/2719/2719 
f 2718/2718/2718 2720/2720/2720 2721/2721/2721 
f 2724/2724/2724 2722/2722/2722 2723/2723/2723 
f 2722/2722/2722 2724/2724/2724 2725/2725/2725 
f 2724/2724/2724 2726/2726/2726 2725/2725/2725 
f 2724/2724/2724 2727/2727/2727 2726/2726/2726 
f 2729/2729/2729 2730/2730/2730 2728/2728/2728 
f 2729/2729/2729 2731/2731/2731 2730/2730/2730 
f 2731/2731/2731 2732/2732/2732 2730/2730/2730 
f 2731/2731/2731 2733/2733/2733 2732/2732/2732 
f 2736/2736/2736 2735/2735/2735 2734/2734/2734 
f 2734/2734/2734 2737/2737/2737 2736/2736/2736 
f 2738/2738/2738 2736/2736/2736 2737/2737/2737 
f 2736/2736/2736 2738/2738/2738 2739/2739/2739 
f 2740/2740/2740 2741/2741/2741 2742/2742/2742 
f 2741/2741/2741 2740/2740/2740 2743/2743/2743 
f 2742/2742/2742 2744/2744/2744 2740/2740/2740 
f 2744/2744/2744 2742/2742/2742 2745/2745/2745 
f 2751/2751/2751 2749/2749/2749 2750/2750/2750 
f 2749/2749/2749 2751/2751/2751 2752/2752/2752 
f 2752/2752/2752 2751/2751/2751 2753/2753/2753 
f 2751/2751/2751 2754/2754/2754 2753/2753/2753 
f 2763/2763/2763 2760/2760/2760 2762/2762/2762 
f 2760/2760/2760 2763/2763/2763 2764/2764/2764 
f 2765/2765/2765 2764/2764/2764 2763/2763/2763 
f 2763/2763/2763 2766/2766/2766 2765/2765/2765 
f 2776/2776/2776 2777/2777/2777 2778/2778/2778 
f 2776/2776/2776 2778/2778/2778 2779/2779/2779 
f 2781/2781/2781 2782/2782/2782 2783/2783/2783 
f 2784/2784/2784 2785/2785/2785 2786/2786/2786 
f 2787/2787/2787 2788/2788/2788 2789/2789/2789 
f 2788/2788/2788 2787/2787/2787 2790/2790/2790 
f 2791/2791/2791 2792/2792/2792 2793/2793/2793 
f 2791/2791/2791 2794/2794/2794 2792/2792/2792 
f 2796/2796/2796 2797/2797/2797 2798/2798/2798 
f 2796/2796/2796 2798/2798/2798 2799/2799/2799 
f 2802/2802/2802 2803/2803/2803 2804/2804/2804 
f 2805/2805/2805 2806/2806/2806 2807/2807/2807 
f 2809/2809/2809 2808/2808/2808 2811/2811/2811 
f 2826/2826/2826 2827/2827/2827 2828/2828/2828 
f 2826/2826/2826 2828/2828/2828 2829/2829/2829 
f 2832/2832/2832 2830/2830/2830 2831/2831/2831 
f 2830/2830/2830 2832/2832/2832 2833/2833/2833 
f 2832/2832/2832 2834/2834/2834 2833/2833/2833 
f 2834/2834/2834 2832/2832/2832 2835/2835/2835 
f 2843/2843/2843 2841/2841/2841 2842/2842/2842 
f 2841/2841/2841 2843/2843/2843 2844/2844/2844 
f 2844/2844/2844 2843/2843/2843 2845/2845/2845 
f 2843/2843/2843 2846/2846/2846 2845/2845/2845 
f 2848/2848/2848 2849/2849/2849 2850/2850/2850 
f 2849/2849/2849 2848/2848/2848 2851/2851/2851 
f 2852/2852/2852 2853/2853/2853 2854/2854/2854 
f 2853/2853/2853 2852/2852/2852 2855/2855/2855 
f 2860/2860/2860 2861/2861/2861 2862/2862/2862 
f 2863/2863/2863 2864/2864/2864 2865/2865/2865 
f 2864/2864/2864 2863/2863/2863 2866/2866/2866 
f 2867/2867/2867 2869/2869/2869 2868/2868/2868 
f 2869/2869/2869 2867/2867/2867 2870/2870/2870 
f 2871/2871/2871 2869/2869/2869 2870/2870/2870 
f 2869/2869/2869 2871/2871/2871 2872/2872/2872 
f 2879/2879/2879 2880/2880/2880 2881/2881/2881 
f 2882/2882/2882 2883/2883/2883 2884/2884/2884 
f 2891/2891/2891 2890/2890/2890 2889/2889/2889 
f 2892/2892/2892 2891/2891/2891 2889/2889/2889 
f 2893/2893/2893 2891/2891/2891 2892/2892/2892 
f 2891/2891/2891 2893/2893/2893 2894/2894/2894 
f 2900/2900/2900 2901/2901/2901 2902/2902/2902 
f 2903/2903/2903 2904/2904/2904 2905/2905/2905 
f 2909/2909/2909 2908/2908/2908 2907/2907/2907 
f 2907/2907/2907 2910/2910/2910 2909/2909/2909 
f 2911/2911/2911 2909/2909/2909 2910/2910/2910 
f 2909/2909/2909 2911/2911/2911 2912/2912/2912 
f 2917/2917/2917 2918/2918/2918 2919/2919/2919 
f 2918/2918/2918 2917/2917/2917 2920/2920/2920 
f 2921/2921/2921 2922/2922/2922 2923/2923/2923 
f 2921/2921/2921 2923/2923/2923 2924/2924/2924 
f 2925/2925/2925 2926/2926/2926 2927/2927/2927 
f 2926/2926/2926 2925/2925/2925 2928/2928/2928 
f 2932/2932/2932 2933/2933/2933 2934/2934/2934 
f 2935/2935/2935 2936/2936/2936 2937/2937/2937 
f 2944/2944/2944 2945/2945/2945 2946/2946/2946 
f 2947/2947/2947 2948/2948/2948 2949/2949/2949 
f 2950/2950/2950 2951/2951/2951 2952/2952/2952 
f 2952/2952/2952 2953/2953/2953 2950/2950/2950 
f 2954/2954/2954 2955/2955/2955 2956/2956/2956 
f 2955/2955/2955 2954/2954/2954 2957/2957/2957 
f 2958/2958/2958 2959/2959/2959 2960/2960/2960 
f 2959/2959/2959 2958/2958/2958 2961/2961/2961 
f 2963/2963/2963 2964/2964/2964 2965/2965/2965 
f 2966/2966/2966 2967/2967/2967 2968/2968/2968 
f 2970/2970/2970 2971/2971/2971 2972/2972/2972 
f 2970/2970/2970 2972/2972/2972 2973/2973/2973 
f 2985/2985/2985 2986/2986/2986 2987/2987/2987 
f 2988/2988/2988 2989/2989/2989 2990/2990/2990 
f 2991/2991/2991 2992/2992/2992 2993/2993/2993 
f 2992/2992/2992 2991/2991/2991 2994/2994/2994 
f 2995/2995/2995 2996/2996/2996 2997/2997/2997 
f 2996/2996/2996 2995/2995/2995 2998/2998/2998 
f 3000/3000/3000 3001/3001/3001 3002/3002/3002 
f 3001/3001/3001 3000/3000/3000 3003/3003/3003 
f 3004/3004/3004 3005/3005/3005 3006/3006/3006 
f 3005/3005/3005 3004/3004/3004 3007/3007/3007 
f 3004/3004/3004 3006/3006/3006 3008/3008/3008 
f 3008/3008/3008 3006/3006/3006 3009/3009/3009 
f 3010/3010/3010 3004/3004/3004 3008/3008/3008 
f 3004/3004/3004 3010/3010/3010 3011/3011/3011 
f 3013/3013/3013 3014/3014/3014 3015/3015/3015 
f 3015/3015/3015 3016/3016/3016 3013/3013/3013 
f 3017/3017/3017 3018/3018/3018 3019/3019/3019 
f 3018/3018/3018 3020/3020/3020 3019/3019/3019 
f 3023/3023/3023 3021/3021/3021 3022/3022/3022 
f 3024/3024/3024 3023/3023/3023 3022/3022/3022 
f 3026/3026/3026 3027/3027/3027 3028/3028/3028 
f 3029/3029/3029 3030/3030/3030 3031/3031/3031 
f 3032/3032/3032 3033/3033/3033 3034/3034/3034 
f 3035/3035/3035 3034/3034/3034 3033/3033/3033 
f 3033/3033/3033 3032/3032/3032 3036/3036/3036 
f 3035/3035/3035 3033/3033/3033 3037/3037/3037 
f 3032/3032/3032 3038/3038/3038 3036/3036/3036 
f 3039/3039/3039 3035/3035/3035 3037/3037/3037 
f 3038/3038/3038 3032/3032/3032 3040/3040/3040 
f 3035/3035/3035 3039/3039/3039 3041/3041/3041 
f 3040/3040/3040 3042/3042/3042 3038/3038/3038 
f 3039/3039/3039 3043/3043/3043 3041/3041/3041 
f 3042/3042/3042 3040/3040/3040 3044/3044/3044 
f 3043/3043/3043 3039/3039/3039 3045/3045/3045 
f 3046/3046/3046 3042/3042/3042 3044/3044/3044 
f 3047/3047/3047 3043/3043/3043 3045/3045/3045 
f 3042/3042/3042 3046/3046/3046 3047/3047/3047 
f 3043/3043/3043 3047/3047/3047 3046/3046/3046 
f 3049/3049/3049 3050/3050/3050 3051/3051/3051 
f 3049/3049/3049 3051/3051/3051 3052/3052/3052 
f 3053/3053/3053 3054/3054/3054 3055/3055/3055 
f 3055/3055/3055 3056/3056/3056 3053/3053/3053 
f 3054/3054/3054 3057/3057/3057 3055/3055/3055 
f 3056/3056/3056 3058/3058/3058 3053/3053/3053 
f 3057/3057/3057 3054/3054/3054 3059/3059/3059 
f 3058/3058/3058 3056/3056/3056 3060/3060/3060 
f 3061/3061/3061 3057/3057/3057 3059/3059/3059 
f 3060/3060/3060 3062/3062/3062 3058/3058/3058 
f 3057/3057/3057 3061/3061/3061 3063/3063/3063 
f 3060/3060/3060 3064/3064/3064 3062/3062/3062 
f 3065/3065/3065 3062/3062/3062 3064/3064/3064 
f 3062/3062/3062 3065/3065/3065 3066/3066/3066 
f 3067/3067/3067 3063/3063/3063 3061/3061/3061 
f 3063/3063/3063 3067/3067/3067 3068/3068/3068 
f 3069/3069/3069 3068/3068/3068 3067/3067/3067 
f 3068/3068/3068 3069/3069/3069 3070/3070/3070 
f 3074/3074/3074 3075/3075/3075 3076/3076/3076 
f 3077/3077/3077 3078/3078/3078 3079/3079/3079 
f 3077/3077/3077 3079/3079/3079 3080/3080/3080 
f 3081/3081/3081 3078/3078/3078 3077/3077/3077 
f 3081/3081/3081 3082/3082/3082 3078/3078/3078 
f 3079/3079/3079 3083/3083/3083 3084/3084/3084 
f 3084/3084/3084 3083/3083/3083 3085/3085/3085 
f 3086/3086/3086 3087/3087/3087 3088/3088/3088 
f 3089/3089/3089 3087/3087/3087 3086/3086/3086 
f 3086/3086/3086 3088/3088/3088 3090/3090/3090 
f 3091/3091/3091 3090/3090/3090 3088/3088/3088 
f 3090/3090/3090 3091/3091/3091 3092/3092/3092 
f 3089/3089/3089 3093/3093/3093 3087/3087/3087 
f 3094/3094/3094 3095/3095/3095 3096/3096/3096 
f 3095/3095/3095 3094/3094/3094 3097/3097/3097 
f 3099/3099/3099 3100/3100/3100 3101/3101/3101 
f 3099/3099/3099 3101/3101/3101 3102/3102/3102 
f 3103/3103/3103 3104/3104/3104 3105/3105/3105 
f 3104/3104/3104 3103/3103/3103 3106/3106/3106 
f 3107/3107/3107 3108/3108/3108 3109/3109/3109 
f 3107/3107/3107 3109/3109/3109 3110/3110/3110 
f 3111/3111/3111 3112/3112/3112 3113/3113/3113 
f 3114/3114/3114 3112/3112/3112 3111/3111/3111 
f 3112/3112/3112 3114/3114/3114 3115/3115/3115 
f 3111/3111/3111 3113/3113/3113 3116/3116/3116 
f 3116/3116/3116 3113/3113/3113 3117/3117/3117 
f 3118/3118/3118 3117/3117/3117 3113/3113/3113 
f 3117/3117/3117 3118/3118/3118 3119/3119/3119 
f 3117/3117/3117 3119/3119/3119 3120/3120/3120 
f 3121/3121/3121 3122/3122/3122 3123/3123/3123 
f 3121/3121/3121 3123/3123/3123 3124/3124/3124 
f 3122/3122/3122 3121/3121/3121 3125/3125/3125 
f 3122/3122/3122 3125/3125/3125 3126/3126/3126 
f 3128/3128/3128 3129/3129/3129 3130/3130/3130 
f 3129/3129/3129 3128/3128/3128 3131/3131/3131 
f 3132/3132/3132 3133/3133/3133 3134/3134/3134 
f 3132/3132/3132 3134/3134/3134 3135/3135/3135 
f 3136/3136/3136 3137/3137/3137 3138/3138/3138 
f 3137/3137/3137 3136/3136/3136 3139/3139/3139 
f 3140/3140/3140 3138/3138/3138 3137/3137/3137 
f 3139/3139/3139 3136/3136/3136 3141/3141/3141 
f 3138/3138/3138 3140/3140/3140 3142/3142/3142 
f 3143/3143/3143 3141/3141/3141 3136/3136/3136 
f 3140/3140/3140 3144/3144/3144 3142/3142/3142 
f 3145/3145/3145 3141/3141/3141 3143/3143/3143 
f 3144/3144/3144 3140/3140/3140 3146/3146/3146 
f 3143/3143/3143 3147/3147/3147 3145/3145/3145 
f 3148/3148/3148 3144/3144/3144 3146/3146/3146 
f 3147/3147/3147 3149/3149/3149 3145/3145/3145 
f 3144/3144/3144 3148/3148/3148 3150/3150/3150 
f 3151/3151/3151 3149/3149/3149 3147/3147/3147 
f 3152/3152/3152 3150/3150/3150 3148/3148/3148 
f 3149/3149/3149 3151/3151/3151 3152/3152/3152 
f 3150/3150/3150 3152/3152/3152 3151/3151/3151 
f 3153/3153/3153 3154/3154/3154 3155/3155/3155 
f 3156/3156/3156 3157/3157/3157 3158/3158/3158 
f 3159/3159/3159 3160/3160/3160 3161/3161/3161 
f 3162/3162/3162 3161/3161/3161 3160/3160/3160 
f 3163/3163/3163 3162/3162/3162 3160/3160/3160 
f 3161/3161/3161 3164/3164/3164 3159/3159/3159 
f 3164/3164/3164 3165/3165/3165 3159/3159/3159 
f 3164/3164/3164 3166/3166/3166 3165/3165/3165 
f 3166/3166/3166 3167/3167/3167 3165/3165/3165 
f 3168/3168/3168 3165/3165/3165 3167/3167/3167 
f 3166/3166/3166 3169/3169/3169 3167/3167/3167 
f 3169/3169/3169 3166/3166/3166 3170/3170/3170 
f 3171/3171/3171 3172/3172/3172 3173/3173/3173 
f 3172/3172/3172 3171/3171/3171 3174/3174/3174 
f 3175/3175/3175 3174/3174/3174 3171/3171/3171 
f 3176/3176/3176 3175/3175/3175 3171/3171/3171 
f 3176/3176/3176 3177/3177/3177 3175/3175/3175 
f 3178/3178/3178 3171/3171/3171 3173/3173/3173 
f 3179/3179/3179 3178/3178/3178 3173/3173/3173 
f 3179/3179/3179 3180/3180/3180 3178/3178/3178 
f 3181/3181/3181 3178/3178/3178 3180/3180/3180 
f 3178/3178/3178 3181/3181/3181 3182/3182/3182 
f 3183/3183/3183 3182/3182/3182 3181/3181/3181 
f 3182/3182/3182 3183/3183/3183 3184/3184/3184 
f 3183/3183/3183 3185/3185/3185 3184/3184/3184 
f 3186/3186/3186 3187/3187/3187 3188/3188/3188 
f 3187/3187/3187 3186/3186/3186 3189/3189/3189 
f 3190/3190/3190 3189/3189/3189 3186/3186/3186 
f 3186/3186/3186 3191/3191/3191 3190/3190/3190 
f 3190/3190/3190 3191/3191/3191 3192/3192/3192 
f 3193/3193/3193 3194/3194/3194 3195/3195/3195 
f 3196/3196/3196 3197/3197/3197 3198/3198/3198 
f 3198/3198/3198 3197/3197/3197 3199/3199/3199 
f 3200/3200/3200 3201/3201/3201 3202/3202/3202 
f 3201/3201/3201 3200/3200/3200 3203/3203/3203 
f 3202/3202/3202 3201/3201/3201 3204/3204/3204 
f 3205/3205/3205 3204/3204/3204 3201/3201/3201 
f 3201/3201/3201 3206/3206/3206 3205/3205/3205 
f 3201/3201/3201 3207/3207/3207 3206/3206/3206 
f 3208/3208/3208 3206/3206/3206 3207/3207/3207 
f 3209/3209/3209 3208/3208/3208 3207/3207/3207 
f 3208/3208/3208 3209/3209/3209 3210/3210/3210 
f 3207/3207/3207 3211/3211/3211 3209/3209/3209 
f 3212/3212/3212 3213/3213/3213 3214/3214/3214 
f 3213/3213/3213 3212/3212/3212 3215/3215/3215 
f 3216/3216/3216 3214/3214/3214 3213/3213/3213 
f 3212/3212/3212 3217/3217/3217 3215/3215/3215 
f 3214/3214/3214 3216/3216/3216 3218/3218/3218 
f 3217/3217/3217 3212/3212/3212 3219/3219/3219 
f 3220/3220/3220 3218/3218/3218 3216/3216/3216 
f 3219/3219/3219 3221/3221/3221 3217/3217/3217 
f 3220/3220/3220 3216/3216/3216 3222/3222/3222 
f 3219/3219/3219 3223/3223/3223 3221/3221/3221 
f 3224/3224/3224 3220/3220/3220 3222/3222/3222 
f 3225/3225/3225 3221/3221/3221 3223/3223/3223 
f 3220/3220/3220 3224/3224/3224 3226/3226/3226 
f 3221/3221/3221 3225/3225/3225 3227/3227/3227 
f 3228/3228/3228 3226/3226/3226 3224/3224/3224 
f 3228/3228/3228 3227/3227/3227 3225/3225/3225 
f 3224/3224/3224 3229/3229/3229 3228/3228/3228 
f 3227/3227/3227 3228/3228/3228 3229/3229/3229 
f 3232/3232/3232 3233/3233/3233 3234/3234/3234 
f 3235/3235/3235 3234/3234/3234 3233/3233/3233 
f 3234/3234/3234 3235/3235/3235 3236/3236/3236 
f 3235/3235/3235 3237/3237/3237 3236/3236/3236 
f 3233/3233/3233 3232/3232/3232 3238/3238/3238 
f 3232/3232/3232 3239/3239/3239 3238/3238/3238 
f 3239/3239/3239 3232/3232/3232 3240/3240/3240 
f 3240/3240/3240 3241/3241/3241 3239/3239/3239 
f 3240/3240/3240 3242/3242/3242 3241/3241/3241 
f 3242/3242/3242 3243/3243/3243 3241/3241/3241 
f 3242/3242/3242 3244/3244/3244 3243/3243/3243 
f 3244/3244/3244 3245/3245/3245 3243/3243/3243 
f 3246/3246/3246 3247/3247/3247 3248/3248/3248 
f 3248/3248/3248 3249/3249/3249 3246/3246/3246 
f 3250/3250/3250 3251/3251/3251 3252/3252/3252 
f 3253/3253/3253 3254/3254/3254 3255/3255/3255 
f 3256/3256/3256 3257/3257/3257 3258/3258/3258 
f 3259/3259/3259 3260/3260/3260 3261/3261/3261 
f 3263/3263/3263 3264/3264/3264 3265/3265/3265 
f 3263/3263/3263 3265/3265/3265 3266/3266/3266 
f 3267/3267/3267 3268/3268/3268 3269/3269/3269 
f 3270/3270/3270 3271/3271/3271 3272/3272/3272 
f 3274/3274/3274 3275/3275/3275 3276/3276/3276 
f 3274/3274/3274 3276/3276/3276 3277/3277/3277 
f 3278/3278/3278 3279/3279/3279 3280/3280/3280 
f 3281/3281/3281 3282/3282/3282 3283/3283/3283 
f 3285/3285/3285 3286/3286/3286 3287/3287/3287 
f 3286/3286/3286 3285/3285/3285 3288/3288/3288 
f 3288/3288/3288 3285/3285/3285 3289/3289/3289 
f 3289/3289/3289 3290/3290/3290 3288/3288/3288 
f 3288/3288/3288 3290/3290/3290 3291/3291/3291 
f 3290/3290/3290 3289/3289/3289 3292/3292/3292 
f 3291/3291/3291 3290/3290/3290 3293/3293/3293 
f 3294/3294/3294 3291/3291/3291 3293/3293/3293 
f 3293/3293/3293 3295/3295/3295 3294/3294/3294 
f 3290/3290/3290 3292/3292/3292 3296/3296/3296 
f 3292/3292/3292 3297/3297/3297 3296/3296/3296 
f 3297/3297/3297 3292/3292/3292 3298/3298/3298 
f 3299/3299/3299 3300/3300/3300 3301/3301/3301 
f 3301/3301/3301 3302/3302/3302 3299/3299/3299 
f 3306/3306/3306 3307/3307/3307 3303/3303/3303 
f 3306/3306/3306 3308/3308/3308 3307/3307/3307 
f 3304/3304/3304 3305/3305/3305 3309/3309/3309 
f 3312/3312/3312 3310/3310/3310 3311/3311/3311 
f 3310/3310/3310 3312/3312/3312 3313/3313/3313 
f 3316/3316/3316 3314/3314/3314 3315/3315/3315 
f 3314/3314/3314 3316/3316/3316 3317/3317/3317 
f 3318/3318/3318 3319/3319/3319 3320/3320/3320 
f 3321/3321/3321 3322/3322/3322 3323/3323/3323 
f 3324/3324/3324 3325/3325/3325 3326/3326/3326 
f 3325/3325/3325 3324/3324/3324 3327/3327/3327 
f 3328/3328/3328 3329/3329/3329 3330/3330/3330 
f 3330/3330/3330 3331/3331/3331 3328/3328/3328 
f 3332/3332/3332 3333/3333/3333 3334/3334/3334 
f 3333/3333/3333 3332/3332/3332 3335/3335/3335 
f 3336/3336/3336 3338/3338/3338 3337/3337/3337 
f 3339/3339/3339 3338/3338/3338 3336/3336/3336 
f 3339/3339/3339 3340/3340/3340 3338/3338/3338 
f 3341/3341/3341 3340/3340/3340 3339/3339/3339 
f 3343/3343/3343 3344/3344/3344 3345/3345/3345 
f 3346/3346/3346 3345/3345/3345 3344/3344/3344 
f 3345/3345/3345 3346/3346/3346 3347/3347/3347 
f 3348/3348/3348 3347/3347/3347 3346/3346/3346 
f 3349/3349/3349 3350/3350/3350 3351/3351/3351 
f 3350/3350/3350 3349/3349/3349 3352/3352/3352 
f 3355/3355/3355 3354/3354/3354 3353/3353/3353 
f 3354/3354/3354 3355/3355/3355 3356/3356/3356 
f 3357/3357/3357 3356/3356/3356 3355/3355/3355 
f 3356/3356/3356 3357/3357/3357 3358/3358/3358 
f 3360/3360/3360 3361/3361/3361 3362/3362/3362 
f 3361/3361/3361 3360/3360/3360 3363/3363/3363 
f 3364/3364/3364 3365/3365/3365 3366/3366/3366 
f 3365/3365/3365 3364/3364/3364 3367/3367/3367 
f 3368/3368/3368 3369/3369/3369 3370/3370/3370 
f 3371/3371/3371 3372/3372/3372 3368/3368/3368 
f 3372/3372/3372 3371/3371/3371 3373/3373/3373 
f 3375/3375/3375 3376/3376/3376 3377/3377/3377 
f 3375/3375/3375 3377/3377/3377 3378/3378/3378 
f 3379/3379/3379 3380/3380/3380 3381/3381/3381 
f 3380/3380/3380 3379/3379/3379 3382/3382/3382 
f 3383/3383/3383 3384/3384/3384 3385/3385/3385 
f 3384/3384/3384 3383/3383/3383 3386/3386/3386 
f 3387/3387/3387 3388/3388/3388 3389/3389/3389 
f 3390/3390/3390 3389/3389/3389 3388/3388/3388 
f 3389/3389/3389 3390/3390/3390 3391/3391/3391 
f 3392/3392/3392 3391/3391/3391 3390/3390/3390 
f 3394/3394/3394 3395/3395/3395 3396/3396/3396 
f 3395/3395/3395 3394/3394/3394 3397/3397/3397 
f 3398/3398/3398 3399/3399/3399 3400/3400/3400 
f 3401/3401/3401 3402/3402/3402 3403/3403/3403 
f 3404/3404/3404 3405/3405/3405 3406/3406/3406 
f 3404/3404/3404 3406/3406/3406 3407/3407/3407 
f 3408/3408/3408 3409/3409/3409 3410/3410/3410 
f 3409/3409/3409 3408/3408/3408 3411/3411/3411 
f 3412/3412/3412 3413/3413/3413 3414/3414/3414 
f 3413/3413/3413 3412/3412/3412 3415/3415/3415 
f 3416/3416/3416 3417/3417/3417 3418/3418/3418 
f 3419/3419/3419 3420/3420/3420 3421/3421/3421 
f 3422/3422/3422 3423/3423/3423 3424/3424/3424 
f 3425/3425/3425 3424/3424/3424 3423/3423/3423 
f 3424/3424/3424 3425/3425/3425 3426/3426/3426 
f 3427/3427/3427 3426/3426/3426 3425/3425/3425 
f 3432/3432/3432 3433/3433/3433 3434/3434/3434 
f 3433/3433/3433 3432/3432/3432 3435/3435/3435 
f 3436/3436/3436 3437/3437/3437 3438/3438/3438 
f 3437/3437/3437 3436/3436/3436 3439/3439/3439 
f 3442/3442/3442 3441/3441/3441 3443/3443/3443 
f 3442/3442/3442 3443/3443/3443 3444/3444/3444 
f 3444/3444/3444 3443/3443/3443 3445/3445/3445 
f 3444/3444/3444 3445/3445/3445 3446/3446/3446 
f 3447/3447/3447 3448/3448/3448 3449/3449/3449 
f 3448/3448/3448 3447/3447/3447 3450/3450/3450 
f 3451/3451/3451 3449/3449/3449 3448/3448/3448 
f 3452/3452/3452 3450/3450/3450 3447/3447/3447 
f 3449/3449/3449 3451/3451/3451 3453/3453/3453 
f 3450/3450/3450 3452/3452/3452 3454/3454/3454 
f 3455/3455/3455 3453/3453/3453 3451/3451/3451 
f 3456/3456/3456 3454/3454/3454 3452/3452/3452 
f 3455/3455/3455 3451/3451/3451 3457/3457/3457 
f 3454/3454/3454 3456/3456/3456 3458/3458/3458 
f 3459/3459/3459 3458/3458/3458 3456/3456/3456 
f 3458/3458/3458 3459/3459/3459 3460/3460/3460 
f 3457/3457/3457 3461/3461/3461 3455/3455/3455 
f 3461/3461/3461 3457/3457/3457 3462/3462/3462 
f 3463/3463/3463 3461/3461/3461 3462/3462/3462 
f 3462/3462/3462 3464/3464/3464 3463/3463/3463 
f 3466/3466/3466 3467/3467/3467 3465/3465/3465 
f 3468/3468/3468 3469/3469/3469 3470/3470/3470 
f 3470/3470/3470 3471/3471/3471 3468/3468/3468 
f 3474/3474/3474 3475/3475/3475 3473/3473/3473 
f 3475/3475/3475 3474/3474/3474 3476/3476/3476 
f 3478/3478/3478 3479/3479/3479 3477/3477/3477 
f 3479/3479/3479 3478/3478/3478 3480/3480/3480 
f 3481/3481/3481 3482/3482/3482 3483/3483/3483 
f 3482/3482/3482 3481/3481/3481 3484/3484/3484 
f 3483/3483/3483 3485/3485/3485 3481/3481/3481 
f 3485/3485/3485 3483/3483/3483 3486/3486/3486 
f 3491/3491/3491 3492/3492/3492 3493/3493/3493 
f 3493/3493/3493 3494/3494/3494 3491/3491/3491 
f 3498/3498/3498 3497/3497/3497 3496/3496/3496 
f 3498/3498/3498 3499/3499/3499 3497/3497/3497 
f 3500/3500/3500 3499/3499/3499 3498/3498/3498 
f 3500/3500/3500 3501/3501/3501 3499/3499/3499 
f 3504/3504/3504 3503/3503/3503 3502/3502/3502 
f 3504/3504/3504 3505/3505/3505 3503/3503/3503 
f 3506/3506/3506 3505/3505/3505 3504/3504/3504 
f 3506/3506/3506 3507/3507/3507 3505/3505/3505 
f 3508/3508/3508 3509/3509/3509 3510/3510/3510 
f 3511/3511/3511 3512/3512/3512 3513/3513/3513 
f 3514/3514/3514 3515/3515/3515 3516/3516/3516 
f 3515/3515/3515 3514/3514/3514 3517/3517/3517 
f 3519/3519/3519 3520/3520/3520 3521/3521/3521 
f 3522/3522/3522 3521/3521/3521 3520/3520/3520 
f 3521/3521/3521 3522/3522/3522 3523/3523/3523 
f 3524/3524/3524 3523/3523/3523 3522/3522/3522 
f 3526/3526/3526 3527/3527/3527 3528/3528/3528 
f 3527/3527/3527 3526/3526/3526 3529/3529/3529 
f 3530/3530/3530 3531/3531/3531 3532/3532/3532 
f 3531/3531/3531 3530/3530/3530 3533/3533/3533 
f 3534/3534/3534 3535/3535/3535 3536/3536/3536 
f 3535/3535/3535 3534/3534/3534 3537/3537/3537 
f 3537/3537/3537 3534/3534/3534 3538/3538/3538 
f 3539/3539/3539 3538/3538/3538 3534/3534/3534 
f 3540/3540/3540 3541/3541/3541 3542/3542/3542 
f 3541/3541/3541 3540/3540/3540 3543/3543/3543 
f 3544/3544/3544 3545/3545/3545 3546/3546/3546 
f 3547/3547/3547 3544/3544/3544 3546/3546/3546 
f 3545/3545/3545 3544/3544/3544 3548/3548/3548 
f 3544/3544/3544 3547/3547/3547 3549/3549/3549 
f 3550/3550/3550 3551/3551/3551 3552/3552/3552 
f 3551/3551/3551 3550/3550/3550 3553/3553/3553 
f 3554/3554/3554 3555/3555/3555 3556/3556/3556 
f 3557/3557/3557 3558/3558/3558 3559/3559/3559 
f 3561/3561/3561 3562/3562/3562 3563/3563/3563 
f 3563/3563/3563 3564/3564/3564 3561/3561/3561 
f 3565/3565/3565 3561/3561/3561 3564/3564/3564 
f 3561/3561/3561 3565/3565/3565 3566/3566/3566 
f 3569/3569/3569 3568/3568/3568 3567/3567/3567 
f 3568/3568/3568 3569/3569/3569 3570/3570/3570 
f 3569/3569/3569 3571/3571/3571 3570/3570/3570 
f 3569/3569/3569 3572/3572/3572 3571/3571/3571 
f 3573/3573/3573 3574/3574/3574 3575/3575/3575 
f 3574/3574/3574 3573/3573/3573 3576/3576/3576 
f 3577/3577/3577 3578/3578/3578 3579/3579/3579 
f 3578/3578/3578 3577/3577/3577 3580/3580/3580 
f 3583/3583/3583 3582/3582/3582 3581/3581/3581 
f 3581/3581/3581 3584/3584/3584 3583/3583/3583 
f 3585/3585/3585 3583/3583/3583 3584/3584/3584 
f 3583/3583/3583 3585/3585/3585 3586/3586/3586 
f 3588/3588/3588 3589/3589/3589 3587/3587/3587 
f 3589/3589/3589 3588/3588/3588 3590/3590/3590 
f 3591/3591/3591 3593/3593/3593 3592/3592/3592 
f 3593/3593/3593 3591/3591/3591 3594/3594/3594 

